query_year,query_city,variation_id,authority_unit,verification_result,variation_type,longitude,latitude,is_violation,source_url,scraped_at,raw_data_json,marker_icon,raw_data_hash
115,基隆市,AC0211504003,基隆市,非違規,其他,121.675110069220000,25.097704411933000,false,https://landchg.nlma.gov.tw/Module/RWD/Web/pub_exhibit.aspx,2026-05-12T08:46:32+08:00,"{""fields"": {""查證結果"": ""非違規"", ""權責單位"": ""基隆市"", ""變異類型"": ""其他"", ""變異點編號"": ""AC0211504003""}, ""latitude"": ""25.097704411933000"", ""longitude"": ""121.675110069220000"", ""marker_icon"": ""chg.png"", ""query_city"": ""基隆市"", ""query_year"": ""115"", ""raw_desc_html"": ""變異點編號：AC0211504003<br/>權責單位：基隆市<br/>查證結果：非違規<br/>變異類型：其他""}",chg.png,16719905a92d156b73b00b29318746c4d15910fed0b28cd47d4d138dd4cb4d22
115,基隆市,AC0211503001,基隆市,非違規,一般農業使用(含農地水土保持、農業設施、民眾闢設道路等開發案件),121.682323475718000,25.139320141706000,false,https://landchg.nlma.gov.tw/Module/RWD/Web/pub_exhibit.aspx,2026-05-12T08:46:32+08:00,"{""fields"": {""查證結果"": ""非違規"", ""權責單位"": ""基隆市"", ""變異類型"": ""一般農業使用(含農地水土保持、農業設施、民眾闢設道路等開發案件)"", ""變異點編號"": ""AC0211503001""}, ""latitude"": ""25.139320141706000"", ""longitude"": ""121.682323475718000"", ""marker_icon"": ""chg.png"", ""query_city"": ""基隆市"", ""query_year"": ""115"", ""raw_desc_html"": ""變異點編號：AC0211503001<br/>權責單位：基隆市<br/>查證結果：非違規<br/>變異類型：一般農業使用(含農地水土保持、農業設施、民眾闢設道路等開發案件)""}",chg.png,8b0dcdfb662773910260686b45da34d0eca9aa38e74d416b98e26195847031bb
115,基隆市,AC0211504001,基隆市,非違規,休閒農業開發案件,121.684664116911000,25.141032367207500,false,https://landchg.nlma.gov.tw/Module/RWD/Web/pub_exhibit.aspx,2026-05-12T08:46:32+08:00,"{""fields"": {""查證結果"": ""非違規"", ""權責單位"": ""基隆市"", ""變異類型"": ""休閒農業開發案件"", ""變異點編號"": ""AC0211504001""}, ""latitude"": ""25.141032367207500"", ""longitude"": ""121.684664116911000"", ""marker_icon"": ""chg.png"", ""query_city"": ""基隆市"", ""query_year"": ""115"", ""raw_desc_html"": ""變異點編號：AC0211504001<br/>權責單位：基隆市<br/>查證結果：非違規<br/>變異類型：休閒農業開發案件""}",chg.png,c286b8cbf16739742c37203fa0f235f0663289989b3638ff768fe80ab7653b51
115,基隆市,AC0211503002,基隆市,違規,修建道路或溝渠(含鐵、公路),121.687786339082000,25.074601041575400,true,https://landchg.nlma.gov.tw/Module/RWD/Web/pub_exhibit.aspx,2026-05-12T08:46:32+08:00,"{""fields"": {""查證結果"": ""違規"", ""權責單位"": ""基隆市"", ""變異類型"": ""修建道路或溝渠(含鐵、公路)"", ""變異點編號"": ""AC0211503002""}, ""latitude"": ""25.074601041575400"", ""longitude"": ""121.687786339082000"", ""marker_icon"": ""chg_red.png"", ""query_city"": ""基隆市"", ""query_year"": ""115"", ""raw_desc_html"": ""變異點編號：AC0211503002<br/>權責單位：基隆市<br/>查證結果：違規<br/>變異類型：修建道路或溝渠(含鐵、公路)""}",chg_red.png,0f82ef7bf9d69d542be13ff01a5b56c3a5ccb5b2f5b2e0ee3b51be8004076e2b
115,基隆市,AC0211503003,基隆市,非違規,治山防災工程,121.697826742743000,25.096269633170700,false,https://landchg.nlma.gov.tw/Module/RWD/Web/pub_exhibit.aspx,2026-05-12T08:46:32+08:00,"{""fields"": {""查證結果"": ""非違規"", ""權責單位"": ""基隆市"", ""變異類型"": ""治山防災工程"", ""變異點編號"": ""AC0211503003""}, ""latitude"": ""25.096269633170700"", ""longitude"": ""121.697826742743000"", ""marker_icon"": ""chg.png"", ""query_city"": ""基隆市"", ""query_year"": ""115"", ""raw_desc_html"": ""變異點編號：AC0211503003<br/>權責單位：基隆市<br/>查證結果：非違規<br/>變異類型：治山防災工程""}",chg.png,4c44321971859590c8f47731fbd57cab5dede4864d2d1273f71d6c99f61484d3
115,基隆市,21011503007,第十河川分署,已知工程,工程施作,121.703338434015000,25.095457380530400,false,https://landchg.nlma.gov.tw/Module/RWD/Web/pub_exhibit.aspx,2026-05-12T08:46:32+08:00,"{""fields"": {""查證結果"": ""已知工程"", ""權責單位"": ""第十河川分署"", ""變異類型"": ""工程施作"", ""變異點編號"": ""21011503007""}, ""latitude"": ""25.095457380530400"", ""longitude"": ""121.703338434015000"", ""marker_icon"": ""chg.png"", ""query_city"": ""基隆市"", ""query_year"": ""115"", ""raw_desc_html"": ""變異點編號：21011503007<br/>權責單位：第十河川分署<br/>查證結果：已知工程<br/>變異類型：工程施作""}",chg.png,603726a864bf749ae8c8ee9fb3ac9ec7fba1c0cdb993115f8e4cff1d34c953d3
115,基隆市,AC0211504004,基隆市,非違規,其他,121.703556967430000,25.092672007815800,false,https://landchg.nlma.gov.tw/Module/RWD/Web/pub_exhibit.aspx,2026-05-12T08:46:32+08:00,"{""fields"": {""查證結果"": ""非違規"", ""權責單位"": ""基隆市"", ""變異類型"": ""其他"", ""變異點編號"": ""AC0211504004""}, ""latitude"": ""25.092672007815800"", ""longitude"": ""121.703556967430000"", ""marker_icon"": ""chg.png"", ""query_city"": ""基隆市"", ""query_year"": ""115"", ""raw_desc_html"": ""變異點編號：AC0211504004<br/>權責單位：基隆市<br/>查證結果：非違規<br/>變異類型：其他""}",chg.png,a9ce4813885d59b59a8675b65d631b87f883f07691abe8b506f62aa9ec85fde7
115,基隆市,AC0611504011,基隆市,非違規,非農業核准開發案件,121.709382158222000,25.137527345427400,false,https://landchg.nlma.gov.tw/Module/RWD/Web/pub_exhibit.aspx,2026-05-12T08:46:32+08:00,"{""fields"": {""查證結果"": ""非違規"", ""權責單位"": ""基隆市"", ""變異類型"": ""非農業核准開發案件"", ""變異點編號"": ""AC0611504011""}, ""latitude"": ""25.137527345427400"", ""longitude"": ""121.709382158222000"", ""marker_icon"": ""chg.png"", ""query_city"": ""基隆市"", ""query_year"": ""115"", ""raw_desc_html"": ""變異點編號：AC0611504011<br/>權責單位：基隆市<br/>查證結果：非違規<br/>變異類型：非農業核准開發案件""}",chg.png,1fbeff503644610aeab269364b72c5b5f053bc02c465195ed4f7bf8706c022f4
115,基隆市,AC0211504002,基隆市,非違規,其他,121.714295804270000,25.119658666665100,false,https://landchg.nlma.gov.tw/Module/RWD/Web/pub_exhibit.aspx,2026-05-12T08:46:32+08:00,"{""fields"": {""查證結果"": ""非違規"", ""權責單位"": ""基隆市"", ""變異類型"": ""其他"", ""變異點編號"": ""AC0211504002""}, ""latitude"": ""25.119658666665100"", ""longitude"": ""121.714295804270000"", ""marker_icon"": ""chg.png"", ""query_city"": ""基隆市"", ""query_year"": ""115"", ""raw_desc_html"": ""變異點編號：AC0211504002<br/>權責單位：基隆市<br/>查證結果：非違規<br/>變異類型：其他""}",chg.png,e4c763b73106b88fd99125a4cc37a38ae2d2a6670a7f663a6b15e5327321d980
115,基隆市,AC0611504012,基隆市,非違規,其他,121.715247829318000,25.128878197415900,false,https://landchg.nlma.gov.tw/Module/RWD/Web/pub_exhibit.aspx,2026-05-12T08:46:32+08:00,"{""fields"": {""查證結果"": ""非違規"", ""權責單位"": ""基隆市"", ""變異類型"": ""其他"", ""變異點編號"": ""AC0611504012""}, ""latitude"": ""25.128878197415900"", ""longitude"": ""121.715247829318000"", ""marker_icon"": ""chg.png"", ""query_city"": ""基隆市"", ""query_year"": ""115"", ""raw_desc_html"": ""變異點編號：AC0611504012<br/>權責單位：基隆市<br/>查證結果：非違規<br/>變異類型：其他""}",chg.png,feef4663f6b2ca4e5602ccd1b15d87708ce404e575197082ebf6290a3b72ab48
115,基隆市,AC0611503007,基隆市,非違規,非農業核准開發案件,121.716992548845000,25.122325431222300,false,https://landchg.nlma.gov.tw/Module/RWD/Web/pub_exhibit.aspx,2026-05-12T08:46:32+08:00,"{""fields"": {""查證結果"": ""非違規"", ""權責單位"": ""基隆市"", ""變異類型"": ""非農業核准開發案件"", ""變異點編號"": ""AC0611503007""}, ""latitude"": ""25.122325431222300"", ""longitude"": ""121.716992548845000"", ""marker_icon"": ""chg.png"", ""query_city"": ""基隆市"", ""query_year"": ""115"", ""raw_desc_html"": ""變異點編號：AC0611503007<br/>權責單位：基隆市<br/>查證結果：非違規<br/>變異類型：非農業核准開發案件""}",chg.png,f59ce2ae4c979b51d5fe644797bc1012bb790c5bc292c67dacc231328aa1d743
115,基隆市,AC0611501001,基隆市,非違規,非農業核准開發案件,121.717574141032000,25.151873632761000,false,https://landchg.nlma.gov.tw/Module/RWD/Web/pub_exhibit.aspx,2026-05-12T08:46:32+08:00,"{""fields"": {""查證結果"": ""非違規"", ""權責單位"": ""基隆市"", ""變異類型"": ""非農業核准開發案件"", ""變異點編號"": ""AC0611501001""}, ""latitude"": ""25.151873632761000"", ""longitude"": ""121.717574141032000"", ""marker_icon"": ""chg.png"", ""query_city"": ""基隆市"", ""query_year"": ""115"", ""raw_desc_html"": ""變異點編號：AC0611501001<br/>權責單位：基隆市<br/>查證結果：非違規<br/>變異類型：非農業核准開發案件""}",chg.png,dad9bd78ab70a1300ec1d51242aecda4f4633a725e450538806dbe4a2cc6a73c
115,基隆市,C0211504001,基隆市,非違規,其他,121.718760301057000,25.101026321464500,false,https://landchg.nlma.gov.tw/Module/RWD/Web/pub_exhibit.aspx,2026-05-12T08:46:32+08:00,"{""fields"": {""查證結果"": ""非違規"", ""權責單位"": ""基隆市"", ""變異類型"": ""其他"", ""變異點編號"": ""C0211504001""}, ""latitude"": ""25.101026321464500"", ""longitude"": ""121.718760301057000"", ""marker_icon"": ""chg.png"", ""query_city"": ""基隆市"", ""query_year"": ""115"", ""raw_desc_html"": ""變異點編號：C0211504001<br/>權責單位：基隆市<br/>查證結果：非違規<br/>變異類型：其他""}",chg.png,c763644d731b4c6f349541810ca1fdfe490195fcc914a51c59a400ef42d049e1
115,基隆市,AC0511504009,基隆市,非違規,平地範圍,121.719777175657000,25.158907631940300,false,https://landchg.nlma.gov.tw/Module/RWD/Web/pub_exhibit.aspx,2026-05-12T08:46:32+08:00,"{""fields"": {""查證結果"": ""非違規"", ""權責單位"": ""基隆市"", ""變異類型"": ""平地範圍"", ""變異點編號"": ""AC0511504009""}, ""latitude"": ""25.158907631940300"", ""longitude"": ""121.719777175657000"", ""marker_icon"": ""chg.png"", ""query_city"": ""基隆市"", ""query_year"": ""115"", ""raw_desc_html"": ""變異點編號：AC0511504009<br/>權責單位：基隆市<br/>查證結果：非違規<br/>變異類型：平地範圍""}",chg.png,be1b57d16e7e1b5bd6725b9667b6ff25cabee097f8d0b7adfb0c21919bb84377
115,基隆市,AC0211504005,基隆市,非違規,其他,121.720973697764000,25.093985014437100,false,https://landchg.nlma.gov.tw/Module/RWD/Web/pub_exhibit.aspx,2026-05-12T08:46:32+08:00,"{""fields"": {""查證結果"": ""非違規"", ""權責單位"": ""基隆市"", ""變異類型"": ""其他"", ""變異點編號"": ""AC0211504005""}, ""latitude"": ""25.093985014437100"", ""longitude"": ""121.720973697764000"", ""marker_icon"": ""chg.png"", ""query_city"": ""基隆市"", ""query_year"": ""115"", ""raw_desc_html"": ""變異點編號：AC0211504005<br/>權責單位：基隆市<br/>查證結果：非違規<br/>變異類型：其他""}",chg.png,c41cdd6a3b43b916f581d5aa2a7d4e38b9a0447dc0488b07a7bd8fe1394fce59
115,基隆市,AC0211504006,基隆市,非違規,自然裸露地,121.724578555362000,25.089118639985500,false,https://landchg.nlma.gov.tw/Module/RWD/Web/pub_exhibit.aspx,2026-05-12T08:46:32+08:00,"{""fields"": {""查證結果"": ""非違規"", ""權責單位"": ""基隆市"", ""變異類型"": ""自然裸露地"", ""變異點編號"": ""AC0211504006""}, ""latitude"": ""25.089118639985500"", ""longitude"": ""121.724578555362000"", ""marker_icon"": ""chg.png"", ""query_city"": ""基隆市"", ""query_year"": ""115"", ""raw_desc_html"": ""變異點編號：AC0211504006<br/>權責單位：基隆市<br/>查證結果：非違規<br/>變異類型：自然裸露地""}",chg.png,f697494c6dbcd564c6a56560a47dd14e7d6af11657f98d2f1139555907368376
115,基隆市,AC0511503006,基隆市,非違規,其他,121.730757964715000,25.157643440934600,false,https://landchg.nlma.gov.tw/Module/RWD/Web/pub_exhibit.aspx,2026-05-12T08:46:32+08:00,"{""fields"": {""查證結果"": ""非違規"", ""權責單位"": ""基隆市"", ""變異類型"": ""其他"", ""變異點編號"": ""AC0511503006""}, ""latitude"": ""25.157643440934600"", ""longitude"": ""121.730757964715000"", ""marker_icon"": ""chg.png"", ""query_city"": ""基隆市"", ""query_year"": ""115"", ""raw_desc_html"": ""變異點編號：AC0511503006<br/>權責單位：基隆市<br/>查證結果：非違規<br/>變異類型：其他""}",chg.png,d1c17be9e80f9811cd8d257bc91958802c557f880863e1ed27c8c2e2476de1c5
115,基隆市,AC0311504014,基隆市,非違規,其他,121.735357293535000,25.102501239490300,false,https://landchg.nlma.gov.tw/Module/RWD/Web/pub_exhibit.aspx,2026-05-12T08:46:32+08:00,"{""fields"": {""查證結果"": ""非違規"", ""權責單位"": ""基隆市"", ""變異類型"": ""其他"", ""變異點編號"": ""AC0311504014""}, ""latitude"": ""25.102501239490300"", ""longitude"": ""121.735357293535000"", ""marker_icon"": ""chg.png"", ""query_city"": ""基隆市"", ""query_year"": ""115"", ""raw_desc_html"": ""變異點編號：AC0311504014<br/>權責單位：基隆市<br/>查證結果：非違規<br/>變異類型：其他""}",chg.png,3ad13d505b81e325f1b5ba781637e4f57310e0e6a199d8f21b0303741e8533f8
115,基隆市,AC0511504010,基隆市,非違規,平地範圍,121.737460201039000,25.133970302637400,false,https://landchg.nlma.gov.tw/Module/RWD/Web/pub_exhibit.aspx,2026-05-12T08:46:32+08:00,"{""fields"": {""查證結果"": ""非違規"", ""權責單位"": ""基隆市"", ""變異類型"": ""平地範圍"", ""變異點編號"": ""AC0511504010""}, ""latitude"": ""25.133970302637400"", ""longitude"": ""121.737460201039000"", ""marker_icon"": ""chg.png"", ""query_city"": ""基隆市"", ""query_year"": ""115"", ""raw_desc_html"": ""變異點編號：AC0511504010<br/>權責單位：基隆市<br/>查證結果：非違規<br/>變異類型：平地範圍""}",chg.png,f3d4dbf500e2aa5835f0e78c4a744400ed6156ecbce73be67229b3451c6de157
115,基隆市,AC0311504013,基隆市,非違規,非農業核准開發案件,121.746073201855000,25.103529468953200,false,https://landchg.nlma.gov.tw/Module/RWD/Web/pub_exhibit.aspx,2026-05-12T08:46:32+08:00,"{""fields"": {""查證結果"": ""非違規"", ""權責單位"": ""基隆市"", ""變異類型"": ""非農業核准開發案件"", ""變異點編號"": ""AC0311504013""}, ""latitude"": ""25.103529468953200"", ""longitude"": ""121.746073201855000"", ""marker_icon"": ""chg.png"", ""query_city"": ""基隆市"", ""query_year"": ""115"", ""raw_desc_html"": ""變異點編號：AC0311504013<br/>權責單位：基隆市<br/>查證結果：非違規<br/>變異類型：非農業核准開發案件""}",chg.png,fefcb887379a6cfb28609ffcf4d7a40138809d5a59cda67d734337855994da0e
115,基隆市,AC0311503008,基隆市,非違規,非農業核准開發案件,121.750383083636000,25.107875190827500,false,https://landchg.nlma.gov.tw/Module/RWD/Web/pub_exhibit.aspx,2026-05-12T08:46:32+08:00,"{""fields"": {""查證結果"": ""非違規"", ""權責單位"": ""基隆市"", ""變異類型"": ""非農業核准開發案件"", ""變異點編號"": ""AC0311503008""}, ""latitude"": ""25.107875190827500"", ""longitude"": ""121.750383083636000"", ""marker_icon"": ""chg.png"", ""query_city"": ""基隆市"", ""query_year"": ""115"", ""raw_desc_html"": ""變異點編號：AC0311503008<br/>權責單位：基隆市<br/>查證結果：非違規<br/>變異類型：非農業核准開發案件""}",chg.png,a65af10c14a99697486ac20268a48a79ee5c6ee1e6dba0ef07caaede25679e78
115,基隆市,AC0311504015,基隆市,非違規,非農業核准開發案件,121.750750251048000,25.107313698748200,false,https://landchg.nlma.gov.tw/Module/RWD/Web/pub_exhibit.aspx,2026-05-12T08:46:32+08:00,"{""fields"": {""查證結果"": ""非違規"", ""權責單位"": ""基隆市"", ""變異類型"": ""非農業核准開發案件"", ""變異點編號"": ""AC0311504015""}, ""latitude"": ""25.107313698748200"", ""longitude"": ""121.750750251048000"", ""marker_icon"": ""chg.png"", ""query_city"": ""基隆市"", ""query_year"": ""115"", ""raw_desc_html"": ""變異點編號：AC0311504015<br/>權責單位：基隆市<br/>查證結果：非違規<br/>變異類型：非農業核准開發案件""}",chg.png,d79b7ab7bda8e89d9c066362f2c191363ab813902545f901228e8a0d45ba8b44
115,基隆市,AC0111504008,基隆市,非違規,其他,121.755012704558000,25.139076578662900,false,https://landchg.nlma.gov.tw/Module/RWD/Web/pub_exhibit.aspx,2026-05-12T08:46:32+08:00,"{""fields"": {""查證結果"": ""非違規"", ""權責單位"": ""基隆市"", ""變異類型"": ""其他"", ""變異點編號"": ""AC0111504008""}, ""latitude"": ""25.139076578662900"", ""longitude"": ""121.755012704558000"", ""marker_icon"": ""chg.png"", ""query_city"": ""基隆市"", ""query_year"": ""115"", ""raw_desc_html"": ""變異點編號：AC0111504008<br/>權責單位：基隆市<br/>查證結果：非違規<br/>變異類型：其他""}",chg.png,99a10ef660b51ef8e5ffc0ef502f43a2f6832955780b63032534e5a019c291f0
115,基隆市,AC0711504018,基隆市,違規,其他開挖整地,121.759283610497000,25.114913711530700,true,https://landchg.nlma.gov.tw/Module/RWD/Web/pub_exhibit.aspx,2026-05-12T08:46:32+08:00,"{""fields"": {""查證結果"": ""違規"", ""權責單位"": ""基隆市"", ""變異類型"": ""其他開挖整地"", ""變異點編號"": ""AC0711504018""}, ""latitude"": ""25.114913711530700"", ""longitude"": ""121.759283610497000"", ""marker_icon"": ""chg_red.png"", ""query_city"": ""基隆市"", ""query_year"": ""115"", ""raw_desc_html"": ""變異點編號：AC0711504018<br/>權責單位：基隆市<br/>查證結果：違規<br/>變異類型：其他開挖整地""}",chg_red.png,c1c21748a9e2ed134d07c6ca489588dc73dc3695f14614aa6a549d43b5dadfa8
115,基隆市,AC0711504019,基隆市,非違規,非農業核准開發案件,121.763719606818000,25.121403560744500,false,https://landchg.nlma.gov.tw/Module/RWD/Web/pub_exhibit.aspx,2026-05-12T08:46:32+08:00,"{""fields"": {""查證結果"": ""非違規"", ""權責單位"": ""基隆市"", ""變異類型"": ""非農業核准開發案件"", ""變異點編號"": ""AC0711504019""}, ""latitude"": ""25.121403560744500"", ""longitude"": ""121.763719606818000"", ""marker_icon"": ""chg.png"", ""query_city"": ""基隆市"", ""query_year"": ""115"", ""raw_desc_html"": ""變異點編號：AC0711504019<br/>權責單位：基隆市<br/>查證結果：非違規<br/>變異類型：非農業核准開發案件""}",chg.png,f4bd9c4a606630e7e73ad312e3b971d864466b43245743da8a56394714ea776f
115,基隆市,AC0711503009,基隆市,非違規,非農業核准開發案件,121.764260948289000,25.134436107604700,false,https://landchg.nlma.gov.tw/Module/RWD/Web/pub_exhibit.aspx,2026-05-12T08:46:32+08:00,"{""fields"": {""查證結果"": ""非違規"", ""權責單位"": ""基隆市"", ""變異類型"": ""非農業核准開發案件"", ""變異點編號"": ""AC0711503009""}, ""latitude"": ""25.134436107604700"", ""longitude"": ""121.764260948289000"", ""marker_icon"": ""chg.png"", ""query_city"": ""基隆市"", ""query_year"": ""115"", ""raw_desc_html"": ""變異點編號：AC0711503009<br/>權責單位：基隆市<br/>查證結果：非違規<br/>變異類型：非農業核准開發案件""}",chg.png,91397abf41950c349d9ad685d48448116608ecd2ed8710a5a188be4059572934
115,基隆市,AC0711503010,基隆市,非違規,非農業核准開發案件,121.767064622585000,25.121082758501400,false,https://landchg.nlma.gov.tw/Module/RWD/Web/pub_exhibit.aspx,2026-05-12T08:46:32+08:00,"{""fields"": {""查證結果"": ""非違規"", ""權責單位"": ""基隆市"", ""變異類型"": ""非農業核准開發案件"", ""變異點編號"": ""AC0711503010""}, ""latitude"": ""25.121082758501400"", ""longitude"": ""121.767064622585000"", ""marker_icon"": ""chg.png"", ""query_city"": ""基隆市"", ""query_year"": ""115"", ""raw_desc_html"": ""變異點編號：AC0711503010<br/>權責單位：基隆市<br/>查證結果：非違規<br/>變異類型：非農業核准開發案件""}",chg.png,5aab535b17ef816db2540150765c9ecea6fce0b4cc55470033e3956212864fc6
115,基隆市,AC0711504017,基隆市,違規,堆積土石,121.779114421393000,25.125654590017700,true,https://landchg.nlma.gov.tw/Module/RWD/Web/pub_exhibit.aspx,2026-05-12T08:46:32+08:00,"{""fields"": {""查證結果"": ""違規"", ""權責單位"": ""基隆市"", ""變異類型"": ""堆積土石"", ""變異點編號"": ""AC0711504017""}, ""latitude"": ""25.125654590017700"", ""longitude"": ""121.779114421393000"", ""marker_icon"": ""chg_red.png"", ""query_city"": ""基隆市"", ""query_year"": ""115"", ""raw_desc_html"": ""變異點編號：AC0711504017<br/>權責單位：基隆市<br/>查證結果：違規<br/>變異類型：堆積土石""}",chg_red.png,50056e4bc6ae611198e104f8dd8684f63870719fb6786f09b8a5187ee0b63043
115,基隆市,C0111504003,基隆市,非違規,軍事用地,121.784562724063000,25.190482829115200,false,https://landchg.nlma.gov.tw/Module/RWD/Web/pub_exhibit.aspx,2026-05-12T08:46:32+08:00,"{""fields"": {""查證結果"": ""非違規"", ""權責單位"": ""基隆市"", ""變異類型"": ""軍事用地"", ""變異點編號"": ""C0111504003""}, ""latitude"": ""25.190482829115200"", ""longitude"": ""121.784562724063000"", ""marker_icon"": ""chg.png"", ""query_city"": ""基隆市"", ""query_year"": ""115"", ""raw_desc_html"": ""變異點編號：C0111504003<br/>權責單位：基隆市<br/>查證結果：非違規<br/>變異類型：軍事用地""}",chg.png,cdc679546f7c63814eb605ac25bd57b53ed9e970fc2b24ebe882eb626144ab48
115,基隆市,C0111504004,基隆市,非違規,軍事用地,121.784662149148000,25.190685647823700,false,https://landchg.nlma.gov.tw/Module/RWD/Web/pub_exhibit.aspx,2026-05-12T08:46:32+08:00,"{""fields"": {""查證結果"": ""非違規"", ""權責單位"": ""基隆市"", ""變異類型"": ""軍事用地"", ""變異點編號"": ""C0111504004""}, ""latitude"": ""25.190685647823700"", ""longitude"": ""121.784662149148000"", ""marker_icon"": ""chg.png"", ""query_city"": ""基隆市"", ""query_year"": ""115"", ""raw_desc_html"": ""變異點編號：C0111504004<br/>權責單位：基隆市<br/>查證結果：非違規<br/>變異類型：軍事用地""}",chg.png,45a4c88c7531905cfb14d2386c93bf5de76fc22ceef342e76a04890504356766
115,基隆市,80111504025,基隆市,非違規,軍事用地,121.784774737299000,25.190665584630700,false,https://landchg.nlma.gov.tw/Module/RWD/Web/pub_exhibit.aspx,2026-05-12T08:46:32+08:00,"{""fields"": {""查證結果"": ""非違規"", ""權責單位"": ""基隆市"", ""變異類型"": ""軍事用地"", ""變異點編號"": ""80111504025""}, ""latitude"": ""25.190665584630700"", ""longitude"": ""121.784774737299000"", ""marker_icon"": ""chg.png"", ""query_city"": ""基隆市"", ""query_year"": ""115"", ""raw_desc_html"": ""變異點編號：80111504025<br/>權責單位：基隆市<br/>查證結果：非違規<br/>變異類型：軍事用地""}",chg.png,6e82fafbd22169179819373df3df1cc51629a5c4c45080e23071df185b363596
115,基隆市,AC0111504007,基隆市,非違規,無道路可到達,121.792052738490000,25.133566203219000,false,https://landchg.nlma.gov.tw/Module/RWD/Web/pub_exhibit.aspx,2026-05-12T08:46:32+08:00,"{""fields"": {""查證結果"": ""非違規"", ""權責單位"": ""基隆市"", ""變異類型"": ""無道路可到達"", ""變異點編號"": ""AC0111504007""}, ""latitude"": ""25.133566203219000"", ""longitude"": ""121.792052738490000"", ""marker_icon"": ""chg.png"", ""query_city"": ""基隆市"", ""query_year"": ""115"", ""raw_desc_html"": ""變異點編號：AC0111504007<br/>權責單位：基隆市<br/>查證結果：非違規<br/>變異類型：無道路可到達""}",chg.png,7ae8e1a3ee313281acd52852fd3183208b86599f5ba727b526655bb1361387cc
115,基隆市,AC0711503011,基隆市,違規,堆積土石,121.796021716418000,25.117596606493700,true,https://landchg.nlma.gov.tw/Module/RWD/Web/pub_exhibit.aspx,2026-05-12T08:46:32+08:00,"{""fields"": {""查證結果"": ""違規"", ""權責單位"": ""基隆市"", ""變異類型"": ""堆積土石"", ""變異點編號"": ""AC0711503011""}, ""latitude"": ""25.117596606493700"", ""longitude"": ""121.796021716418000"", ""marker_icon"": ""chg_red.png"", ""query_city"": ""基隆市"", ""query_year"": ""115"", ""raw_desc_html"": ""變異點編號：AC0711503011<br/>權責單位：基隆市<br/>查證結果：違規<br/>變異類型：堆積土石""}",chg_red.png,e3ed9b8be54ab664c3f5a46ba269329746959f0eef975454e00c6421353c3986
115,基隆市,AC0111503005,基隆市,非違規,平地範圍,121.801771257283000,25.136738681861900,false,https://landchg.nlma.gov.tw/Module/RWD/Web/pub_exhibit.aspx,2026-05-12T08:46:32+08:00,"{""fields"": {""查證結果"": ""非違規"", ""權責單位"": ""基隆市"", ""變異類型"": ""平地範圍"", ""變異點編號"": ""AC0111503005""}, ""latitude"": ""25.136738681861900"", ""longitude"": ""121.801771257283000"", ""marker_icon"": ""chg.png"", ""query_city"": ""基隆市"", ""query_year"": ""115"", ""raw_desc_html"": ""變異點編號：AC0111503005<br/>權責單位：基隆市<br/>查證結果：非違規<br/>變異類型：平地範圍""}",chg.png,4461f4efbdc8675d4ce09f614758827f51007e5ced17ba59911d41460917c190
115,基隆市,AC0111503004,基隆市,非違規,治山防災工程,121.802231667638000,25.139176011091300,false,https://landchg.nlma.gov.tw/Module/RWD/Web/pub_exhibit.aspx,2026-05-12T08:46:32+08:00,"{""fields"": {""查證結果"": ""非違規"", ""權責單位"": ""基隆市"", ""變異類型"": ""治山防災工程"", ""變異點編號"": ""AC0111503004""}, ""latitude"": ""25.139176011091300"", ""longitude"": ""121.802231667638000"", ""marker_icon"": ""chg.png"", ""query_city"": ""基隆市"", ""query_year"": ""115"", ""raw_desc_html"": ""變異點編號：AC0111503004<br/>權責單位：基隆市<br/>查證結果：非違規<br/>變異類型：治山防災工程""}",chg.png,33ee955e921a28d30298da7695acb3db9d4a77cf8af3d4cd90ed0260a1e9f0b6
115,臺北市,A1611502001,臺北市,非違規,作物變化,121.503948663480000,25.110297413121800,false,https://landchg.nlma.gov.tw/Module/RWD/Web/pub_exhibit.aspx,2026-05-12T08:46:43+08:00,"{""fields"": {""查證結果"": ""非違規"", ""權責單位"": ""臺北市"", ""變異類型"": ""作物變化"", ""變異點編號"": ""A1611502001""}, ""latitude"": ""25.110297413121800"", ""longitude"": ""121.503948663480000"", ""marker_icon"": ""chg.png"", ""query_city"": ""臺北市"", ""query_year"": ""115"", ""raw_desc_html"": ""變異點編號：A1611502001<br/>權責單位：臺北市<br/>查證結果：非違規<br/>變異類型：作物變化""}",chg.png,9d69a4697d76998d841347d8dfbb6c6be7734449b59cf068070e4c5a13ef9abf
115,臺北市,A1611502006,臺北市,違規,整地,121.463146570835000,25.123594623976700,true,https://landchg.nlma.gov.tw/Module/RWD/Web/pub_exhibit.aspx,2026-05-12T08:46:43+08:00,"{""fields"": {""查證結果"": ""違規"", ""權責單位"": ""臺北市"", ""變異類型"": ""整地"", ""變異點編號"": ""A1611502006""}, ""latitude"": ""25.123594623976700"", ""longitude"": ""121.463146570835000"", ""marker_icon"": ""chg_red.png"", ""query_city"": ""臺北市"", ""query_year"": ""115"", ""raw_desc_html"": ""變異點編號：A1611502006<br/>權責單位：臺北市<br/>查證結果：違規<br/>變異類型：整地""}",chg_red.png,0c2781b29ab9694130af18bc8a384b7c6f9e2fd6df5ee84e5c7293aaa158291f
115,臺北市,AA1611502006,臺北市,非違規,非農業核准開發案件,121.463542727545000,25.122095678317700,false,https://landchg.nlma.gov.tw/Module/RWD/Web/pub_exhibit.aspx,2026-05-12T08:46:43+08:00,"{""fields"": {""查證結果"": ""非違規"", ""權責單位"": ""臺北市"", ""變異類型"": ""非農業核准開發案件"", ""變異點編號"": ""AA1611502006""}, ""latitude"": ""25.122095678317700"", ""longitude"": ""121.463542727545000"", ""marker_icon"": ""chg.png"", ""query_city"": ""臺北市"", ""query_year"": ""115"", ""raw_desc_html"": ""變異點編號：AA1611502006<br/>權責單位：臺北市<br/>查證結果：非違規<br/>變異類型：非農業核准開發案件""}",chg.png,0975f3510b990390ad3664ecaa710cad0e4693f7badad4e51be168a2cffb8689
115,臺北市,AA1611503001,臺北市,非違規,其他,121.465800109736000,25.130657547681400,false,https://landchg.nlma.gov.tw/Module/RWD/Web/pub_exhibit.aspx,2026-05-12T08:46:43+08:00,"{""fields"": {""查證結果"": ""非違規"", ""權責單位"": ""臺北市"", ""變異類型"": ""其他"", ""變異點編號"": ""AA1611503001""}, ""latitude"": ""25.130657547681400"", ""longitude"": ""121.465800109736000"", ""marker_icon"": ""chg.png"", ""query_city"": ""臺北市"", ""query_year"": ""115"", ""raw_desc_html"": ""變異點編號：AA1611503001<br/>權責單位：臺北市<br/>查證結果：非違規<br/>變異類型：其他""}",chg.png,4d2b1816f9119307a3664794c365bc209086c24eaa9332f3b44b3290d9ad147c
115,臺北市,AA1611505001,臺北市,非違規,其他,121.467409822434000,25.131434346072600,false,https://landchg.nlma.gov.tw/Module/RWD/Web/pub_exhibit.aspx,2026-05-12T08:46:43+08:00,"{""fields"": {""查證結果"": ""非違規"", ""權責單位"": ""臺北市"", ""變異類型"": ""其他"", ""變異點編號"": ""AA1611505001""}, ""latitude"": ""25.131434346072600"", ""longitude"": ""121.467409822434000"", ""marker_icon"": ""chg.png"", ""query_city"": ""臺北市"", ""query_year"": ""115"", ""raw_desc_html"": ""變異點編號：AA1611505001<br/>權責單位：臺北市<br/>查證結果：非違規<br/>變異類型：其他""}",chg.png,6a9ae21a212d3a655902f453ac4cdceb2a307050c31cc3528bd85f8ec06ead63
115,臺北市,AA1611502004,臺北市,非違規,非農業核准開發案件,121.484005765511000,25.138736625633300,false,https://landchg.nlma.gov.tw/Module/RWD/Web/pub_exhibit.aspx,2026-05-12T08:46:43+08:00,"{""fields"": {""查證結果"": ""非違規"", ""權責單位"": ""臺北市"", ""變異類型"": ""非農業核准開發案件"", ""變異點編號"": ""AA1611502004""}, ""latitude"": ""25.138736625633300"", ""longitude"": ""121.484005765511000"", ""marker_icon"": ""chg.png"", ""query_city"": ""臺北市"", ""query_year"": ""115"", ""raw_desc_html"": ""變異點編號：AA1611502004<br/>權責單位：臺北市<br/>查證結果：非違規<br/>變異類型：非農業核准開發案件""}",chg.png,1194836698a122eeb6ab4768e648abbd124a176d5ab05413d06fb3ca1d2bc901
115,臺北市,AA1611502005,臺北市,非違規,其他,121.488640215764000,25.144443714040500,false,https://landchg.nlma.gov.tw/Module/RWD/Web/pub_exhibit.aspx,2026-05-12T08:46:43+08:00,"{""fields"": {""查證結果"": ""非違規"", ""權責單位"": ""臺北市"", ""變異類型"": ""其他"", ""變異點編號"": ""AA1611502005""}, ""latitude"": ""25.144443714040500"", ""longitude"": ""121.488640215764000"", ""marker_icon"": ""chg.png"", ""query_city"": ""臺北市"", ""query_year"": ""115"", ""raw_desc_html"": ""變異點編號：AA1611502005<br/>權責單位：臺北市<br/>查證結果：非違規<br/>變異類型：其他""}",chg.png,a398cabb46afb1542fff673c6aab72297d2a1c8b2b521ca494fb2086f424b92a
115,臺北市,AA1611502001,臺北市,非違規,其他,121.490103659020000,25.150810391699500,false,https://landchg.nlma.gov.tw/Module/RWD/Web/pub_exhibit.aspx,2026-05-12T08:46:43+08:00,"{""fields"": {""查證結果"": ""非違規"", ""權責單位"": ""臺北市"", ""變異類型"": ""其他"", ""變異點編號"": ""AA1611502001""}, ""latitude"": ""25.150810391699500"", ""longitude"": ""121.490103659020000"", ""marker_icon"": ""chg.png"", ""query_city"": ""臺北市"", ""query_year"": ""115"", ""raw_desc_html"": ""變異點編號：AA1611502001<br/>權責單位：臺北市<br/>查證結果：非違規<br/>變異類型：其他""}",chg.png,49ee88bff2edd125af73a569e7a04819e3c00bd3b0d2bcefee9fb31afe5950d7
115,臺北市,A1611505001,臺北市,違規,作物變化,121.492578453266000,25.124015804875800,true,https://landchg.nlma.gov.tw/Module/RWD/Web/pub_exhibit.aspx,2026-05-12T08:46:43+08:00,"{""fields"": {""查證結果"": ""違規"", ""權責單位"": ""臺北市"", ""變異類型"": ""作物變化"", ""變異點編號"": ""A1611505001""}, ""latitude"": ""25.124015804875800"", ""longitude"": ""121.492578453266000"", ""marker_icon"": ""chg_red.png"", ""query_city"": ""臺北市"", ""query_year"": ""115"", ""raw_desc_html"": ""變異點編號：A1611505001<br/>權責單位：臺北市<br/>查證結果：違規<br/>變異類型：作物變化""}",chg_red.png,4489bdfc2f9e1e5ac22043f732e17beb647120c52a48a814e1228657feb81c67
115,臺北市,A0511502004,臺北市,已知工程,工程施作,121.492682204712000,25.018170825942900,false,https://landchg.nlma.gov.tw/Module/RWD/Web/pub_exhibit.aspx,2026-05-12T08:46:43+08:00,"{""fields"": {""查證結果"": ""已知工程"", ""權責單位"": ""臺北市"", ""變異類型"": ""工程施作"", ""變異點編號"": ""A0511502004""}, ""latitude"": ""25.018170825942900"", ""longitude"": ""121.492682204712000"", ""marker_icon"": ""chg.png"", ""query_city"": ""臺北市"", ""query_year"": ""115"", ""raw_desc_html"": ""變異點編號：A0511502004<br/>權責單位：臺北市<br/>查證結果：已知工程<br/>變異類型：工程施作""}",chg.png,ef33f53d877799d9d8017727c1571e0aab6dc987554f1b50778443d9d17944d1
115,臺北市,AA1611502003,臺北市,非違規,非農業核准開發案件,121.492684178153000,25.146539606922600,false,https://landchg.nlma.gov.tw/Module/RWD/Web/pub_exhibit.aspx,2026-05-12T08:46:43+08:00,"{""fields"": {""查證結果"": ""非違規"", ""權責單位"": ""臺北市"", ""變異類型"": ""非農業核准開發案件"", ""變異點編號"": ""AA1611502003""}, ""latitude"": ""25.146539606922600"", ""longitude"": ""121.492684178153000"", ""marker_icon"": ""chg.png"", ""query_city"": ""臺北市"", ""query_year"": ""115"", ""raw_desc_html"": ""變異點編號：AA1611502003<br/>權責單位：臺北市<br/>查證結果：非違規<br/>變異類型：非農業核准開發案件""}",chg.png,0f342c9ea504bf7fc9309f03eb703d1cb4f34606083bb1012a6e943ff90d74bd
115,臺北市,AA1611502002,臺北市,非違規,其他,121.493212980104000,25.159412733438200,false,https://landchg.nlma.gov.tw/Module/RWD/Web/pub_exhibit.aspx,2026-05-12T08:46:43+08:00,"{""fields"": {""查證結果"": ""非違規"", ""權責單位"": ""臺北市"", ""變異類型"": ""其他"", ""變異點編號"": ""AA1611502002""}, ""latitude"": ""25.159412733438200"", ""longitude"": ""121.493212980104000"", ""marker_icon"": ""chg.png"", ""query_city"": ""臺北市"", ""query_year"": ""115"", ""raw_desc_html"": ""變異點編號：AA1611502002<br/>權責單位：臺北市<br/>查證結果：非違規<br/>變異類型：其他""}",chg.png,971d964937555e634d6f6c0826436ef66e2315302213bcf906d3a3945d7293f9
115,臺北市,A1611503001,臺北市,非違規,其他,121.493953594626000,25.132545251362600,false,https://landchg.nlma.gov.tw/Module/RWD/Web/pub_exhibit.aspx,2026-05-12T08:46:43+08:00,"{""fields"": {""查證結果"": ""非違規"", ""權責單位"": ""臺北市"", ""變異類型"": ""其他"", ""變異點編號"": ""A1611503001""}, ""latitude"": ""25.132545251362600"", ""longitude"": ""121.493953594626000"", ""marker_icon"": ""chg.png"", ""query_city"": ""臺北市"", ""query_year"": ""115"", ""raw_desc_html"": ""變異點編號：A1611503001<br/>權責單位：臺北市<br/>查證結果：非違規<br/>變異類型：其他""}",chg.png,6d53a6cd33718a726ac548e90342c951a06630d8b42fcde0b2d33bda17d37c45
115,臺北市,AA1611501001,臺北市,非違規,其他,121.498785637562000,25.146322669435900,false,https://landchg.nlma.gov.tw/Module/RWD/Web/pub_exhibit.aspx,2026-05-12T08:46:43+08:00,"{""fields"": {""查證結果"": ""非違規"", ""權責單位"": ""臺北市"", ""變異類型"": ""其他"", ""變異點編號"": ""AA1611501001""}, ""latitude"": ""25.146322669435900"", ""longitude"": ""121.498785637562000"", ""marker_icon"": ""chg.png"", ""query_city"": ""臺北市"", ""query_year"": ""115"", ""raw_desc_html"": ""變異點編號：AA1611501001<br/>權責單位：臺北市<br/>查證結果：非違規<br/>變異類型：其他""}",chg.png,8e0df2db37e2151cf93f0685424e38d40662c02e284412a275222df28303b185
115,臺北市,A1611502002,臺北市,違規,整地,121.500597162562000,25.106084614467300,true,https://landchg.nlma.gov.tw/Module/RWD/Web/pub_exhibit.aspx,2026-05-12T08:46:43+08:00,"{""fields"": {""查證結果"": ""違規"", ""權責單位"": ""臺北市"", ""變異類型"": ""整地"", ""變異點編號"": ""A1611502002""}, ""latitude"": ""25.106084614467300"", ""longitude"": ""121.500597162562000"", ""marker_icon"": ""chg_red.png"", ""query_city"": ""臺北市"", ""query_year"": ""115"", ""raw_desc_html"": ""變異點編號：A1611502002<br/>權責單位：臺北市<br/>查證結果：違規<br/>變異類型：整地""}",chg_red.png,34893ad0ec32d3d271ddd9f7ac2e57ffbacf0a630e5c782611303cc512179c40
115,臺北市,A1611502004,臺北市,非違規,其他,121.502858239771000,25.110520992804200,false,https://landchg.nlma.gov.tw/Module/RWD/Web/pub_exhibit.aspx,2026-05-12T08:46:43+08:00,"{""fields"": {""查證結果"": ""非違規"", ""權責單位"": ""臺北市"", ""變異類型"": ""其他"", ""變異點編號"": ""A1611502004""}, ""latitude"": ""25.110520992804200"", ""longitude"": ""121.502858239771000"", ""marker_icon"": ""chg.png"", ""query_city"": ""臺北市"", ""query_year"": ""115"", ""raw_desc_html"": ""變異點編號：A1611502004<br/>權責單位：臺北市<br/>查證結果：非違規<br/>變異類型：其他""}",chg.png,018c0ee1add8c5c8d861216fda9d616057684e9b3d66f59cdf643080b111f29f
115,臺北市,A1611501001,臺北市,非違規,作物變化,121.503359964926000,25.111133466761600,false,https://landchg.nlma.gov.tw/Module/RWD/Web/pub_exhibit.aspx,2026-05-12T08:46:43+08:00,"{""fields"": {""查證結果"": ""非違規"", ""權責單位"": ""臺北市"", ""變異類型"": ""作物變化"", ""變異點編號"": ""A1611501001""}, ""latitude"": ""25.111133466761600"", ""longitude"": ""121.503359964926000"", ""marker_icon"": ""chg.png"", ""query_city"": ""臺北市"", ""query_year"": ""115"", ""raw_desc_html"": ""變異點編號：A1611501001<br/>權責單位：臺北市<br/>查證結果：非違規<br/>變異類型：作物變化""}",chg.png,389cd5cf149ffa4c839ac7302f18b7b63c3b0a265e729b95e452036d10edfef3
115,臺北市,A1611502003,臺北市,違規,新增建物,121.507032035446000,25.103266274347000,true,https://landchg.nlma.gov.tw/Module/RWD/Web/pub_exhibit.aspx,2026-05-12T08:46:43+08:00,"{""fields"": {""查證結果"": ""違規"", ""權責單位"": ""臺北市"", ""變異類型"": ""新增建物"", ""變異點編號"": ""A1611502003""}, ""latitude"": ""25.103266274347000"", ""longitude"": ""121.507032035446000"", ""marker_icon"": ""chg_red.png"", ""query_city"": ""臺北市"", ""query_year"": ""115"", ""raw_desc_html"": ""變異點編號：A1611502003<br/>權責單位：臺北市<br/>查證結果：違規<br/>變異類型：新增建物""}",chg_red.png,c19f49779d0488526cb71287e5fa61d0a4955c93863a754f923c4642bd20921a
115,臺北市,A0911504001,臺北市,已知工程,工程施作,121.508004844423000,25.058288210809100,false,https://landchg.nlma.gov.tw/Module/RWD/Web/pub_exhibit.aspx,2026-05-12T08:46:43+08:00,"{""fields"": {""查證結果"": ""已知工程"", ""權責單位"": ""臺北市"", ""變異類型"": ""工程施作"", ""變異點編號"": ""A0911504001""}, ""latitude"": ""25.058288210809100"", ""longitude"": ""121.508004844423000"", ""marker_icon"": ""chg.png"", ""query_city"": ""臺北市"", ""query_year"": ""115"", ""raw_desc_html"": ""變異點編號：A0911504001<br/>權責單位：臺北市<br/>查證結果：已知工程<br/>變異類型：工程施作""}",chg.png,def530e5f05b311ce2c856383c8d7ac065cc9ee01fbb2b70520a7f103c0ea7df
115,臺北市,A09115013001,臺北市,已知工程,工程施作,121.508089178657000,25.076632569575300,false,https://landchg.nlma.gov.tw/Module/RWD/Web/pub_exhibit.aspx,2026-05-12T08:46:43+08:00,"{""fields"": {""查證結果"": ""已知工程"", ""權責單位"": ""臺北市"", ""變異類型"": ""工程施作"", ""變異點編號"": ""A09115013001""}, ""latitude"": ""25.076632569575300"", ""longitude"": ""121.508089178657000"", ""marker_icon"": ""chg.png"", ""query_city"": ""臺北市"", ""query_year"": ""115"", ""raw_desc_html"": ""變異點編號：A09115013001<br/>權責單位：臺北市<br/>查證結果：已知工程<br/>變異類型：工程施作""}",chg.png,85618300862512a2eafd7d0adcd71596c0689a74acf3eef70702d51142253abe
115,臺北市,A0911502003,臺北市,已知工程,工程施作,121.508194967472000,25.061309586197200,false,https://landchg.nlma.gov.tw/Module/RWD/Web/pub_exhibit.aspx,2026-05-12T08:46:43+08:00,"{""fields"": {""查證結果"": ""已知工程"", ""權責單位"": ""臺北市"", ""變異類型"": ""工程施作"", ""變異點編號"": ""A0911502003""}, ""latitude"": ""25.061309586197200"", ""longitude"": ""121.508194967472000"", ""marker_icon"": ""chg.png"", ""query_city"": ""臺北市"", ""query_year"": ""115"", ""raw_desc_html"": ""變異點編號：A0911502003<br/>權責單位：臺北市<br/>查證結果：已知工程<br/>變異類型：工程施作""}",chg.png,6e03aa177fe0e90de641d07dcb0c1bfde428873fd9c436b4ef6e80d028f71a5e
115,臺北市,A0911502002,臺北市,已知工程,工程施作,121.508246598293000,25.075940842675600,false,https://landchg.nlma.gov.tw/Module/RWD/Web/pub_exhibit.aspx,2026-05-12T08:46:43+08:00,"{""fields"": {""查證結果"": ""已知工程"", ""權責單位"": ""臺北市"", ""變異類型"": ""工程施作"", ""變異點編號"": ""A0911502002""}, ""latitude"": ""25.075940842675600"", ""longitude"": ""121.508246598293000"", ""marker_icon"": ""chg.png"", ""query_city"": ""臺北市"", ""query_year"": ""115"", ""raw_desc_html"": ""變異點編號：A0911502002<br/>權責單位：臺北市<br/>查證結果：已知工程<br/>變異類型：工程施作""}",chg.png,0af6c477c95d27b2e0baae40a3abd68561eaca545eab5965abd08700d34877d5
115,臺北市,210115013015,第十河川分署,不屬於其管轄範圍,其他,121.508281719432000,25.076532732881300,false,https://landchg.nlma.gov.tw/Module/RWD/Web/pub_exhibit.aspx,2026-05-12T08:46:43+08:00,"{""fields"": {""查證結果"": ""不屬於其管轄範圍"", ""權責單位"": ""第十河川分署"", ""變異類型"": ""其他"", ""變異點編號"": ""210115013015""}, ""latitude"": ""25.076532732881300"", ""longitude"": ""121.508281719432000"", ""marker_icon"": ""chg.png"", ""query_city"": ""臺北市"", ""query_year"": ""115"", ""raw_desc_html"": ""變異點編號：210115013015<br/>權責單位：第十河川分署<br/>查證結果：不屬於其管轄範圍<br/>變異類型：其他""}",chg.png,e71aa36fdf5604e14675b2f15045a24935477bdbcec13e0c2fae1bf9dee419c4
115,臺北市,A09115013003,臺北市,已知工程,工程施作,121.508330812727000,25.062265873479500,false,https://landchg.nlma.gov.tw/Module/RWD/Web/pub_exhibit.aspx,2026-05-12T08:46:43+08:00,"{""fields"": {""查證結果"": ""已知工程"", ""權責單位"": ""臺北市"", ""變異類型"": ""工程施作"", ""變異點編號"": ""A09115013003""}, ""latitude"": ""25.062265873479500"", ""longitude"": ""121.508330812727000"", ""marker_icon"": ""chg.png"", ""query_city"": ""臺北市"", ""query_year"": ""115"", ""raw_desc_html"": ""變異點編號：A09115013003<br/>權責單位：臺北市<br/>查證結果：已知工程<br/>變異類型：工程施作""}",chg.png,d6bf87ecfaa1111c9dc10e7adce8198d290a2398931d1c8fb8bb18643fa3601e
115,臺北市,A09115013002,臺北市,已知工程,工程施作,121.508409069897000,25.059390691826200,false,https://landchg.nlma.gov.tw/Module/RWD/Web/pub_exhibit.aspx,2026-05-12T08:46:43+08:00,"{""fields"": {""查證結果"": ""已知工程"", ""權責單位"": ""臺北市"", ""變異類型"": ""工程施作"", ""變異點編號"": ""A09115013002""}, ""latitude"": ""25.059390691826200"", ""longitude"": ""121.508409069897000"", ""marker_icon"": ""chg.png"", ""query_city"": ""臺北市"", ""query_year"": ""115"", ""raw_desc_html"": ""變異點編號：A09115013002<br/>權責單位：臺北市<br/>查證結果：已知工程<br/>變異類型：工程施作""}",chg.png,e65181199170bc0d7f6f655fd65bb889c6636d02060f9d734276160a6f15e198
115,臺北市,A0911502005,臺北市,已知工程,工程施作,121.509046044057000,25.068886401229200,false,https://landchg.nlma.gov.tw/Module/RWD/Web/pub_exhibit.aspx,2026-05-12T08:46:43+08:00,"{""fields"": {""查證結果"": ""已知工程"", ""權責單位"": ""臺北市"", ""變異類型"": ""工程施作"", ""變異點編號"": ""A0911502005""}, ""latitude"": ""25.068886401229200"", ""longitude"": ""121.509046044057000"", ""marker_icon"": ""chg.png"", ""query_city"": ""臺北市"", ""query_year"": ""115"", ""raw_desc_html"": ""變異點編號：A0911502005<br/>權責單位：臺北市<br/>查證結果：已知工程<br/>變異類型：工程施作""}",chg.png,7d4d8a75979d340cf58e24055ea892f3ca939685fad3b9fe48fba6037d3ed233
115,臺北市,AA1611502013,臺北市,非違規,其他,121.512917967519000,25.145640186275100,false,https://landchg.nlma.gov.tw/Module/RWD/Web/pub_exhibit.aspx,2026-05-12T08:46:43+08:00,"{""fields"": {""查證結果"": ""非違規"", ""權責單位"": ""臺北市"", ""變異類型"": ""其他"", ""變異點編號"": ""AA1611502013""}, ""latitude"": ""25.145640186275100"", ""longitude"": ""121.512917967519000"", ""marker_icon"": ""chg.png"", ""query_city"": ""臺北市"", ""query_year"": ""115"", ""raw_desc_html"": ""變異點編號：AA1611502013<br/>權責單位：臺北市<br/>查證結果：非違規<br/>變異類型：其他""}",chg.png,62df7cb8e47c45f39999c6d5dc6f40648727531d30302ab474bbbdd1a9a6d02e
115,臺北市,AA1611501006,臺北市,非違規,其他,121.517157295392000,25.147587739630100,false,https://landchg.nlma.gov.tw/Module/RWD/Web/pub_exhibit.aspx,2026-05-12T08:46:43+08:00,"{""fields"": {""查證結果"": ""非違規"", ""權責單位"": ""臺北市"", ""變異類型"": ""其他"", ""變異點編號"": ""AA1611501006""}, ""latitude"": ""25.147587739630100"", ""longitude"": ""121.517157295392000"", ""marker_icon"": ""chg.png"", ""query_city"": ""臺北市"", ""query_year"": ""115"", ""raw_desc_html"": ""變異點編號：AA1611501006<br/>權責單位：臺北市<br/>查證結果：非違規<br/>變異類型：其他""}",chg.png,bb8b3add52fffaf7ef6710e8f232c4bf7a6f9b5186726ee2f6a52b4c25194a48
115,臺北市,AA1611501007,臺北市,非違規,其他,121.519089336353000,25.147151233548400,false,https://landchg.nlma.gov.tw/Module/RWD/Web/pub_exhibit.aspx,2026-05-12T08:46:43+08:00,"{""fields"": {""查證結果"": ""非違規"", ""權責單位"": ""臺北市"", ""變異類型"": ""其他"", ""變異點編號"": ""AA1611501007""}, ""latitude"": ""25.147151233548400"", ""longitude"": ""121.519089336353000"", ""marker_icon"": ""chg.png"", ""query_city"": ""臺北市"", ""query_year"": ""115"", ""raw_desc_html"": ""變異點編號：AA1611501007<br/>權責單位：臺北市<br/>查證結果：非違規<br/>變異類型：其他""}",chg.png,6691dc768b023440d343c3d193fcb8770e83e14eae42d60a5e1390fbc77db6b0
115,臺北市,AA1611501004,臺北市,非違規,其他,121.519731522503000,25.149878124555000,false,https://landchg.nlma.gov.tw/Module/RWD/Web/pub_exhibit.aspx,2026-05-12T08:46:43+08:00,"{""fields"": {""查證結果"": ""非違規"", ""權責單位"": ""臺北市"", ""變異類型"": ""其他"", ""變異點編號"": ""AA1611501004""}, ""latitude"": ""25.149878124555000"", ""longitude"": ""121.519731522503000"", ""marker_icon"": ""chg.png"", ""query_city"": ""臺北市"", ""query_year"": ""115"", ""raw_desc_html"": ""變異點編號：AA1611501004<br/>權責單位：臺北市<br/>查證結果：非違規<br/>變異類型：其他""}",chg.png,bf079dd85e48bd7635751b734e1bbdae1da0c7725aec54b576f2b526585e8c17
115,臺北市,AA1611502008,臺北市,非違規,其他,121.520253623896000,25.149665680061100,false,https://landchg.nlma.gov.tw/Module/RWD/Web/pub_exhibit.aspx,2026-05-12T08:46:43+08:00,"{""fields"": {""查證結果"": ""非違規"", ""權責單位"": ""臺北市"", ""變異類型"": ""其他"", ""變異點編號"": ""AA1611502008""}, ""latitude"": ""25.149665680061100"", ""longitude"": ""121.520253623896000"", ""marker_icon"": ""chg.png"", ""query_city"": ""臺北市"", ""query_year"": ""115"", ""raw_desc_html"": ""變異點編號：AA1611502008<br/>權責單位：臺北市<br/>查證結果：非違規<br/>變異類型：其他""}",chg.png,1d077884d3d6db641b2e8aca32e71d55a2dab6423d830fd03a34fb7306f14d7b
115,臺北市,AA1611502014,臺北市,違規,其他開挖整地,121.520297789031000,25.147806257547300,true,https://landchg.nlma.gov.tw/Module/RWD/Web/pub_exhibit.aspx,2026-05-12T08:46:43+08:00,"{""fields"": {""查證結果"": ""違規"", ""權責單位"": ""臺北市"", ""變異類型"": ""其他開挖整地"", ""變異點編號"": ""AA1611502014""}, ""latitude"": ""25.147806257547300"", ""longitude"": ""121.520297789031000"", ""marker_icon"": ""chg_red.png"", ""query_city"": ""臺北市"", ""query_year"": ""115"", ""raw_desc_html"": ""變異點編號：AA1611502014<br/>權責單位：臺北市<br/>查證結果：違規<br/>變異類型：其他開挖整地""}",chg_red.png,43889f82a257cd6c1943cdafd7f8dbb1b34d4900b8e9eda2af3c8c8825a30804
115,臺北市,AA1611502015,臺北市,非違規,其他,121.520314890921000,25.147235134141700,false,https://landchg.nlma.gov.tw/Module/RWD/Web/pub_exhibit.aspx,2026-05-12T08:46:43+08:00,"{""fields"": {""查證結果"": ""非違規"", ""權責單位"": ""臺北市"", ""變異類型"": ""其他"", ""變異點編號"": ""AA1611502015""}, ""latitude"": ""25.147235134141700"", ""longitude"": ""121.520314890921000"", ""marker_icon"": ""chg.png"", ""query_city"": ""臺北市"", ""query_year"": ""115"", ""raw_desc_html"": ""變異點編號：AA1611502015<br/>權責單位：臺北市<br/>查證結果：非違規<br/>變異類型：其他""}",chg.png,f5455a02af93a32ef4a5a9f6f86ffddee1ed78501cc1f3497a05f12105cd147f
115,臺北市,AA1611501008,臺北市,違規,其他開挖整地,121.520573998941000,25.148156635579000,true,https://landchg.nlma.gov.tw/Module/RWD/Web/pub_exhibit.aspx,2026-05-12T08:46:43+08:00,"{""fields"": {""查證結果"": ""違規"", ""權責單位"": ""臺北市"", ""變異類型"": ""其他開挖整地"", ""變異點編號"": ""AA1611501008""}, ""latitude"": ""25.148156635579000"", ""longitude"": ""121.520573998941000"", ""marker_icon"": ""chg_red.png"", ""query_city"": ""臺北市"", ""query_year"": ""115"", ""raw_desc_html"": ""變異點編號：AA1611501008<br/>權責單位：臺北市<br/>查證結果：違規<br/>變異類型：其他開挖整地""}",chg_red.png,ce11ddcb584461a68271bacbbc324f654ef8eb0425f650e9e167c7d576fc9176
115,臺北市,AA1611502012,臺北市,違規,其他開挖整地,121.520611393416000,25.149117147516800,true,https://landchg.nlma.gov.tw/Module/RWD/Web/pub_exhibit.aspx,2026-05-12T08:46:43+08:00,"{""fields"": {""查證結果"": ""違規"", ""權責單位"": ""臺北市"", ""變異類型"": ""其他開挖整地"", ""變異點編號"": ""AA1611502012""}, ""latitude"": ""25.149117147516800"", ""longitude"": ""121.520611393416000"", ""marker_icon"": ""chg_red.png"", ""query_city"": ""臺北市"", ""query_year"": ""115"", ""raw_desc_html"": ""變異點編號：AA1611502012<br/>權責單位：臺北市<br/>查證結果：違規<br/>變異類型：其他開挖整地""}",chg_red.png,5964a53bb50397235cb73d3f23e38073c918095facd43fdf1ef180c220f02f0e
115,臺北市,AA1611502010,臺北市,違規,其他開挖整地,121.520622053532000,25.148347444271000,true,https://landchg.nlma.gov.tw/Module/RWD/Web/pub_exhibit.aspx,2026-05-12T08:46:43+08:00,"{""fields"": {""查證結果"": ""違規"", ""權責單位"": ""臺北市"", ""變異類型"": ""其他開挖整地"", ""變異點編號"": ""AA1611502010""}, ""latitude"": ""25.148347444271000"", ""longitude"": ""121.520622053532000"", ""marker_icon"": ""chg_red.png"", ""query_city"": ""臺北市"", ""query_year"": ""115"", ""raw_desc_html"": ""變異點編號：AA1611502010<br/>權責單位：臺北市<br/>查證結果：違規<br/>變異類型：其他開挖整地""}",chg_red.png,3d0fdaac410f6e8ac20ccec4d9d00934f8b4178233ddfd05ca0866fe68562224
115,臺北市,AA1611501003,臺北市,違規,其他開挖整地,121.520755075407000,25.148904277208300,true,https://landchg.nlma.gov.tw/Module/RWD/Web/pub_exhibit.aspx,2026-05-12T08:46:43+08:00,"{""fields"": {""查證結果"": ""違規"", ""權責單位"": ""臺北市"", ""變異類型"": ""其他開挖整地"", ""變異點編號"": ""AA1611501003""}, ""latitude"": ""25.148904277208300"", ""longitude"": ""121.520755075407000"", ""marker_icon"": ""chg_red.png"", ""query_city"": ""臺北市"", ""query_year"": ""115"", ""raw_desc_html"": ""變異點編號：AA1611501003<br/>權責單位：臺北市<br/>查證結果：違規<br/>變異類型：其他開挖整地""}",chg_red.png,ec91de230df17c9b7c28ceeaa9bbf300f3d6fcfc0fa554ae691f36ed16235cf6
115,臺北市,AA1611502009,臺北市,非違規,其他,121.521440531264000,25.148714558453100,false,https://landchg.nlma.gov.tw/Module/RWD/Web/pub_exhibit.aspx,2026-05-12T08:46:43+08:00,"{""fields"": {""查證結果"": ""非違規"", ""權責單位"": ""臺北市"", ""變異類型"": ""其他"", ""變異點編號"": ""AA1611502009""}, ""latitude"": ""25.148714558453100"", ""longitude"": ""121.521440531264000"", ""marker_icon"": ""chg.png"", ""query_city"": ""臺北市"", ""query_year"": ""115"", ""raw_desc_html"": ""變異點編號：AA1611502009<br/>權責單位：臺北市<br/>查證結果：非違規<br/>變異類型：其他""}",chg.png,bf71132f230c0f5df01c7c16f0f039e1caa9f70e3c363fe92ff6225c47fe42ae
115,臺北市,10111502003,陽明山,非違規,新增建物,121.521701836817000,25.150539579940900,false,https://landchg.nlma.gov.tw/Module/RWD/Web/pub_exhibit.aspx,2026-05-12T08:46:43+08:00,"{""fields"": {""查證結果"": ""非違規"", ""權責單位"": ""陽明山"", ""變異類型"": ""新增建物"", ""變異點編號"": ""10111502003""}, ""latitude"": ""25.150539579940900"", ""longitude"": ""121.521701836817000"", ""marker_icon"": ""chg.png"", ""query_city"": ""臺北市"", ""query_year"": ""115"", ""raw_desc_html"": ""變異點編號：10111502003<br/>權責單位：陽明山<br/>查證結果：非違規<br/>變異類型：新增建物""}",chg.png,632efa8d4a0edf822547885c1c4bc20bfeab1f766b789d025865a8ea441f461c
115,臺北市,AA1611502011,臺北市,非違規,其他,121.521701836817000,25.150539579940900,false,https://landchg.nlma.gov.tw/Module/RWD/Web/pub_exhibit.aspx,2026-05-12T08:46:43+08:00,"{""fields"": {""查證結果"": ""非違規"", ""權責單位"": ""臺北市"", ""變異類型"": ""其他"", ""變異點編號"": ""AA1611502011""}, ""latitude"": ""25.150539579940900"", ""longitude"": ""121.521701836817000"", ""marker_icon"": ""chg.png"", ""query_city"": ""臺北市"", ""query_year"": ""115"", ""raw_desc_html"": ""變異點編號：AA1611502011<br/>權責單位：臺北市<br/>查證結果：非違規<br/>變異類型：其他""}",chg.png,1e68c85eef34f536cb6843c76ed7759c9107f2f726ddc51ff0dad827e63ffe5f
115,臺北市,AA1611504001,臺北市,非違規,其他,121.523236803961000,25.136339782192100,false,https://landchg.nlma.gov.tw/Module/RWD/Web/pub_exhibit.aspx,2026-05-12T08:46:43+08:00,"{""fields"": {""查證結果"": ""非違規"", ""權責單位"": ""臺北市"", ""變異類型"": ""其他"", ""變異點編號"": ""AA1611504001""}, ""latitude"": ""25.136339782192100"", ""longitude"": ""121.523236803961000"", ""marker_icon"": ""chg.png"", ""query_city"": ""臺北市"", ""query_year"": ""115"", ""raw_desc_html"": ""變異點編號：AA1611504001<br/>權責單位：臺北市<br/>查證結果：非違規<br/>變異類型：其他""}",chg.png,3cfdfe3520ab0b00e09df714b7fd773d0aaad8e7d63603a56ce824af061c2385
115,臺北市,10111502001,陽明山,非違規,整地,121.527713600949000,25.149214824342500,false,https://landchg.nlma.gov.tw/Module/RWD/Web/pub_exhibit.aspx,2026-05-12T08:46:43+08:00,"{""fields"": {""查證結果"": ""非違規"", ""權責單位"": ""陽明山"", ""變異類型"": ""整地"", ""變異點編號"": ""10111502001""}, ""latitude"": ""25.149214824342500"", ""longitude"": ""121.527713600949000"", ""marker_icon"": ""chg.png"", ""query_city"": ""臺北市"", ""query_year"": ""115"", ""raw_desc_html"": ""變異點編號：10111502001<br/>權責單位：陽明山<br/>查證結果：非違規<br/>變異類型：整地""}",chg.png,6f6c07ce3feb54816363116136fa3e61661be6052098f35d5c146591d3b1ece0
115,臺北市,AA1611502007,臺北市,非違規,其他,121.527713600949000,25.149214824342500,false,https://landchg.nlma.gov.tw/Module/RWD/Web/pub_exhibit.aspx,2026-05-12T08:46:43+08:00,"{""fields"": {""查證結果"": ""非違規"", ""權責單位"": ""臺北市"", ""變異類型"": ""其他"", ""變異點編號"": ""AA1611502007""}, ""latitude"": ""25.149214824342500"", ""longitude"": ""121.527713600949000"", ""marker_icon"": ""chg.png"", ""query_city"": ""臺北市"", ""query_year"": ""115"", ""raw_desc_html"": ""變異點編號：AA1611502007<br/>權責單位：臺北市<br/>查證結果：非違規<br/>變異類型：其他""}",chg.png,7723602bbc5e7fffde386d23138333b9bfb16b80023425121e7e6a7c51a2fbc2
115,臺北市,10111502002,陽明山,非違規,整地,121.530136958267000,25.151566168789200,false,https://landchg.nlma.gov.tw/Module/RWD/Web/pub_exhibit.aspx,2026-05-12T08:46:43+08:00,"{""fields"": {""查證結果"": ""非違規"", ""權責單位"": ""陽明山"", ""變異類型"": ""整地"", ""變異點編號"": ""10111502002""}, ""latitude"": ""25.151566168789200"", ""longitude"": ""121.530136958267000"", ""marker_icon"": ""chg.png"", ""query_city"": ""臺北市"", ""query_year"": ""115"", ""raw_desc_html"": ""變異點編號：10111502002<br/>權責單位：陽明山<br/>查證結果：非違規<br/>變異類型：整地""}",chg.png,f34c10670f1f069944154ffb0ff6daa3b1309eea93d8ed2be1f1706534ed0212
115,臺北市,10111501002,陽明山,非違規,其他,121.531203876464000,25.174799785767000,false,https://landchg.nlma.gov.tw/Module/RWD/Web/pub_exhibit.aspx,2026-05-12T08:46:43+08:00,"{""fields"": {""查證結果"": ""非違規"", ""權責單位"": ""陽明山"", ""變異類型"": ""其他"", ""變異點編號"": ""10111501002""}, ""latitude"": ""25.174799785767000"", ""longitude"": ""121.531203876464000"", ""marker_icon"": ""chg.png"", ""query_city"": ""臺北市"", ""query_year"": ""115"", ""raw_desc_html"": ""變異點編號：10111501002<br/>權責單位：陽明山<br/>查證結果：非違規<br/>變異類型：其他""}",chg.png,9e1077ab16636074304dc0d9e00230919d007806ac5ffc9a213c464c3cda4436
115,臺北市,AA1611501002,臺北市,非違規,一般農業使用(含農地水土保持、農業設施、民眾闢設道路等開發案件),121.531203876464000,25.174799785767000,false,https://landchg.nlma.gov.tw/Module/RWD/Web/pub_exhibit.aspx,2026-05-12T08:46:43+08:00,"{""fields"": {""查證結果"": ""非違規"", ""權責單位"": ""臺北市"", ""變異類型"": ""一般農業使用(含農地水土保持、農業設施、民眾闢設道路等開發案件)"", ""變異點編號"": ""AA1611501002""}, ""latitude"": ""25.174799785767000"", ""longitude"": ""121.531203876464000"", ""marker_icon"": ""chg.png"", ""query_city"": ""臺北市"", ""query_year"": ""115"", ""raw_desc_html"": ""變異點編號：AA1611501002<br/>權責單位：臺北市<br/>查證結果：非違規<br/>變異類型：一般農業使用(含農地水土保持、農業設施、民眾闢設道路等開發案件)""}",chg.png,b1c61aedb26e970d855368c29be0b41dc6f9e5b3920e5b51a5798833b15c6653
115,臺北市,10111501003,陽明山,非違規,其他,121.531571754459000,25.172007229230300,false,https://landchg.nlma.gov.tw/Module/RWD/Web/pub_exhibit.aspx,2026-05-12T08:46:43+08:00,"{""fields"": {""查證結果"": ""非違規"", ""權責單位"": ""陽明山"", ""變異類型"": ""其他"", ""變異點編號"": ""10111501003""}, ""latitude"": ""25.172007229230300"", ""longitude"": ""121.531571754459000"", ""marker_icon"": ""chg.png"", ""query_city"": ""臺北市"", ""query_year"": ""115"", ""raw_desc_html"": ""變異點編號：10111501003<br/>權責單位：陽明山<br/>查證結果：非違規<br/>變異類型：其他""}",chg.png,401e239b6235e44dce58a19ab09735ac6ea7c491d5df99b4c268e80d351eb9f9
115,臺北市,AA1511502018,臺北市,非違規,其他,121.531696480807000,25.104139933430700,false,https://landchg.nlma.gov.tw/Module/RWD/Web/pub_exhibit.aspx,2026-05-12T08:46:43+08:00,"{""fields"": {""查證結果"": ""非違規"", ""權責單位"": ""臺北市"", ""變異類型"": ""其他"", ""變異點編號"": ""AA1511502018""}, ""latitude"": ""25.104139933430700"", ""longitude"": ""121.531696480807000"", ""marker_icon"": ""chg.png"", ""query_city"": ""臺北市"", ""query_year"": ""115"", ""raw_desc_html"": ""變異點編號：AA1511502018<br/>權責單位：臺北市<br/>查證結果：非違規<br/>變異類型：其他""}",chg.png,ac8fc3c751fbd8ec21035df1fc3062101420a647f14c5f034624c040add7ff88
115,臺北市,AA1511502017,臺北市,非違規,其他,121.532353373737000,25.128569330954500,false,https://landchg.nlma.gov.tw/Module/RWD/Web/pub_exhibit.aspx,2026-05-12T08:46:43+08:00,"{""fields"": {""查證結果"": ""非違規"", ""權責單位"": ""臺北市"", ""變異類型"": ""其他"", ""變異點編號"": ""AA1511502017""}, ""latitude"": ""25.128569330954500"", ""longitude"": ""121.532353373737000"", ""marker_icon"": ""chg.png"", ""query_city"": ""臺北市"", ""query_year"": ""115"", ""raw_desc_html"": ""變異點編號：AA1511502017<br/>權責單位：臺北市<br/>查證結果：非違規<br/>變異類型：其他""}",chg.png,3d6958d002a4aa18a24c06eade59cc98341fbcef85b06ff1aa40e5deb6e1bae2
115,臺北市,A1511502005,臺北市,非違規,整地,121.534631871868000,25.126065525108600,false,https://landchg.nlma.gov.tw/Module/RWD/Web/pub_exhibit.aspx,2026-05-12T08:46:43+08:00,"{""fields"": {""查證結果"": ""非違規"", ""權責單位"": ""臺北市"", ""變異類型"": ""整地"", ""變異點編號"": ""A1511502005""}, ""latitude"": ""25.126065525108600"", ""longitude"": ""121.534631871868000"", ""marker_icon"": ""chg.png"", ""query_city"": ""臺北市"", ""query_year"": ""115"", ""raw_desc_html"": ""變異點編號：A1511502005<br/>權責單位：臺北市<br/>查證結果：非違規<br/>變異類型：整地""}",chg.png,516881df9e5b46325dc528101cfa7b4a508c481a2e3a0d3c0f017a3a56f573b7
115,臺北市,AA1511502020,臺北市,非違規,其他,121.538995886298000,25.120758478259800,false,https://landchg.nlma.gov.tw/Module/RWD/Web/pub_exhibit.aspx,2026-05-12T08:46:43+08:00,"{""fields"": {""查證結果"": ""非違規"", ""權責單位"": ""臺北市"", ""變異類型"": ""其他"", ""變異點編號"": ""AA1511502020""}, ""latitude"": ""25.120758478259800"", ""longitude"": ""121.538995886298000"", ""marker_icon"": ""chg.png"", ""query_city"": ""臺北市"", ""query_year"": ""115"", ""raw_desc_html"": ""變異點編號：AA1511502020<br/>權責單位：臺北市<br/>查證結果：非違規<br/>變異類型：其他""}",chg.png,b7e402a44eeaac908e4f01b4937a3d2185055bf2832969eb2605dd84eb482fb5
115,臺北市,AA1511502021,臺北市,非違規,其他,121.544502132333000,25.117667464603800,false,https://landchg.nlma.gov.tw/Module/RWD/Web/pub_exhibit.aspx,2026-05-12T08:46:43+08:00,"{""fields"": {""查證結果"": ""非違規"", ""權責單位"": ""臺北市"", ""變異類型"": ""其他"", ""變異點編號"": ""AA1511502021""}, ""latitude"": ""25.117667464603800"", ""longitude"": ""121.544502132333000"", ""marker_icon"": ""chg.png"", ""query_city"": ""臺北市"", ""query_year"": ""115"", ""raw_desc_html"": ""變異點編號：AA1511502021<br/>權責單位：臺北市<br/>查證結果：非違規<br/>變異類型：其他""}",chg.png,b3f5d008f7920dc2039b65eeeee9f618a2f159b8adf705d523080b3b97f74ab7
115,臺北市,10111503002,陽明山,非違規,天災,121.545709076641000,25.191294274711100,false,https://landchg.nlma.gov.tw/Module/RWD/Web/pub_exhibit.aspx,2026-05-12T08:46:43+08:00,"{""fields"": {""查證結果"": ""非違規"", ""權責單位"": ""陽明山"", ""變異類型"": ""天災"", ""變異點編號"": ""10111503002""}, ""latitude"": ""25.191294274711100"", ""longitude"": ""121.545709076641000"", ""marker_icon"": ""chg.png"", ""query_city"": ""臺北市"", ""query_year"": ""115"", ""raw_desc_html"": ""變異點編號：10111503002<br/>權責單位：陽明山<br/>查證結果：非違規<br/>變異類型：天災""}",chg.png,42106c846da142fcf756f06ff18751c945ad6a084fae9f52da243310347d921e
115,臺北市,10111503001,陽明山,非違規,天災,121.545731133926000,25.191235369574400,false,https://landchg.nlma.gov.tw/Module/RWD/Web/pub_exhibit.aspx,2026-05-12T08:46:43+08:00,"{""fields"": {""查證結果"": ""非違規"", ""權責單位"": ""陽明山"", ""變異類型"": ""天災"", ""變異點編號"": ""10111503001""}, ""latitude"": ""25.191235369574400"", ""longitude"": ""121.545731133926000"", ""marker_icon"": ""chg.png"", ""query_city"": ""臺北市"", ""query_year"": ""115"", ""raw_desc_html"": ""變異點編號：10111503001<br/>權責單位：陽明山<br/>查證結果：非違規<br/>變異類型：天災""}",chg.png,1aa72f3c92cff7f34cb78ffe64ec4ba67c3d3c45969cca403170fde036346e2d
115,臺北市,AA1611503002,臺北市,非違規,無道路可到達,121.545731133926000,25.191235369574400,false,https://landchg.nlma.gov.tw/Module/RWD/Web/pub_exhibit.aspx,2026-05-12T08:46:43+08:00,"{""fields"": {""查證結果"": ""非違規"", ""權責單位"": ""臺北市"", ""變異類型"": ""無道路可到達"", ""變異點編號"": ""AA1611503002""}, ""latitude"": ""25.191235369574400"", ""longitude"": ""121.545731133926000"", ""marker_icon"": ""chg.png"", ""query_city"": ""臺北市"", ""query_year"": ""115"", ""raw_desc_html"": ""變異點編號：AA1611503002<br/>權責單位：臺北市<br/>查證結果：非違規<br/>變異類型：無道路可到達""}",chg.png,cefd9ec9eaf54483a3ebcbdd6efb5b369204cb3c422eab038fb58711ff9d055d
115,臺北市,10111501004,陽明山,非違規,其他,121.546432530345000,25.154243546411600,false,https://landchg.nlma.gov.tw/Module/RWD/Web/pub_exhibit.aspx,2026-05-12T08:46:43+08:00,"{""fields"": {""查證結果"": ""非違規"", ""權責單位"": ""陽明山"", ""變異類型"": ""其他"", ""變異點編號"": ""10111501004""}, ""latitude"": ""25.154243546411600"", ""longitude"": ""121.546432530345000"", ""marker_icon"": ""chg.png"", ""query_city"": ""臺北市"", ""query_year"": ""115"", ""raw_desc_html"": ""變異點編號：10111501004<br/>權責單位：陽明山<br/>查證結果：非違規<br/>變異類型：其他""}",chg.png,3b7a1e2d75c788896213369ce826f8af34861e45d5421da7406257034ab47084
115,臺北市,AA1611501005,臺北市,非違規,其他,121.546432530345000,25.154243546411600,false,https://landchg.nlma.gov.tw/Module/RWD/Web/pub_exhibit.aspx,2026-05-12T08:46:43+08:00,"{""fields"": {""查證結果"": ""非違規"", ""權責單位"": ""臺北市"", ""變異類型"": ""其他"", ""變異點編號"": ""AA1611501005""}, ""latitude"": ""25.154243546411600"", ""longitude"": ""121.546432530345000"", ""marker_icon"": ""chg.png"", ""query_city"": ""臺北市"", ""query_year"": ""115"", ""raw_desc_html"": ""變異點編號：AA1611501005<br/>權責單位：臺北市<br/>查證結果：非違規<br/>變異類型：其他""}",chg.png,b943062f36b46fed656f8443d8d44dcd6fd244700a6216afeb6ca8b08e445149
115,臺北市,AA1011502016,臺北市,非違規,治山防災工程,121.551069286653000,25.086427254649400,false,https://landchg.nlma.gov.tw/Module/RWD/Web/pub_exhibit.aspx,2026-05-12T08:46:43+08:00,"{""fields"": {""查證結果"": ""非違規"", ""權責單位"": ""臺北市"", ""變異類型"": ""治山防災工程"", ""變異點編號"": ""AA1011502016""}, ""latitude"": ""25.086427254649400"", ""longitude"": ""121.551069286653000"", ""marker_icon"": ""chg.png"", ""query_city"": ""臺北市"", ""query_year"": ""115"", ""raw_desc_html"": ""變異點編號：AA1011502016<br/>權責單位：臺北市<br/>查證結果：非違規<br/>變異類型：治山防災工程""}",chg.png,49fdaa199e42ca5e9ff81f85ef7d371b1f2bf386225ce8f6317694e66720c9de
115,臺北市,AA1111502022,臺北市,非違規,其他,121.551668687297000,24.992040922282300,false,https://landchg.nlma.gov.tw/Module/RWD/Web/pub_exhibit.aspx,2026-05-12T08:46:43+08:00,"{""fields"": {""查證結果"": ""非違規"", ""權責單位"": ""臺北市"", ""變異類型"": ""其他"", ""變異點編號"": ""AA1111502022""}, ""latitude"": ""24.992040922282300"", ""longitude"": ""121.551668687297000"", ""marker_icon"": ""chg.png"", ""query_city"": ""臺北市"", ""query_year"": ""115"", ""raw_desc_html"": ""變異點編號：AA1111502022<br/>權責單位：臺北市<br/>查證結果：非違規<br/>變異類型：其他""}",chg.png,2b2032165f40175dcea75122900128b005a72e0712b42cb3152947ff50fb5352
115,臺北市,AA1511502019,臺北市,非違規,其他,121.554384973889000,25.106407064899900,false,https://landchg.nlma.gov.tw/Module/RWD/Web/pub_exhibit.aspx,2026-05-12T08:46:43+08:00,"{""fields"": {""查證結果"": ""非違規"", ""權責單位"": ""臺北市"", ""變異類型"": ""其他"", ""變異點編號"": ""AA1511502019""}, ""latitude"": ""25.106407064899900"", ""longitude"": ""121.554384973889000"", ""marker_icon"": ""chg.png"", ""query_city"": ""臺北市"", ""query_year"": ""115"", ""raw_desc_html"": ""變異點編號：AA1511502019<br/>權責單位：臺北市<br/>查證結果：非違規<br/>變異類型：其他""}",chg.png,aff76ba4cbd086371fc49978d5dd213911623fe538824e85ef4e0501ffa05e6a
115,臺北市,AA1511504003,臺北市,非違規,其他,121.558910410497000,25.102249824750000,false,https://landchg.nlma.gov.tw/Module/RWD/Web/pub_exhibit.aspx,2026-05-12T08:46:43+08:00,"{""fields"": {""查證結果"": ""非違規"", ""權責單位"": ""臺北市"", ""變異類型"": ""其他"", ""變異點編號"": ""AA1511504003""}, ""latitude"": ""25.102249824750000"", ""longitude"": ""121.558910410497000"", ""marker_icon"": ""chg.png"", ""query_city"": ""臺北市"", ""query_year"": ""115"", ""raw_desc_html"": ""變異點編號：AA1511504003<br/>權責單位：臺北市<br/>查證結果：非違規<br/>變異類型：其他""}",chg.png,fed6ed3f72218a54421f3e778597809fe580f3e9dc9ac22795adebd205ac57c2
115,臺北市,AA1111501009,臺北市,非違規,其他,121.567880140579000,24.972937345562600,false,https://landchg.nlma.gov.tw/Module/RWD/Web/pub_exhibit.aspx,2026-05-12T08:46:43+08:00,"{""fields"": {""查證結果"": ""非違規"", ""權責單位"": ""臺北市"", ""變異類型"": ""其他"", ""變異點編號"": ""AA1111501009""}, ""latitude"": ""24.972937345562600"", ""longitude"": ""121.567880140579000"", ""marker_icon"": ""chg.png"", ""query_city"": ""臺北市"", ""query_year"": ""115"", ""raw_desc_html"": ""變異點編號：AA1111501009<br/>權責單位：臺北市<br/>查證結果：非違規<br/>變異類型：其他""}",chg.png,47bef0f3acba92e571e8afce36d9d1152651753f25ea2fbb40086709e4ae08a7
115,臺北市,AA1111503010,臺北市,非違規,其他,121.569468792007000,24.994153191787500,false,https://landchg.nlma.gov.tw/Module/RWD/Web/pub_exhibit.aspx,2026-05-12T08:46:43+08:00,"{""fields"": {""查證結果"": ""非違規"", ""權責單位"": ""臺北市"", ""變異類型"": ""其他"", ""變異點編號"": ""AA1111503010""}, ""latitude"": ""24.994153191787500"", ""longitude"": ""121.569468792007000"", ""marker_icon"": ""chg.png"", ""query_city"": ""臺北市"", ""query_year"": ""115"", ""raw_desc_html"": ""變異點編號：AA1111503010<br/>權責單位：臺北市<br/>查證結果：非違規<br/>變異類型：其他""}",chg.png,1883790b0ac50ea8ecc2fda23274314acc0f177e5900cc71a48f460eb2798079
115,臺北市,AA1511503008,臺北市,非違規,一般農業使用(含農地水土保持、農業設施、民眾闢設道路等開發案件),121.575484904720000,25.121574617552800,false,https://landchg.nlma.gov.tw/Module/RWD/Web/pub_exhibit.aspx,2026-05-12T08:46:43+08:00,"{""fields"": {""查證結果"": ""非違規"", ""權責單位"": ""臺北市"", ""變異類型"": ""一般農業使用(含農地水土保持、農業設施、民眾闢設道路等開發案件)"", ""變異點編號"": ""AA1511503008""}, ""latitude"": ""25.121574617552800"", ""longitude"": ""121.575484904720000"", ""marker_icon"": ""chg.png"", ""query_city"": ""臺北市"", ""query_year"": ""115"", ""raw_desc_html"": ""變異點編號：AA1511503008<br/>權責單位：臺北市<br/>查證結果：非違規<br/>變異類型：一般農業使用(含農地水土保持、農業設施、民眾闢設道路等開發案件)""}",chg.png,0a1c4822f576c21c1c3c261ee6fe7f7621d652914540ea2d04e71616a47fd213
115,臺北市,AA1111503011,臺北市,非違規,其他,121.578781108331000,25.009515420578100,false,https://landchg.nlma.gov.tw/Module/RWD/Web/pub_exhibit.aspx,2026-05-12T08:46:43+08:00,"{""fields"": {""查證結果"": ""非違規"", ""權責單位"": ""臺北市"", ""變異類型"": ""其他"", ""變異點編號"": ""AA1111503011""}, ""latitude"": ""25.009515420578100"", ""longitude"": ""121.578781108331000"", ""marker_icon"": ""chg.png"", ""query_city"": ""臺北市"", ""query_year"": ""115"", ""raw_desc_html"": ""變異點編號：AA1111503011<br/>權責單位：臺北市<br/>查證結果：非違規<br/>變異類型：其他""}",chg.png,1282d071a3223678566ec75ecbad18335abd7866e53277a920e4357ce2f4a368
115,臺北市,AA1511503007,臺北市,非違規,一般農業使用(含農地水土保持、農業設施、民眾闢設道路等開發案件),121.579440005664000,25.139125356040000,false,https://landchg.nlma.gov.tw/Module/RWD/Web/pub_exhibit.aspx,2026-05-12T08:46:43+08:00,"{""fields"": {""查證結果"": ""非違規"", ""權責單位"": ""臺北市"", ""變異類型"": ""一般農業使用(含農地水土保持、農業設施、民眾闢設道路等開發案件)"", ""變異點編號"": ""AA1511503007""}, ""latitude"": ""25.139125356040000"", ""longitude"": ""121.579440005664000"", ""marker_icon"": ""chg.png"", ""query_city"": ""臺北市"", ""query_year"": ""115"", ""raw_desc_html"": ""變異點編號：AA1511503007<br/>權責單位：臺北市<br/>查證結果：非違規<br/>變異類型：一般農業使用(含農地水土保持、農業設施、民眾闢設道路等開發案件)""}",chg.png,6bd09d645aa471d1a78146ea8a2197d30d1dee3a71897c5805158bd7fb27a4de
115,臺北市,AA1511505003,臺北市,非違規,其他,121.579953487911000,25.114853153757100,false,https://landchg.nlma.gov.tw/Module/RWD/Web/pub_exhibit.aspx,2026-05-12T08:46:43+08:00,"{""fields"": {""查證結果"": ""非違規"", ""權責單位"": ""臺北市"", ""變異類型"": ""其他"", ""變異點編號"": ""AA1511505003""}, ""latitude"": ""25.114853153757100"", ""longitude"": ""121.579953487911000"", ""marker_icon"": ""chg.png"", ""query_city"": ""臺北市"", ""query_year"": ""115"", ""raw_desc_html"": ""變異點編號：AA1511505003<br/>權責單位：臺北市<br/>查證結果：非違規<br/>變異類型：其他""}",chg.png,f1532b45c16539bc85baadf17030800e06184fb9d5bd1c02605ce50b3bf91971
115,臺北市,AA1411503006,臺北市,違規,堆積土石,121.580881187939000,25.072596516135400,true,https://landchg.nlma.gov.tw/Module/RWD/Web/pub_exhibit.aspx,2026-05-12T08:46:43+08:00,"{""fields"": {""查證結果"": ""違規"", ""權責單位"": ""臺北市"", ""變異類型"": ""堆積土石"", ""變異點編號"": ""AA1411503006""}, ""latitude"": ""25.072596516135400"", ""longitude"": ""121.580881187939000"", ""marker_icon"": ""chg_red.png"", ""query_city"": ""臺北市"", ""query_year"": ""115"", ""raw_desc_html"": ""變異點編號：AA1411503006<br/>權責單位：臺北市<br/>查證結果：違規<br/>變異類型：堆積土石""}",chg_red.png,df0ef43fe5462ec4d0d9f1512f969ea8ee2eb797ae86f0803b6d352a5e7f5b47
115,臺北市,AA1511504002,臺北市,非違規,其他,121.581428765957000,25.132488324578800,false,https://landchg.nlma.gov.tw/Module/RWD/Web/pub_exhibit.aspx,2026-05-12T08:46:43+08:00,"{""fields"": {""查證結果"": ""非違規"", ""權責單位"": ""臺北市"", ""變異類型"": ""其他"", ""變異點編號"": ""AA1511504002""}, ""latitude"": ""25.132488324578800"", ""longitude"": ""121.581428765957000"", ""marker_icon"": ""chg.png"", ""query_city"": ""臺北市"", ""query_year"": ""115"", ""raw_desc_html"": ""變異點編號：AA1511504002<br/>權責單位：臺北市<br/>查證結果：非違規<br/>變異類型：其他""}",chg.png,c366dacd89675d663a5bb955d56273fdc13550c86654e2450f6da6a048d8dac6
115,臺北市,AA1111503012,臺北市,非違規,治山防災工程,121.582876025733000,25.004643359024900,false,https://landchg.nlma.gov.tw/Module/RWD/Web/pub_exhibit.aspx,2026-05-12T08:46:43+08:00,"{""fields"": {""查證結果"": ""非違規"", ""權責單位"": ""臺北市"", ""變異類型"": ""治山防災工程"", ""變異點編號"": ""AA1111503012""}, ""latitude"": ""25.004643359024900"", ""longitude"": ""121.582876025733000"", ""marker_icon"": ""chg.png"", ""query_city"": ""臺北市"", ""query_year"": ""115"", ""raw_desc_html"": ""變異點編號：AA1111503012<br/>權責單位：臺北市<br/>查證結果：非違規<br/>變異類型：治山防災工程""}",chg.png,d9cf5090319334e9fb2b285d940dfd0cf5c54648e5f195be5c0860edbf8de507
115,臺北市,10111503003,陽明山,非違規,天災,121.586813718375000,25.126068009859600,false,https://landchg.nlma.gov.tw/Module/RWD/Web/pub_exhibit.aspx,2026-05-12T08:46:43+08:00,"{""fields"": {""查證結果"": ""非違規"", ""權責單位"": ""陽明山"", ""變異類型"": ""天災"", ""變異點編號"": ""10111503003""}, ""latitude"": ""25.126068009859600"", ""longitude"": ""121.586813718375000"", ""marker_icon"": ""chg.png"", ""query_city"": ""臺北市"", ""query_year"": ""115"", ""raw_desc_html"": ""變異點編號：10111503003<br/>權責單位：陽明山<br/>查證結果：非違規<br/>變異類型：天災""}",chg.png,ba208e972a9c44afe97290f86cdae9d3fa320f92a47dda365b5f058ccf58dd10
115,臺北市,AA1411503004,臺北市,非違規,治山防災工程,121.588719785341000,25.079833417387000,false,https://landchg.nlma.gov.tw/Module/RWD/Web/pub_exhibit.aspx,2026-05-12T08:46:43+08:00,"{""fields"": {""查證結果"": ""非違規"", ""權責單位"": ""臺北市"", ""變異類型"": ""治山防災工程"", ""變異點編號"": ""AA1411503004""}, ""latitude"": ""25.079833417387000"", ""longitude"": ""121.588719785341000"", ""marker_icon"": ""chg.png"", ""query_city"": ""臺北市"", ""query_year"": ""115"", ""raw_desc_html"": ""變異點編號：AA1411503004<br/>權責單位：臺北市<br/>查證結果：非違規<br/>變異類型：治山防災工程""}",chg.png,efef87feb74ce1c6bb19838215110f48064506b2f623e8d566df05075ab3a37b
115,臺北市,AA1411503005,臺北市,非違規,其他,121.606023508563000,25.079473396755800,false,https://landchg.nlma.gov.tw/Module/RWD/Web/pub_exhibit.aspx,2026-05-12T08:46:43+08:00,"{""fields"": {""查證結果"": ""非違規"", ""權責單位"": ""臺北市"", ""變異類型"": ""其他"", ""變異點編號"": ""AA1411503005""}, ""latitude"": ""25.079473396755800"", ""longitude"": ""121.606023508563000"", ""marker_icon"": ""chg.png"", ""query_city"": ""臺北市"", ""query_year"": ""115"", ""raw_desc_html"": ""變異點編號：AA1411503005<br/>權責單位：臺北市<br/>查證結果：非違規<br/>變異類型：其他""}",chg.png,cb65a65e6bd0866c862121db92c987ff865ade7b3856b48d73c4058d1048d0ac
115,臺北市,AA1411503003,臺北市,非違規,其他,121.608829579438000,25.100565819599000,false,https://landchg.nlma.gov.tw/Module/RWD/Web/pub_exhibit.aspx,2026-05-12T08:46:43+08:00,"{""fields"": {""查證結果"": ""非違規"", ""權責單位"": ""臺北市"", ""變異類型"": ""其他"", ""變異點編號"": ""AA1411503003""}, ""latitude"": ""25.100565819599000"", ""longitude"": ""121.608829579438000"", ""marker_icon"": ""chg.png"", ""query_city"": ""臺北市"", ""query_year"": ""115"", ""raw_desc_html"": ""變異點編號：AA1411503003<br/>權責單位：臺北市<br/>查證結果：非違規<br/>變異類型：其他""}",chg.png,add40772dacc864ce02e4e3fd04b7d1b6336c86b938b45dd949026a2870c3345
115,臺北市,AA1311503009,臺北市,非違規,其他,121.618173768804000,25.026892959166300,false,https://landchg.nlma.gov.tw/Module/RWD/Web/pub_exhibit.aspx,2026-05-12T08:46:43+08:00,"{""fields"": {""查證結果"": ""非違規"", ""權責單位"": ""臺北市"", ""變異類型"": ""其他"", ""變異點編號"": ""AA1311503009""}, ""latitude"": ""25.026892959166300"", ""longitude"": ""121.618173768804000"", ""marker_icon"": ""chg.png"", ""query_city"": ""臺北市"", ""query_year"": ""115"", ""raw_desc_html"": ""變異點編號：AA1311503009<br/>權責單位：臺北市<br/>查證結果：非違規<br/>變異類型：其他""}",chg.png,78b41b3c4b26ac2c8bb7e383a72c8964f9340446e10f0ffb217d2ac27858b230
115,臺北市,AA1411505002,臺北市,非違規,其他,121.624171163444000,25.081052717380300,false,https://landchg.nlma.gov.tw/Module/RWD/Web/pub_exhibit.aspx,2026-05-12T08:46:43+08:00,"{""fields"": {""查證結果"": ""非違規"", ""權責單位"": ""臺北市"", ""變異類型"": ""其他"", ""變異點編號"": ""AA1411505002""}, ""latitude"": ""25.081052717380300"", ""longitude"": ""121.624171163444000"", ""marker_icon"": ""chg.png"", ""query_city"": ""臺北市"", ""query_year"": ""115"", ""raw_desc_html"": ""變異點編號：AA1411505002<br/>權責單位：臺北市<br/>查證結果：非違規<br/>變異類型：其他""}",chg.png,002c141aa51ce0dd10cf2cc6dc63110978ce7fc9788b8742ce17b0bca515c42e
115,新北市,AF0211505006,新北市,違規,違規農業使用,121.296654932462000,25.118626268661700,true,https://landchg.nlma.gov.tw/Module/RWD/Web/pub_exhibit.aspx,2026-05-12T08:46:53+08:00,"{""fields"": {""查證結果"": ""違規"", ""權責單位"": ""新北市"", ""變異類型"": ""違規農業使用"", ""變異點編號"": ""AF0211505006""}, ""latitude"": ""25.118626268661700"", ""longitude"": ""121.296654932462000"", ""marker_icon"": ""chg_red.png"", ""query_city"": ""新北市"", ""query_year"": ""115"", ""raw_desc_html"": ""變異點編號：AF0211505006<br/>權責單位：新北市<br/>查證結果：違規<br/>變異類型：違規農業使用""}",chg_red.png,4ad0a820bd7b350c65a3213e42e906042ffcd19f7d8c9cee7aaa0d353a663317
115,新北市,AF0211504003,新北市,違規,其他開挖整地,121.302578258287000,25.114814033196300,true,https://landchg.nlma.gov.tw/Module/RWD/Web/pub_exhibit.aspx,2026-05-12T08:46:53+08:00,"{""fields"": {""查證結果"": ""違規"", ""權責單位"": ""新北市"", ""變異類型"": ""其他開挖整地"", ""變異點編號"": ""AF0211504003""}, ""latitude"": ""25.114814033196300"", ""longitude"": ""121.302578258287000"", ""marker_icon"": ""chg_red.png"", ""query_city"": ""新北市"", ""query_year"": ""115"", ""raw_desc_html"": ""變異點編號：AF0211504003<br/>權責單位：新北市<br/>查證結果：違規<br/>變異類型：其他開挖整地""}",chg_red.png,07d98618731ace7214f3c7d2fb215540487f1b9c2cf11fa53fc53595d8e35048
115,新北市,AF0211501006,新北市,非違規,其他,121.302795321227000,25.114997436633700,false,https://landchg.nlma.gov.tw/Module/RWD/Web/pub_exhibit.aspx,2026-05-12T08:46:53+08:00,"{""fields"": {""查證結果"": ""非違規"", ""權責單位"": ""新北市"", ""變異類型"": ""其他"", ""變異點編號"": ""AF0211501006""}, ""latitude"": ""25.114997436633700"", ""longitude"": ""121.302795321227000"", ""marker_icon"": ""chg.png"", ""query_city"": ""新北市"", ""query_year"": ""115"", ""raw_desc_html"": ""變異點編號：AF0211501006<br/>權責單位：新北市<br/>查證結果：非違規<br/>變異類型：其他""}",chg.png,7ad23096c1ef0de0ae933136e829091af1cb724540bbcfb7a19d3f3bf68ce9e7
115,新北市,AF0211501005,新北市,違規,違規農業使用,121.303066866605000,25.122264409886600,true,https://landchg.nlma.gov.tw/Module/RWD/Web/pub_exhibit.aspx,2026-05-12T08:46:53+08:00,"{""fields"": {""查證結果"": ""違規"", ""權責單位"": ""新北市"", ""變異類型"": ""違規農業使用"", ""變異點編號"": ""AF0211501005""}, ""latitude"": ""25.122264409886600"", ""longitude"": ""121.303066866605000"", ""marker_icon"": ""chg_red.png"", ""query_city"": ""新北市"", ""query_year"": ""115"", ""raw_desc_html"": ""變異點編號：AF0211501005<br/>權責單位：新北市<br/>查證結果：違規<br/>變異類型：違規農業使用""}",chg_red.png,3c556f80dc38be634e825d6e3a90e5ec4370f057dda42e59a0f872eaa1d43c08
115,新北市,AF0211504002,新北市,違規,堆積土石,121.303339107990000,25.122125163752500,true,https://landchg.nlma.gov.tw/Module/RWD/Web/pub_exhibit.aspx,2026-05-12T08:46:53+08:00,"{""fields"": {""查證結果"": ""違規"", ""權責單位"": ""新北市"", ""變異類型"": ""堆積土石"", ""變異點編號"": ""AF0211504002""}, ""latitude"": ""25.122125163752500"", ""longitude"": ""121.303339107990000"", ""marker_icon"": ""chg_red.png"", ""query_city"": ""新北市"", ""query_year"": ""115"", ""raw_desc_html"": ""變異點編號：AF0211504002<br/>權責單位：新北市<br/>查證結果：違規<br/>變異類型：堆積土石""}",chg_red.png,dc64e329837cd99653822952843d12acdbff57026b7061f5029660aaaea3642c
115,新北市,AF0211503003,新北市,非違規,其他,121.310953731731000,25.110661453772300,false,https://landchg.nlma.gov.tw/Module/RWD/Web/pub_exhibit.aspx,2026-05-12T08:46:53+08:00,"{""fields"": {""查證結果"": ""非違規"", ""權責單位"": ""新北市"", ""變異類型"": ""其他"", ""變異點編號"": ""AF0211503003""}, ""latitude"": ""25.110661453772300"", ""longitude"": ""121.310953731731000"", ""marker_icon"": ""chg.png"", ""query_city"": ""新北市"", ""query_year"": ""115"", ""raw_desc_html"": ""變異點編號：AF0211503003<br/>權責單位：新北市<br/>查證結果：非違規<br/>變異類型：其他""}",chg.png,3bc9d47bf0a8d29ff6ef7f6ef9b4ca0d6956174fddb5e61190dd8f3a5a40971f
115,新北市,AF0211502008,新北市,違規,堆積土石,121.311781361169000,25.110557261608800,true,https://landchg.nlma.gov.tw/Module/RWD/Web/pub_exhibit.aspx,2026-05-12T08:46:53+08:00,"{""fields"": {""查證結果"": ""違規"", ""權責單位"": ""新北市"", ""變異類型"": ""堆積土石"", ""變異點編號"": ""AF0211502008""}, ""latitude"": ""25.110557261608800"", ""longitude"": ""121.311781361169000"", ""marker_icon"": ""chg_red.png"", ""query_city"": ""新北市"", ""query_year"": ""115"", ""raw_desc_html"": ""變異點編號：AF0211502008<br/>權責單位：新北市<br/>查證結果：違規<br/>變異類型：堆積土石""}",chg_red.png,7326576d82af67e8d20a7fbc9c2a8c6268e1235d639cf9b38c923261c0b19c8d
115,新北市,AF0211504030,新北市,非違規,其他,121.311906359631000,25.110984765783100,false,https://landchg.nlma.gov.tw/Module/RWD/Web/pub_exhibit.aspx,2026-05-12T08:46:53+08:00,"{""fields"": {""查證結果"": ""非違規"", ""權責單位"": ""新北市"", ""變異類型"": ""其他"", ""變異點編號"": ""AF0211504030""}, ""latitude"": ""25.110984765783100"", ""longitude"": ""121.311906359631000"", ""marker_icon"": ""chg.png"", ""query_city"": ""新北市"", ""query_year"": ""115"", ""raw_desc_html"": ""變異點編號：AF0211504030<br/>權責單位：新北市<br/>查證結果：非違規<br/>變異類型：其他""}",chg.png,8f807fc4031324b3453c5b47b9cd04d77354f825514cc36b7ab257ce5caf9446
115,新北市,AF1611502017,新北市,非違規,無道路可到達,121.319534770709000,24.940118403620700,false,https://landchg.nlma.gov.tw/Module/RWD/Web/pub_exhibit.aspx,2026-05-12T08:46:53+08:00,"{""fields"": {""查證結果"": ""非違規"", ""權責單位"": ""新北市"", ""變異類型"": ""無道路可到達"", ""變異點編號"": ""AF1611502017""}, ""latitude"": ""24.940118403620700"", ""longitude"": ""121.319534770709000"", ""marker_icon"": ""chg.png"", ""query_city"": ""新北市"", ""query_year"": ""115"", ""raw_desc_html"": ""變異點編號：AF1611502017<br/>權責單位：新北市<br/>查證結果：非違規<br/>變異類型：無道路可到達""}",chg.png,8db49a4c560b7407224446b89fbb5c87e3b4569cff71c72f5a730aa8ab6c414d
115,新北市,AF0211504031,新北市,非違規,其他,121.320886732695000,25.106262208691500,false,https://landchg.nlma.gov.tw/Module/RWD/Web/pub_exhibit.aspx,2026-05-12T08:46:53+08:00,"{""fields"": {""查證結果"": ""非違規"", ""權責單位"": ""新北市"", ""變異類型"": ""其他"", ""變異點編號"": ""AF0211504031""}, ""latitude"": ""25.106262208691500"", ""longitude"": ""121.320886732695000"", ""marker_icon"": ""chg.png"", ""query_city"": ""新北市"", ""query_year"": ""115"", ""raw_desc_html"": ""變異點編號：AF0211504031<br/>權責單位：新北市<br/>查證結果：非違規<br/>變異類型：其他""}",chg.png,92963a4e1154c9b86ca508d592465b5c82d0ccea405b3aa3d2a9090eb5c766bd
115,新北市,AF0211505007,新北市,非違規,其他,121.327053442190000,25.096720673690100,false,https://landchg.nlma.gov.tw/Module/RWD/Web/pub_exhibit.aspx,2026-05-12T08:46:53+08:00,"{""fields"": {""查證結果"": ""非違規"", ""權責單位"": ""新北市"", ""變異類型"": ""其他"", ""變異點編號"": ""AF0211505007""}, ""latitude"": ""25.096720673690100"", ""longitude"": ""121.327053442190000"", ""marker_icon"": ""chg.png"", ""query_city"": ""新北市"", ""query_year"": ""115"", ""raw_desc_html"": ""變異點編號：AF0211505007<br/>權責單位：新北市<br/>查證結果：非違規<br/>變異類型：其他""}",chg.png,ad6f6bb8afc98793668b5a8563e9fbf94ff67b459c8dd1d24b79f444fbcf553f
115,新北市,AF0211504033,新北市,非違規,其他,121.327054643356000,25.122169004110300,false,https://landchg.nlma.gov.tw/Module/RWD/Web/pub_exhibit.aspx,2026-05-12T08:46:53+08:00,"{""fields"": {""查證結果"": ""非違規"", ""權責單位"": ""新北市"", ""變異類型"": ""其他"", ""變異點編號"": ""AF0211504033""}, ""latitude"": ""25.122169004110300"", ""longitude"": ""121.327054643356000"", ""marker_icon"": ""chg.png"", ""query_city"": ""新北市"", ""query_year"": ""115"", ""raw_desc_html"": ""變異點編號：AF0211504033<br/>權責單位：新北市<br/>查證結果：非違規<br/>變異類型：其他""}",chg.png,76b5d24e05496fa03fc8c5c522b206505a419baeeaf9b349db56bd5e8bb87ed8
115,新北市,AF1511504005,新北市,非違規,一般農業使用(含農地水土保持、農業設施、民眾闢設道路等開發案件),121.327485688580000,24.920023882888600,false,https://landchg.nlma.gov.tw/Module/RWD/Web/pub_exhibit.aspx,2026-05-12T08:46:53+08:00,"{""fields"": {""查證結果"": ""非違規"", ""權責單位"": ""新北市"", ""變異類型"": ""一般農業使用(含農地水土保持、農業設施、民眾闢設道路等開發案件)"", ""變異點編號"": ""AF1511504005""}, ""latitude"": ""24.920023882888600"", ""longitude"": ""121.327485688580000"", ""marker_icon"": ""chg.png"", ""query_city"": ""新北市"", ""query_year"": ""115"", ""raw_desc_html"": ""變異點編號：AF1511504005<br/>權責單位：新北市<br/>查證結果：非違規<br/>變異類型：一般農業使用(含農地水土保持、農業設施、民眾闢設道路等開發案件)""}",chg.png,8a833c9033c440f274bea2bd9583b7dbc695593047ad74e42021fa488c1a4723
115,新北市,210115033001,第十河川分署,非違規,其他,121.327701475094000,24.921196394000800,false,https://landchg.nlma.gov.tw/Module/RWD/Web/pub_exhibit.aspx,2026-05-12T08:46:53+08:00,"{""fields"": {""查證結果"": ""非違規"", ""權責單位"": ""第十河川分署"", ""變異類型"": ""其他"", ""變異點編號"": ""210115033001""}, ""latitude"": ""24.921196394000800"", ""longitude"": ""121.327701475094000"", ""marker_icon"": ""chg.png"", ""query_city"": ""新北市"", ""query_year"": ""115"", ""raw_desc_html"": ""變異點編號：210115033001<br/>權責單位：第十河川分署<br/>查證結果：非違規<br/>變異類型：其他""}",chg.png,69f92603c93734b747d69b440a1f148d22021bbebd01736c3e895d7338545741
115,新北市,AF0211504032,新北市,非違規,其他,121.329550663104000,25.100380588196700,false,https://landchg.nlma.gov.tw/Module/RWD/Web/pub_exhibit.aspx,2026-05-12T08:46:53+08:00,"{""fields"": {""查證結果"": ""非違規"", ""權責單位"": ""新北市"", ""變異類型"": ""其他"", ""變異點編號"": ""AF0211504032""}, ""latitude"": ""25.100380588196700"", ""longitude"": ""121.329550663104000"", ""marker_icon"": ""chg.png"", ""query_city"": ""新北市"", ""query_year"": ""115"", ""raw_desc_html"": ""變異點編號：AF0211504032<br/>權責單位：新北市<br/>查證結果：非違規<br/>變異類型：其他""}",chg.png,75df56067c380e8a9e285a38da02141fd53a6a84cd920063371b9fd7d914fa02
115,新北市,AF0211504034,新北市,非違規,其他,121.335571470562000,25.100615730158300,false,https://landchg.nlma.gov.tw/Module/RWD/Web/pub_exhibit.aspx,2026-05-12T08:46:53+08:00,"{""fields"": {""查證結果"": ""非違規"", ""權責單位"": ""新北市"", ""變異類型"": ""其他"", ""變異點編號"": ""AF0211504034""}, ""latitude"": ""25.100615730158300"", ""longitude"": ""121.335571470562000"", ""marker_icon"": ""chg.png"", ""query_city"": ""新北市"", ""query_year"": ""115"", ""raw_desc_html"": ""變異點編號：AF0211504034<br/>權責單位：新北市<br/>查證結果：非違規<br/>變異類型：其他""}",chg.png,daf5ab16381f3daaee743433bf0978631c730a3e50ac69977f3a48e5ec6e508a
115,新北市,AF0211501007,新北市,非違規,其他,121.335591090082000,25.086914531476100,false,https://landchg.nlma.gov.tw/Module/RWD/Web/pub_exhibit.aspx,2026-05-12T08:46:53+08:00,"{""fields"": {""查證結果"": ""非違規"", ""權責單位"": ""新北市"", ""變異類型"": ""其他"", ""變異點編號"": ""AF0211501007""}, ""latitude"": ""25.086914531476100"", ""longitude"": ""121.335591090082000"", ""marker_icon"": ""chg.png"", ""query_city"": ""新北市"", ""query_year"": ""115"", ""raw_desc_html"": ""變異點編號：AF0211501007<br/>權責單位：新北市<br/>查證結果：非違規<br/>變異類型：其他""}",chg.png,5bdb5c887a56c9d669c7b7f8bb2d6e06bc4ea47a64e50b7ba00f217a64f25b08
115,新北市,AF1611501009,新北市,非違規,其他,121.336013366098000,24.947709071008300,false,https://landchg.nlma.gov.tw/Module/RWD/Web/pub_exhibit.aspx,2026-05-12T08:46:53+08:00,"{""fields"": {""查證結果"": ""非違規"", ""權責單位"": ""新北市"", ""變異類型"": ""其他"", ""變異點編號"": ""AF1611501009""}, ""latitude"": ""24.947709071008300"", ""longitude"": ""121.336013366098000"", ""marker_icon"": ""chg.png"", ""query_city"": ""新北市"", ""query_year"": ""115"", ""raw_desc_html"": ""變異點編號：AF1611501009<br/>權責單位：新北市<br/>查證結果：非違規<br/>變異類型：其他""}",chg.png,93a311824249d681427c6133f521f1679e4e2bf02b3ec591b88b603069f24b55
115,新北市,AF1511504006,新北市,非違規,一般農業使用(含農地水土保持、農業設施、民眾闢設道路等開發案件),121.336365456493000,24.909868243665300,false,https://landchg.nlma.gov.tw/Module/RWD/Web/pub_exhibit.aspx,2026-05-12T08:46:53+08:00,"{""fields"": {""查證結果"": ""非違規"", ""權責單位"": ""新北市"", ""變異類型"": ""一般農業使用(含農地水土保持、農業設施、民眾闢設道路等開發案件)"", ""變異點編號"": ""AF1511504006""}, ""latitude"": ""24.909868243665300"", ""longitude"": ""121.336365456493000"", ""marker_icon"": ""chg.png"", ""query_city"": ""新北市"", ""query_year"": ""115"", ""raw_desc_html"": ""變異點編號：AF1511504006<br/>權責單位：新北市<br/>查證結果：非違規<br/>變異類型：一般農業使用(含農地水土保持、農業設施、民眾闢設道路等開發案件)""}",chg.png,15de31fe3f1264f085ef66b02eb64576948a5f07cfde23d24f38f728a4dc4ef9
115,新北市,AF0211501008,新北市,非違規,其他,121.336852155987000,25.087910341959400,false,https://landchg.nlma.gov.tw/Module/RWD/Web/pub_exhibit.aspx,2026-05-12T08:46:53+08:00,"{""fields"": {""查證結果"": ""非違規"", ""權責單位"": ""新北市"", ""變異類型"": ""其他"", ""變異點編號"": ""AF0211501008""}, ""latitude"": ""25.087910341959400"", ""longitude"": ""121.336852155987000"", ""marker_icon"": ""chg.png"", ""query_city"": ""新北市"", ""query_year"": ""115"", ""raw_desc_html"": ""變異點編號：AF0211501008<br/>權責單位：新北市<br/>查證結果：非違規<br/>變異類型：其他""}",chg.png,1f6a613ce3ca3e50a950f65af0c70ecbd40be35accad6802d13f521de0416928
115,新北市,F1611501001,新北市,非違規,其他,121.338462850778000,24.935601174506200,false,https://landchg.nlma.gov.tw/Module/RWD/Web/pub_exhibit.aspx,2026-05-12T08:46:53+08:00,"{""fields"": {""查證結果"": ""非違規"", ""權責單位"": ""新北市"", ""變異類型"": ""其他"", ""變異點編號"": ""F1611501001""}, ""latitude"": ""24.935601174506200"", ""longitude"": ""121.338462850778000"", ""marker_icon"": ""chg.png"", ""query_city"": ""新北市"", ""query_year"": ""115"", ""raw_desc_html"": ""變異點編號：F1611501001<br/>權責單位：新北市<br/>查證結果：非違規<br/>變異類型：其他""}",chg.png,d604d7885fbd2548514aef78bfb573464bbb245377acd27289528eceb3c8cf6e
115,新北市,F1611502001,新北市,非違規,其他,121.338858633135000,24.935417277852100,false,https://landchg.nlma.gov.tw/Module/RWD/Web/pub_exhibit.aspx,2026-05-12T08:46:53+08:00,"{""fields"": {""查證結果"": ""非違規"", ""權責單位"": ""新北市"", ""變異類型"": ""其他"", ""變異點編號"": ""F1611502001""}, ""latitude"": ""24.935417277852100"", ""longitude"": ""121.338858633135000"", ""marker_icon"": ""chg.png"", ""query_city"": ""新北市"", ""query_year"": ""115"", ""raw_desc_html"": ""變異點編號：F1611502001<br/>權責單位：新北市<br/>查證結果：非違規<br/>變異類型：其他""}",chg.png,8642018227ad7c7d7bf75144d80707a504970959c04085ba9b64700668a810a9
115,新北市,AF0211502012,新北市,非違規,一般農業使用(含農地水土保持、農業設施、民眾闢設道路等開發案件),121.343469364962000,25.085846540964600,false,https://landchg.nlma.gov.tw/Module/RWD/Web/pub_exhibit.aspx,2026-05-12T08:46:53+08:00,"{""fields"": {""查證結果"": ""非違規"", ""權責單位"": ""新北市"", ""變異類型"": ""一般農業使用(含農地水土保持、農業設施、民眾闢設道路等開發案件)"", ""變異點編號"": ""AF0211502012""}, ""latitude"": ""25.085846540964600"", ""longitude"": ""121.343469364962000"", ""marker_icon"": ""chg.png"", ""query_city"": ""新北市"", ""query_year"": ""115"", ""raw_desc_html"": ""變異點編號：AF0211502012<br/>權責單位：新北市<br/>查證結果：非違規<br/>變異類型：一般農業使用(含農地水土保持、農業設施、民眾闢設道路等開發案件)""}",chg.png,07c53159c743b0fca2637563988e0cb52782bc72414ac675a478dd8eef7bd668
115,新北市,21011501002,第十河川分署,非違規,其他,121.344639051055000,24.934513730656600,false,https://landchg.nlma.gov.tw/Module/RWD/Web/pub_exhibit.aspx,2026-05-12T08:46:53+08:00,"{""fields"": {""查證結果"": ""非違規"", ""權責單位"": ""第十河川分署"", ""變異類型"": ""其他"", ""變異點編號"": ""21011501002""}, ""latitude"": ""24.934513730656600"", ""longitude"": ""121.344639051055000"", ""marker_icon"": ""chg.png"", ""query_city"": ""新北市"", ""query_year"": ""115"", ""raw_desc_html"": ""變異點編號：21011501002<br/>權責單位：第十河川分署<br/>查證結果：非違規<br/>變異類型：其他""}",chg.png,0e4196cef0f92c623a343ae108873a976ad58194c87aec33ef4002630edf549d
115,新北市,210115013001,第十河川分署,非違規,種植,121.344681975852000,24.934447167120400,false,https://landchg.nlma.gov.tw/Module/RWD/Web/pub_exhibit.aspx,2026-05-12T08:46:53+08:00,"{""fields"": {""查證結果"": ""非違規"", ""權責單位"": ""第十河川分署"", ""變異類型"": ""種植"", ""變異點編號"": ""210115013001""}, ""latitude"": ""24.934447167120400"", ""longitude"": ""121.344681975852000"", ""marker_icon"": ""chg.png"", ""query_city"": ""新北市"", ""query_year"": ""115"", ""raw_desc_html"": ""變異點編號：210115013001<br/>權責單位：第十河川分署<br/>查證結果：非違規<br/>變異類型：種植""}",chg.png,5d48f520202c6e4c4bada8cae1e9c97898702f5bbe8483010fa17555a25c270e
115,新北市,AF1511504901,新北市,非違規,查無變異點位置,121.345589873520000,24.845401539630500,false,https://landchg.nlma.gov.tw/Module/RWD/Web/pub_exhibit.aspx,2026-05-12T08:46:53+08:00,"{""fields"": {""查證結果"": ""非違規"", ""權責單位"": ""新北市"", ""變異類型"": ""查無變異點位置"", ""變異點編號"": ""AF1511504901""}, ""latitude"": ""24.845401539630500"", ""longitude"": ""121.345589873520000"", ""marker_icon"": ""chg.png"", ""query_city"": ""新北市"", ""query_year"": ""115"", ""raw_desc_html"": ""變異點編號：AF1511504901<br/>權責單位：新北市<br/>查證結果：非違規<br/>變異類型：查無變異點位置""}",chg.png,d61fd66b93b84f023d0823a32904b97b8aaf4ba51c32a444b221fc9b7e2c87d4
115,新北市,210115013002,第十河川分署,非違規,其他,121.347208975433000,24.936930048738900,false,https://landchg.nlma.gov.tw/Module/RWD/Web/pub_exhibit.aspx,2026-05-12T08:46:53+08:00,"{""fields"": {""查證結果"": ""非違規"", ""權責單位"": ""第十河川分署"", ""變異類型"": ""其他"", ""變異點編號"": ""210115013002""}, ""latitude"": ""24.936930048738900"", ""longitude"": ""121.347208975433000"", ""marker_icon"": ""chg.png"", ""query_city"": ""新北市"", ""query_year"": ""115"", ""raw_desc_html"": ""變異點編號：210115013002<br/>權責單位：第十河川分署<br/>查證結果：非違規<br/>變異類型：其他""}",chg.png,da82ff3e15e64e96d55775f0fbd277d63863e23c7b5e69a8a67c5ff9e098bb9d
115,新北市,AF0211502009,新北市,非違規,其他,121.348750012714000,25.095531555752800,false,https://landchg.nlma.gov.tw/Module/RWD/Web/pub_exhibit.aspx,2026-05-12T08:46:53+08:00,"{""fields"": {""查證結果"": ""非違規"", ""權責單位"": ""新北市"", ""變異類型"": ""其他"", ""變異點編號"": ""AF0211502009""}, ""latitude"": ""25.095531555752800"", ""longitude"": ""121.348750012714000"", ""marker_icon"": ""chg.png"", ""query_city"": ""新北市"", ""query_year"": ""115"", ""raw_desc_html"": ""變異點編號：AF0211502009<br/>權責單位：新北市<br/>查證結果：非違規<br/>變異類型：其他""}",chg.png,dbb02f9c1f7c63595f474b5b7b00b6b50cc00ad4993ca555300d36bb5e36df14
115,新北市,AF1511503007,新北市,非違規,一般農業使用(含農地水土保持、農業設施、民眾闢設道路等開發案件),121.349386603683000,24.916185328123000,false,https://landchg.nlma.gov.tw/Module/RWD/Web/pub_exhibit.aspx,2026-05-12T08:46:53+08:00,"{""fields"": {""查證結果"": ""非違規"", ""權責單位"": ""新北市"", ""變異類型"": ""一般農業使用(含農地水土保持、農業設施、民眾闢設道路等開發案件)"", ""變異點編號"": ""AF1511503007""}, ""latitude"": ""24.916185328123000"", ""longitude"": ""121.349386603683000"", ""marker_icon"": ""chg.png"", ""query_city"": ""新北市"", ""query_year"": ""115"", ""raw_desc_html"": ""變異點編號：AF1511503007<br/>權責單位：新北市<br/>查證結果：非違規<br/>變異類型：一般農業使用(含農地水土保持、農業設施、民眾闢設道路等開發案件)""}",chg.png,b746598b94f26f774d203c91b0f0106fe49a5d689a537ac1b7db35144cb7f22d
115,新北市,AF0211502013,新北市,違規,堆積土石,121.350744893731000,25.079228089399000,true,https://landchg.nlma.gov.tw/Module/RWD/Web/pub_exhibit.aspx,2026-05-12T08:46:53+08:00,"{""fields"": {""查證結果"": ""違規"", ""權責單位"": ""新北市"", ""變異類型"": ""堆積土石"", ""變異點編號"": ""AF0211502013""}, ""latitude"": ""25.079228089399000"", ""longitude"": ""121.350744893731000"", ""marker_icon"": ""chg_red.png"", ""query_city"": ""新北市"", ""query_year"": ""115"", ""raw_desc_html"": ""變異點編號：AF0211502013<br/>權責單位：新北市<br/>查證結果：違規<br/>變異類型：堆積土石""}",chg_red.png,c5d6d18414c801433c51068a304cd66db13a4d40c8276dbd49e382a1394f952a
115,新北市,AF0211501016,新北市,非違規,其他,121.351061733201000,25.119646868918100,false,https://landchg.nlma.gov.tw/Module/RWD/Web/pub_exhibit.aspx,2026-05-12T08:46:53+08:00,"{""fields"": {""查證結果"": ""非違規"", ""權責單位"": ""新北市"", ""變異類型"": ""其他"", ""變異點編號"": ""AF0211501016""}, ""latitude"": ""25.119646868918100"", ""longitude"": ""121.351061733201000"", ""marker_icon"": ""chg.png"", ""query_city"": ""新北市"", ""query_year"": ""115"", ""raw_desc_html"": ""變異點編號：AF0211501016<br/>權責單位：新北市<br/>查證結果：非違規<br/>變異類型：其他""}",chg.png,17bf5a8131b5ab42a646f18aca3d9e96fe94fee396542159c7ca8498f4284775
115,新北市,AF0211505008,新北市,違規,違規農業使用,121.351596455381000,25.082411074497400,true,https://landchg.nlma.gov.tw/Module/RWD/Web/pub_exhibit.aspx,2026-05-12T08:46:53+08:00,"{""fields"": {""查證結果"": ""違規"", ""權責單位"": ""新北市"", ""變異類型"": ""違規農業使用"", ""變異點編號"": ""AF0211505008""}, ""latitude"": ""25.082411074497400"", ""longitude"": ""121.351596455381000"", ""marker_icon"": ""chg_red.png"", ""query_city"": ""新北市"", ""query_year"": ""115"", ""raw_desc_html"": ""變異點編號：AF0211505008<br/>權責單位：新北市<br/>查證結果：違規<br/>變異類型：違規農業使用""}",chg_red.png,e7922a02f4740152eedd86cb7359498dfc8d14c02a77a7636b06f3a416bc87be
115,新北市,AF0211504037,新北市,違規,違規農業使用,121.352589377377000,25.081475946500000,true,https://landchg.nlma.gov.tw/Module/RWD/Web/pub_exhibit.aspx,2026-05-12T08:46:53+08:00,"{""fields"": {""查證結果"": ""違規"", ""權責單位"": ""新北市"", ""變異類型"": ""違規農業使用"", ""變異點編號"": ""AF0211504037""}, ""latitude"": ""25.081475946500000"", ""longitude"": ""121.352589377377000"", ""marker_icon"": ""chg_red.png"", ""query_city"": ""新北市"", ""query_year"": ""115"", ""raw_desc_html"": ""變異點編號：AF0211504037<br/>權責單位：新北市<br/>查證結果：違規<br/>變異類型：違規農業使用""}",chg_red.png,3f658fb7928167e5107ec9352249946458408cf93ad5de1994ad4a555553d09b
115,新北市,AF0211502011,新北市,非違規,其他,121.352614192541000,25.085849462711600,false,https://landchg.nlma.gov.tw/Module/RWD/Web/pub_exhibit.aspx,2026-05-12T08:46:53+08:00,"{""fields"": {""查證結果"": ""非違規"", ""權責單位"": ""新北市"", ""變異類型"": ""其他"", ""變異點編號"": ""AF0211502011""}, ""latitude"": ""25.085849462711600"", ""longitude"": ""121.352614192541000"", ""marker_icon"": ""chg.png"", ""query_city"": ""新北市"", ""query_year"": ""115"", ""raw_desc_html"": ""變異點編號：AF0211502011<br/>權責單位：新北市<br/>查證結果：非違規<br/>變異類型：其他""}",chg.png,249480baf02872af0d349af5476dd4ce99d513eada439acc2c2bb6bc3349cb9e
115,新北市,AF0211504035,新北市,非違規,其他,121.353561025357000,25.098950727388800,false,https://landchg.nlma.gov.tw/Module/RWD/Web/pub_exhibit.aspx,2026-05-12T08:46:53+08:00,"{""fields"": {""查證結果"": ""非違規"", ""權責單位"": ""新北市"", ""變異類型"": ""其他"", ""變異點編號"": ""AF0211504035""}, ""latitude"": ""25.098950727388800"", ""longitude"": ""121.353561025357000"", ""marker_icon"": ""chg.png"", ""query_city"": ""新北市"", ""query_year"": ""115"", ""raw_desc_html"": ""變異點編號：AF0211504035<br/>權責單位：新北市<br/>查證結果：非違規<br/>變異類型：其他""}",chg.png,ef91d69d007697687a5a138f0b9c3b52ca7cccfdc8e4bfc05acb2a936c513137
115,新北市,210115013003,第十河川分署,非違規,種植,121.354243487063000,24.942093354516900,false,https://landchg.nlma.gov.tw/Module/RWD/Web/pub_exhibit.aspx,2026-05-12T08:46:53+08:00,"{""fields"": {""查證結果"": ""非違規"", ""權責單位"": ""第十河川分署"", ""變異類型"": ""種植"", ""變異點編號"": ""210115013003""}, ""latitude"": ""24.942093354516900"", ""longitude"": ""121.354243487063000"", ""marker_icon"": ""chg.png"", ""query_city"": ""新北市"", ""query_year"": ""115"", ""raw_desc_html"": ""變異點編號：210115013003<br/>權責單位：第十河川分署<br/>查證結果：非違規<br/>變異類型：種植""}",chg.png,bc6f51fcd3914c9226ed09964be89c19e4a7747bcb471e382b8dbc90c2051e95
115,新北市,AF0211502014,新北市,非違規,其他,121.354652326479000,25.070963625427000,false,https://landchg.nlma.gov.tw/Module/RWD/Web/pub_exhibit.aspx,2026-05-12T08:46:53+08:00,"{""fields"": {""查證結果"": ""非違規"", ""權責單位"": ""新北市"", ""變異類型"": ""其他"", ""變異點編號"": ""AF0211502014""}, ""latitude"": ""25.070963625427000"", ""longitude"": ""121.354652326479000"", ""marker_icon"": ""chg.png"", ""query_city"": ""新北市"", ""query_year"": ""115"", ""raw_desc_html"": ""變異點編號：AF0211502014<br/>權責單位：新北市<br/>查證結果：非違規<br/>變異類型：其他""}",chg.png,228e501f6776fd868f47adca6cbf56bb81737f92f9b1bb70b72ec83a28b325f5
115,新北市,AF1611502016,新北市,非違規,其他,121.354978502110000,24.974240076051200,false,https://landchg.nlma.gov.tw/Module/RWD/Web/pub_exhibit.aspx,2026-05-12T08:46:53+08:00,"{""fields"": {""查證結果"": ""非違規"", ""權責單位"": ""新北市"", ""變異類型"": ""其他"", ""變異點編號"": ""AF1611502016""}, ""latitude"": ""24.974240076051200"", ""longitude"": ""121.354978502110000"", ""marker_icon"": ""chg.png"", ""query_city"": ""新北市"", ""query_year"": ""115"", ""raw_desc_html"": ""變異點編號：AF1611502016<br/>權責單位：新北市<br/>查證結果：非違規<br/>變異類型：其他""}",chg.png,3a410391b3eca8978eb2c6182e0554b85e3576bf4cee4f642483ff07bb4c5be1
115,新北市,AF1611501018,新北市,非違規,其他,121.356299204395000,24.968927264139600,false,https://landchg.nlma.gov.tw/Module/RWD/Web/pub_exhibit.aspx,2026-05-12T08:46:53+08:00,"{""fields"": {""查證結果"": ""非違規"", ""權責單位"": ""新北市"", ""變異類型"": ""其他"", ""變異點編號"": ""AF1611501018""}, ""latitude"": ""24.968927264139600"", ""longitude"": ""121.356299204395000"", ""marker_icon"": ""chg.png"", ""query_city"": ""新北市"", ""query_year"": ""115"", ""raw_desc_html"": ""變異點編號：AF1611501018<br/>權責單位：新北市<br/>查證結果：非違規<br/>變異類型：其他""}",chg.png,b3c58a4f3f8883292f42664f90ac1b229231078d3199636af2713b4b15982ad2
115,新北市,AF0211502010,新北市,非違規,其他,121.356542907110000,25.093628804644300,false,https://landchg.nlma.gov.tw/Module/RWD/Web/pub_exhibit.aspx,2026-05-12T08:46:53+08:00,"{""fields"": {""查證結果"": ""非違規"", ""權責單位"": ""新北市"", ""變異類型"": ""其他"", ""變異點編號"": ""AF0211502010""}, ""latitude"": ""25.093628804644300"", ""longitude"": ""121.356542907110000"", ""marker_icon"": ""chg.png"", ""query_city"": ""新北市"", ""query_year"": ""115"", ""raw_desc_html"": ""變異點編號：AF0211502010<br/>權責單位：新北市<br/>查證結果：非違規<br/>變異類型：其他""}",chg.png,b4a573a3b713e698e9cd9d24f467661f9f37ad68e5e880e3e928f6e148356e99
115,新北市,F1611502002,新北市,非違規,其他,121.358189868176000,24.954839229319900,false,https://landchg.nlma.gov.tw/Module/RWD/Web/pub_exhibit.aspx,2026-05-12T08:46:53+08:00,"{""fields"": {""查證結果"": ""非違規"", ""權責單位"": ""新北市"", ""變異類型"": ""其他"", ""變異點編號"": ""F1611502002""}, ""latitude"": ""24.954839229319900"", ""longitude"": ""121.358189868176000"", ""marker_icon"": ""chg.png"", ""query_city"": ""新北市"", ""query_year"": ""115"", ""raw_desc_html"": ""變異點編號：F1611502002<br/>權責單位：新北市<br/>查證結果：非違規<br/>變異類型：其他""}",chg.png,29cabe849b75ef59d31c1916f9e3c174a34e637fb5c11355ee6246976956115c
115,新北市,F1611501006,新北市,非違規,其他,121.358856192802000,24.955704094652400,false,https://landchg.nlma.gov.tw/Module/RWD/Web/pub_exhibit.aspx,2026-05-12T08:46:53+08:00,"{""fields"": {""查證結果"": ""非違規"", ""權責單位"": ""新北市"", ""變異類型"": ""其他"", ""變異點編號"": ""F1611501006""}, ""latitude"": ""24.955704094652400"", ""longitude"": ""121.358856192802000"", ""marker_icon"": ""chg.png"", ""query_city"": ""新北市"", ""query_year"": ""115"", ""raw_desc_html"": ""變異點編號：F1611501006<br/>權責單位：新北市<br/>查證結果：非違規<br/>變異類型：其他""}",chg.png,6b82bc534a0aa1f9264fa6a850b465ee9a4adfdbe199c77e22fd9dd70a079cb6
115,新北市,AF1611501019,新北市,非違規,其他,121.358989509187000,24.972635148459200,false,https://landchg.nlma.gov.tw/Module/RWD/Web/pub_exhibit.aspx,2026-05-12T08:46:53+08:00,"{""fields"": {""查證結果"": ""非違規"", ""權責單位"": ""新北市"", ""變異類型"": ""其他"", ""變異點編號"": ""AF1611501019""}, ""latitude"": ""24.972635148459200"", ""longitude"": ""121.358989509187000"", ""marker_icon"": ""chg.png"", ""query_city"": ""新北市"", ""query_year"": ""115"", ""raw_desc_html"": ""變異點編號：AF1611501019<br/>權責單位：新北市<br/>查證結果：非違規<br/>變異類型：其他""}",chg.png,8ad7a86a0e5d092e6a96cb7d2a12f25679acd056a21f2794f6b4148c23be3d4a
115,新北市,AF1511502002,新北市,非違規,一般農業使用(含農地水土保持、農業設施、民眾闢設道路等開發案件),121.359387129393000,24.860165771756500,false,https://landchg.nlma.gov.tw/Module/RWD/Web/pub_exhibit.aspx,2026-05-12T08:46:53+08:00,"{""fields"": {""查證結果"": ""非違規"", ""權責單位"": ""新北市"", ""變異類型"": ""一般農業使用(含農地水土保持、農業設施、民眾闢設道路等開發案件)"", ""變異點編號"": ""AF1511502002""}, ""latitude"": ""24.860165771756500"", ""longitude"": ""121.359387129393000"", ""marker_icon"": ""chg.png"", ""query_city"": ""新北市"", ""query_year"": ""115"", ""raw_desc_html"": ""變異點編號：AF1511502002<br/>權責單位：新北市<br/>查證結果：非違規<br/>變異類型：一般農業使用(含農地水土保持、農業設施、民眾闢設道路等開發案件)""}",chg.png,67dd0fbe3a12f2ca6853c2f75ac8f38a8e389c7a67d770ad083da26b9bb33a0f
115,新北市,AF1511504007,新北市,非違規,一般農業使用(含農地水土保持、農業設施、民眾闢設道路等開發案件),121.359535700009000,24.861149564893500,false,https://landchg.nlma.gov.tw/Module/RWD/Web/pub_exhibit.aspx,2026-05-12T08:46:53+08:00,"{""fields"": {""查證結果"": ""非違規"", ""權責單位"": ""新北市"", ""變異類型"": ""一般農業使用(含農地水土保持、農業設施、民眾闢設道路等開發案件)"", ""變異點編號"": ""AF1511504007""}, ""latitude"": ""24.861149564893500"", ""longitude"": ""121.359535700009000"", ""marker_icon"": ""chg.png"", ""query_city"": ""新北市"", ""query_year"": ""115"", ""raw_desc_html"": ""變異點編號：AF1511504007<br/>權責單位：新北市<br/>查證結果：非違規<br/>變異類型：一般農業使用(含農地水土保持、農業設施、民眾闢設道路等開發案件)""}",chg.png,7ccd70445cfa415fef089e643e37b11176c1153112f3a8ed94f4615f3c2ed8c6
115,新北市,AF1611502055,新北市,非違規,無道路可到達,121.361194389958000,24.957915132563300,false,https://landchg.nlma.gov.tw/Module/RWD/Web/pub_exhibit.aspx,2026-05-12T08:46:53+08:00,"{""fields"": {""查證結果"": ""非違規"", ""權責單位"": ""新北市"", ""變異類型"": ""無道路可到達"", ""變異點編號"": ""AF1611502055""}, ""latitude"": ""24.957915132563300"", ""longitude"": ""121.361194389958000"", ""marker_icon"": ""chg.png"", ""query_city"": ""新北市"", ""query_year"": ""115"", ""raw_desc_html"": ""變異點編號：AF1611502055<br/>權責單位：新北市<br/>查證結果：非違規<br/>變異類型：無道路可到達""}",chg.png,2291ec2711f69ce7270c8035ab84cccd3e1fd34acbb188b4a240c5bdda5bbbcd
115,新北市,80111502028,新北市,違規,其他,121.361911486311000,24.956082708341300,true,https://landchg.nlma.gov.tw/Module/RWD/Web/pub_exhibit.aspx,2026-05-12T08:46:53+08:00,"{""fields"": {""查證結果"": ""違規"", ""權責單位"": ""新北市"", ""變異類型"": ""其他"", ""變異點編號"": ""80111502028""}, ""latitude"": ""24.956082708341300"", ""longitude"": ""121.361911486311000"", ""marker_icon"": ""chg_red.png"", ""query_city"": ""新北市"", ""query_year"": ""115"", ""raw_desc_html"": ""變異點編號：80111502028<br/>權責單位：新北市<br/>查證結果：違規<br/>變異類型：其他""}",chg_red.png,4021ea380fee318f55dfc22c239334dbf83f41afd4c62ef625333b7e4e7716d1
115,新北市,F1511501007,新北市,非違規,其他,121.362886659423000,24.916536828622300,false,https://landchg.nlma.gov.tw/Module/RWD/Web/pub_exhibit.aspx,2026-05-12T08:46:53+08:00,"{""fields"": {""查證結果"": ""非違規"", ""權責單位"": ""新北市"", ""變異類型"": ""其他"", ""變異點編號"": ""F1511501007""}, ""latitude"": ""24.916536828622300"", ""longitude"": ""121.362886659423000"", ""marker_icon"": ""chg.png"", ""query_city"": ""新北市"", ""query_year"": ""115"", ""raw_desc_html"": ""變異點編號：F1511501007<br/>權責單位：新北市<br/>查證結果：非違規<br/>變異類型：其他""}",chg.png,9987f9642e41c4b529072eda2e78ac3b63ca669419bab3c58b15114b161657ce
115,新北市,F1511504008,新北市,違規,其他,121.363264559538000,24.917758982344200,true,https://landchg.nlma.gov.tw/Module/RWD/Web/pub_exhibit.aspx,2026-05-12T08:46:53+08:00,"{""fields"": {""查證結果"": ""違規"", ""權責單位"": ""新北市"", ""變異類型"": ""其他"", ""變異點編號"": ""F1511504008""}, ""latitude"": ""24.917758982344200"", ""longitude"": ""121.363264559538000"", ""marker_icon"": ""chg_red.png"", ""query_city"": ""新北市"", ""query_year"": ""115"", ""raw_desc_html"": ""變異點編號：F1511504008<br/>權責單位：新北市<br/>查證結果：違規<br/>變異類型：其他""}",chg_red.png,1d65c640b2ff3606ffcb793220b43b7821b4857cb8315ec030542ad8c0256528
115,新北市,AF1511504059,新北市,非違規,一般農業使用(含農地水土保持、農業設施、民眾闢設道路等開發案件),121.363427873180000,24.929273971207000,false,https://landchg.nlma.gov.tw/Module/RWD/Web/pub_exhibit.aspx,2026-05-12T08:46:53+08:00,"{""fields"": {""查證結果"": ""非違規"", ""權責單位"": ""新北市"", ""變異類型"": ""一般農業使用(含農地水土保持、農業設施、民眾闢設道路等開發案件)"", ""變異點編號"": ""AF1511504059""}, ""latitude"": ""24.929273971207000"", ""longitude"": ""121.363427873180000"", ""marker_icon"": ""chg.png"", ""query_city"": ""新北市"", ""query_year"": ""115"", ""raw_desc_html"": ""變異點編號：AF1511504059<br/>權責單位：新北市<br/>查證結果：非違規<br/>變異類型：一般農業使用(含農地水土保持、農業設施、民眾闢設道路等開發案件)""}",chg.png,c602313a93352208e268351b08bf07773210bd62351fbe6156a1fe4aa83e2376
115,新北市,AF0211502051,新北市,非違規,其他,121.369284342435000,25.096953720579400,false,https://landchg.nlma.gov.tw/Module/RWD/Web/pub_exhibit.aspx,2026-05-12T08:46:53+08:00,"{""fields"": {""查證結果"": ""非違規"", ""權責單位"": ""新北市"", ""變異類型"": ""其他"", ""變異點編號"": ""AF0211502051""}, ""latitude"": ""25.096953720579400"", ""longitude"": ""121.369284342435000"", ""marker_icon"": ""chg.png"", ""query_city"": ""新北市"", ""query_year"": ""115"", ""raw_desc_html"": ""變異點編號：AF0211502051<br/>權責單位：新北市<br/>查證結果：非違規<br/>變異類型：其他""}",chg.png,fc92f0d8999c431274ed6736fb8d5c28807d61c8f080459d4278ac7ccf3b53b0
115,新北市,F1511504009,新北市,非違規,其他,121.369323945835000,24.917264734122900,false,https://landchg.nlma.gov.tw/Module/RWD/Web/pub_exhibit.aspx,2026-05-12T08:46:53+08:00,"{""fields"": {""查證結果"": ""非違規"", ""權責單位"": ""新北市"", ""變異類型"": ""其他"", ""變異點編號"": ""F1511504009""}, ""latitude"": ""24.917264734122900"", ""longitude"": ""121.369323945835000"", ""marker_icon"": ""chg.png"", ""query_city"": ""新北市"", ""query_year"": ""115"", ""raw_desc_html"": ""變異點編號：F1511504009<br/>權責單位：新北市<br/>查證結果：非違規<br/>變異類型：其他""}",chg.png,2a33a7020d934aa9aaeca6c4bd45a5fc3558dd41254f6898b9265389a574c2b1
115,新北市,AF1511504063,新北市,非違規,一般農業使用(含農地水土保持、農業設施、民眾闢設道路等開發案件),121.370090362439000,24.890499241217300,false,https://landchg.nlma.gov.tw/Module/RWD/Web/pub_exhibit.aspx,2026-05-12T08:46:53+08:00,"{""fields"": {""查證結果"": ""非違規"", ""權責單位"": ""新北市"", ""變異類型"": ""一般農業使用(含農地水土保持、農業設施、民眾闢設道路等開發案件)"", ""變異點編號"": ""AF1511504063""}, ""latitude"": ""24.890499241217300"", ""longitude"": ""121.370090362439000"", ""marker_icon"": ""chg.png"", ""query_city"": ""新北市"", ""query_year"": ""115"", ""raw_desc_html"": ""變異點編號：AF1511504063<br/>權責單位：新北市<br/>查證結果：非違規<br/>變異類型：一般農業使用(含農地水土保持、農業設施、民眾闢設道路等開發案件)""}",chg.png,5ffa3609a679e2acd7d4a9d6e900d9dae9ed03f1066473b51099c4d74d9dcadc
115,新北市,AF1511502034,新北市,非違規,一般農業使用(含農地水土保持、農業設施、民眾闢設道路等開發案件),121.370437859946000,24.897525062882000,false,https://landchg.nlma.gov.tw/Module/RWD/Web/pub_exhibit.aspx,2026-05-12T08:46:53+08:00,"{""fields"": {""查證結果"": ""非違規"", ""權責單位"": ""新北市"", ""變異類型"": ""一般農業使用(含農地水土保持、農業設施、民眾闢設道路等開發案件)"", ""變異點編號"": ""AF1511502034""}, ""latitude"": ""24.897525062882000"", ""longitude"": ""121.370437859946000"", ""marker_icon"": ""chg.png"", ""query_city"": ""新北市"", ""query_year"": ""115"", ""raw_desc_html"": ""變異點編號：AF1511502034<br/>權責單位：新北市<br/>查證結果：非違規<br/>變異類型：一般農業使用(含農地水土保持、農業設施、民眾闢設道路等開發案件)""}",chg.png,96ab9a1c4f9f6682885edfbb16d0b034e19d16095e1a2d78001f6b01791ad84b
115,新北市,AF0211501017,新北市,非違規,其他,121.371449587674000,25.119584460613700,false,https://landchg.nlma.gov.tw/Module/RWD/Web/pub_exhibit.aspx,2026-05-12T08:46:53+08:00,"{""fields"": {""查證結果"": ""非違規"", ""權責單位"": ""新北市"", ""變異類型"": ""其他"", ""變異點編號"": ""AF0211501017""}, ""latitude"": ""25.119584460613700"", ""longitude"": ""121.371449587674000"", ""marker_icon"": ""chg.png"", ""query_city"": ""新北市"", ""query_year"": ""115"", ""raw_desc_html"": ""變異點編號：AF0211501017<br/>權責單位：新北市<br/>查證結果：非違規<br/>變異類型：其他""}",chg.png,3df850b010bd98623fd3ff02adbf6e7ab5ae7cbff6472bf1417901fe5d021314
115,新北市,AF0211504036,新北市,非違規,其他,121.374163775382000,25.118676622646200,false,https://landchg.nlma.gov.tw/Module/RWD/Web/pub_exhibit.aspx,2026-05-12T08:46:53+08:00,"{""fields"": {""查證結果"": ""非違規"", ""權責單位"": ""新北市"", ""變異類型"": ""其他"", ""變異點編號"": ""AF0211504036""}, ""latitude"": ""25.118676622646200"", ""longitude"": ""121.374163775382000"", ""marker_icon"": ""chg.png"", ""query_city"": ""新北市"", ""query_year"": ""115"", ""raw_desc_html"": ""變異點編號：AF0211504036<br/>權責單位：新北市<br/>查證結果：非違規<br/>變異類型：其他""}",chg.png,3051b599311471b232e2747fbc64c9bf65c603d395400ead210b2ce4fcb378f6
115,新北市,AF1511504060,新北市,非違規,一般農業使用(含農地水土保持、農業設施、民眾闢設道路等開發案件),121.375130401067000,24.908209302977800,false,https://landchg.nlma.gov.tw/Module/RWD/Web/pub_exhibit.aspx,2026-05-12T08:46:53+08:00,"{""fields"": {""查證結果"": ""非違規"", ""權責單位"": ""新北市"", ""變異類型"": ""一般農業使用(含農地水土保持、農業設施、民眾闢設道路等開發案件)"", ""變異點編號"": ""AF1511504060""}, ""latitude"": ""24.908209302977800"", ""longitude"": ""121.375130401067000"", ""marker_icon"": ""chg.png"", ""query_city"": ""新北市"", ""query_year"": ""115"", ""raw_desc_html"": ""變異點編號：AF1511504060<br/>權責單位：新北市<br/>查證結果：非違規<br/>變異類型：一般農業使用(含農地水土保持、農業設施、民眾闢設道路等開發案件)""}",chg.png,21cbadfa1590c4fe73075145dc97e35aaf3675a2d5053869cfbe4317f29a9761
115,新北市,21011503001,第十河川分署,非違規,其他,121.377876968943000,24.961290403697700,false,https://landchg.nlma.gov.tw/Module/RWD/Web/pub_exhibit.aspx,2026-05-12T08:46:53+08:00,"{""fields"": {""查證結果"": ""非違規"", ""權責單位"": ""第十河川分署"", ""變異類型"": ""其他"", ""變異點編號"": ""21011503001""}, ""latitude"": ""24.961290403697700"", ""longitude"": ""121.377876968943000"", ""marker_icon"": ""chg.png"", ""query_city"": ""新北市"", ""query_year"": ""115"", ""raw_desc_html"": ""變異點編號：21011503001<br/>權責單位：第十河川分署<br/>查證結果：非違規<br/>變異類型：其他""}",chg.png,11d9f52247fc5fecaa6c6db3ad4251d5d1efa6e509cb312f51072d04101ebab7
115,新北市,AF0211504038,新北市,非違規,其他,121.380678161042000,25.098024119825000,false,https://landchg.nlma.gov.tw/Module/RWD/Web/pub_exhibit.aspx,2026-05-12T08:46:53+08:00,"{""fields"": {""查證結果"": ""非違規"", ""權責單位"": ""新北市"", ""變異類型"": ""其他"", ""變異點編號"": ""AF0211504038""}, ""latitude"": ""25.098024119825000"", ""longitude"": ""121.380678161042000"", ""marker_icon"": ""chg.png"", ""query_city"": ""新北市"", ""query_year"": ""115"", ""raw_desc_html"": ""變異點編號：AF0211504038<br/>權責單位：新北市<br/>查證結果：非違規<br/>變異類型：其他""}",chg.png,485b458f8c20d660a3046e615f7259d69cc49d14849bb4759817b7955d466a96
115,新北市,21011501003,第十河川分署,非違規,其他,121.380987764271000,24.932873133455200,false,https://landchg.nlma.gov.tw/Module/RWD/Web/pub_exhibit.aspx,2026-05-12T08:46:53+08:00,"{""fields"": {""查證結果"": ""非違規"", ""權責單位"": ""第十河川分署"", ""變異類型"": ""其他"", ""變異點編號"": ""21011501003""}, ""latitude"": ""24.932873133455200"", ""longitude"": ""121.380987764271000"", ""marker_icon"": ""chg.png"", ""query_city"": ""新北市"", ""query_year"": ""115"", ""raw_desc_html"": ""變異點編號：21011501003<br/>權責單位：第十河川分署<br/>查證結果：非違規<br/>變異類型：其他""}",chg.png,c5f6b58506b80740c3db4a1e3eef705780957e48a4f9221ad9d61a69ebf0858e
115,新北市,AF1511502001,新北市,非違規,一般農業使用(含農地水土保持、農業設施、民眾闢設道路等開發案件),121.383147555690000,24.865973078519700,false,https://landchg.nlma.gov.tw/Module/RWD/Web/pub_exhibit.aspx,2026-05-12T08:46:53+08:00,"{""fields"": {""查證結果"": ""非違規"", ""權責單位"": ""新北市"", ""變異類型"": ""一般農業使用(含農地水土保持、農業設施、民眾闢設道路等開發案件)"", ""變異點編號"": ""AF1511502001""}, ""latitude"": ""24.865973078519700"", ""longitude"": ""121.383147555690000"", ""marker_icon"": ""chg.png"", ""query_city"": ""新北市"", ""query_year"": ""115"", ""raw_desc_html"": ""變異點編號：AF1511502001<br/>權責單位：新北市<br/>查證結果：非違規<br/>變異類型：一般農業使用(含農地水土保持、農業設施、民眾闢設道路等開發案件)""}",chg.png,86bddf03b00a088352599e3afb9c3535f028acbc18bcb1b287cdd5b38e8ce93e
115,新北市,21011502002,第十河川分署,非違規,其他,121.385796643010000,24.933880533096200,false,https://landchg.nlma.gov.tw/Module/RWD/Web/pub_exhibit.aspx,2026-05-12T08:46:53+08:00,"{""fields"": {""查證結果"": ""非違規"", ""權責單位"": ""第十河川分署"", ""變異類型"": ""其他"", ""變異點編號"": ""21011502002""}, ""latitude"": ""24.933880533096200"", ""longitude"": ""121.385796643010000"", ""marker_icon"": ""chg.png"", ""query_city"": ""新北市"", ""query_year"": ""115"", ""raw_desc_html"": ""變異點編號：21011502002<br/>權責單位：第十河川分署<br/>查證結果：非違規<br/>變異類型：其他""}",chg.png,bf6acf62bbe81facca5335a6a8010e2cf81b2e59582d3bca2d46b2a75a065aee
115,新北市,F1511504007,新北市,非違規,作物變化,121.386146936120000,24.938122316736600,false,https://landchg.nlma.gov.tw/Module/RWD/Web/pub_exhibit.aspx,2026-05-12T08:46:53+08:00,"{""fields"": {""查證結果"": ""非違規"", ""權責單位"": ""新北市"", ""變異類型"": ""作物變化"", ""變異點編號"": ""F1511504007""}, ""latitude"": ""24.938122316736600"", ""longitude"": ""121.386146936120000"", ""marker_icon"": ""chg.png"", ""query_city"": ""新北市"", ""query_year"": ""115"", ""raw_desc_html"": ""變異點編號：F1511504007<br/>權責單位：新北市<br/>查證結果：非違規<br/>變異類型：作物變化""}",chg.png,d215ff026d2883df1fb5aad9fc1867c417d3762f72520465a787bce334293956
115,新北市,F1711503002,新北市,違規,其他,121.387146874622000,24.953997923990300,true,https://landchg.nlma.gov.tw/Module/RWD/Web/pub_exhibit.aspx,2026-05-12T08:46:53+08:00,"{""fields"": {""查證結果"": ""違規"", ""權責單位"": ""新北市"", ""變異類型"": ""其他"", ""變異點編號"": ""F1711503002""}, ""latitude"": ""24.953997923990300"", ""longitude"": ""121.387146874622000"", ""marker_icon"": ""chg_red.png"", ""query_city"": ""新北市"", ""query_year"": ""115"", ""raw_desc_html"": ""變異點編號：F1711503002<br/>權責單位：新北市<br/>查證結果：違規<br/>變異類型：其他""}",chg_red.png,e7c5b5da293016316af53468c10fefd1637da59c94563910e0980a678be893d4
115,新北市,AF0211502015,新北市,非違規,其他,121.388514707807000,25.072131809821500,false,https://landchg.nlma.gov.tw/Module/RWD/Web/pub_exhibit.aspx,2026-05-12T08:46:53+08:00,"{""fields"": {""查證結果"": ""非違規"", ""權責單位"": ""新北市"", ""變異類型"": ""其他"", ""變異點編號"": ""AF0211502015""}, ""latitude"": ""25.072131809821500"", ""longitude"": ""121.388514707807000"", ""marker_icon"": ""chg.png"", ""query_city"": ""新北市"", ""query_year"": ""115"", ""raw_desc_html"": ""變異點編號：AF0211502015<br/>權責單位：新北市<br/>查證結果：非違規<br/>變異類型：其他""}",chg.png,9d721512f6e63babf41f2919c6e0e60b78ab1e77cb79b737932398c4a0a60a73
115,新北市,AF1711503012,新北市,違規,整坡作業,121.390713873780000,24.992739082445000,true,https://landchg.nlma.gov.tw/Module/RWD/Web/pub_exhibit.aspx,2026-05-12T08:46:53+08:00,"{""fields"": {""查證結果"": ""違規"", ""權責單位"": ""新北市"", ""變異類型"": ""整坡作業"", ""變異點編號"": ""AF1711503012""}, ""latitude"": ""24.992739082445000"", ""longitude"": ""121.390713873780000"", ""marker_icon"": ""chg_red.png"", ""query_city"": ""新北市"", ""query_year"": ""115"", ""raw_desc_html"": ""變異點編號：AF1711503012<br/>權責單位：新北市<br/>查證結果：違規<br/>變異類型：整坡作業""}",chg_red.png,c7ef8b5e1f57e28b543b063d24cecdd220ed8d745c268d3cd37fd6a0b1627c70
115,新北市,AF1511504061,新北市,非違規,一般農業使用(含農地水土保持、農業設施、民眾闢設道路等開發案件),121.391473398568000,24.917696506626800,false,https://landchg.nlma.gov.tw/Module/RWD/Web/pub_exhibit.aspx,2026-05-12T08:46:53+08:00,"{""fields"": {""查證結果"": ""非違規"", ""權責單位"": ""新北市"", ""變異類型"": ""一般農業使用(含農地水土保持、農業設施、民眾闢設道路等開發案件)"", ""變異點編號"": ""AF1511504061""}, ""latitude"": ""24.917696506626800"", ""longitude"": ""121.391473398568000"", ""marker_icon"": ""chg.png"", ""query_city"": ""新北市"", ""query_year"": ""115"", ""raw_desc_html"": ""變異點編號：AF1511504061<br/>權責單位：新北市<br/>查證結果：非違規<br/>變異類型：一般農業使用(含農地水土保持、農業設施、民眾闢設道路等開發案件)""}",chg.png,058b1e5fcd004bb41172852e0cc263278b7503c1ec1905266c21f36d70a0b764
115,新北市,F1711503003,新北市,非違規,作物變化,121.391992698088000,24.953324456799500,false,https://landchg.nlma.gov.tw/Module/RWD/Web/pub_exhibit.aspx,2026-05-12T08:46:53+08:00,"{""fields"": {""查證結果"": ""非違規"", ""權責單位"": ""新北市"", ""變異類型"": ""作物變化"", ""變異點編號"": ""F1711503003""}, ""latitude"": ""24.953324456799500"", ""longitude"": ""121.391992698088000"", ""marker_icon"": ""chg.png"", ""query_city"": ""新北市"", ""query_year"": ""115"", ""raw_desc_html"": ""變異點編號：F1711503003<br/>權責單位：新北市<br/>查證結果：非違規<br/>變異類型：作物變化""}",chg.png,e2885a8ae6af2ee65411e71ac18d5119aeea54fedece2c8a8e74b41fea5e455c
115,新北市,21011502012,第十河川分署,不屬於其管轄範圍,其他,121.394999800849000,24.942718535848600,false,https://landchg.nlma.gov.tw/Module/RWD/Web/pub_exhibit.aspx,2026-05-12T08:46:53+08:00,"{""fields"": {""查證結果"": ""不屬於其管轄範圍"", ""權責單位"": ""第十河川分署"", ""變異類型"": ""其他"", ""變異點編號"": ""21011502012""}, ""latitude"": ""24.942718535848600"", ""longitude"": ""121.394999800849000"", ""marker_icon"": ""chg.png"", ""query_city"": ""新北市"", ""query_year"": ""115"", ""raw_desc_html"": ""變異點編號：21011502012<br/>權責單位：第十河川分署<br/>查證結果：不屬於其管轄範圍<br/>變異類型：其他""}",chg.png,5e1e8394becc29a783c8a1865efab7a6d432acfe5ae5b7824bd5c8858f8a9800
115,新北市,F1511502005,新北市,非違規,作物變化,121.394999800849000,24.942718535848600,false,https://landchg.nlma.gov.tw/Module/RWD/Web/pub_exhibit.aspx,2026-05-12T08:46:53+08:00,"{""fields"": {""查證結果"": ""非違規"", ""權責單位"": ""新北市"", ""變異類型"": ""作物變化"", ""變異點編號"": ""F1511502005""}, ""latitude"": ""24.942718535848600"", ""longitude"": ""121.394999800849000"", ""marker_icon"": ""chg.png"", ""query_city"": ""新北市"", ""query_year"": ""115"", ""raw_desc_html"": ""變異點編號：F1511502005<br/>權責單位：新北市<br/>查證結果：非違規<br/>變異類型：作物變化""}",chg.png,ff9123ea133495e3ae2f03c6b1b1f59258bb40308484a488ed9f0d5236000630
115,新北市,AF1511503005,新北市,非違規,非農業核准開發案件,121.396313828919000,24.930405207550600,false,https://landchg.nlma.gov.tw/Module/RWD/Web/pub_exhibit.aspx,2026-05-12T08:46:53+08:00,"{""fields"": {""查證結果"": ""非違規"", ""權責單位"": ""新北市"", ""變異類型"": ""非農業核准開發案件"", ""變異點編號"": ""AF1511503005""}, ""latitude"": ""24.930405207550600"", ""longitude"": ""121.396313828919000"", ""marker_icon"": ""chg.png"", ""query_city"": ""新北市"", ""query_year"": ""115"", ""raw_desc_html"": ""變異點編號：AF1511503005<br/>權責單位：新北市<br/>查證結果：非違規<br/>變異類型：非農業核准開發案件""}",chg.png,2ea2e12c734d2a6fcdc017c22e066ea167e20af6a8ae2be51ba608e73ef9747d
115,新北市,AF0611502018,新北市,非違規,其他,121.397051050032000,25.071026972026200,false,https://landchg.nlma.gov.tw/Module/RWD/Web/pub_exhibit.aspx,2026-05-12T08:46:53+08:00,"{""fields"": {""查證結果"": ""非違規"", ""權責單位"": ""新北市"", ""變異類型"": ""其他"", ""變異點編號"": ""AF0611502018""}, ""latitude"": ""25.071026972026200"", ""longitude"": ""121.397051050032000"", ""marker_icon"": ""chg.png"", ""query_city"": ""新北市"", ""query_year"": ""115"", ""raw_desc_html"": ""變異點編號：AF0611502018<br/>權責單位：新北市<br/>查證結果：非違規<br/>變異類型：其他""}",chg.png,78a36134e573a378f78de245ed1543510e453074c64bc35e242b32e08238023c
115,新北市,AF1711502004,新北市,非違規,其他,121.397295603078000,24.976330579700800,false,https://landchg.nlma.gov.tw/Module/RWD/Web/pub_exhibit.aspx,2026-05-12T08:46:53+08:00,"{""fields"": {""查證結果"": ""非違規"", ""權責單位"": ""新北市"", ""變異類型"": ""其他"", ""變異點編號"": ""AF1711502004""}, ""latitude"": ""24.976330579700800"", ""longitude"": ""121.397295603078000"", ""marker_icon"": ""chg.png"", ""query_city"": ""新北市"", ""query_year"": ""115"", ""raw_desc_html"": ""變異點編號：AF1711502004<br/>權責單位：新北市<br/>查證結果：非違規<br/>變異類型：其他""}",chg.png,764648fa61d7ff1921802837daee9cd73f3bbbe472fcd8ed056832f6aede8ca7
115,新北市,AF0211505009,新北市,違規,堆積土石,121.397494397816000,25.072441285645100,true,https://landchg.nlma.gov.tw/Module/RWD/Web/pub_exhibit.aspx,2026-05-12T08:46:53+08:00,"{""fields"": {""查證結果"": ""違規"", ""權責單位"": ""新北市"", ""變異類型"": ""堆積土石"", ""變異點編號"": ""AF0211505009""}, ""latitude"": ""25.072441285645100"", ""longitude"": ""121.397494397816000"", ""marker_icon"": ""chg_red.png"", ""query_city"": ""新北市"", ""query_year"": ""115"", ""raw_desc_html"": ""變異點編號：AF0211505009<br/>權責單位：新北市<br/>查證結果：違規<br/>變異類型：堆積土石""}",chg_red.png,d2066521679ce2dc1ca5d2b843339c3b1fa2fd1c4ea6543d688b0e662d882719
115,新北市,AF1711502005,新北市,違規,開發建築用地,121.399223864559000,25.012933022420800,true,https://landchg.nlma.gov.tw/Module/RWD/Web/pub_exhibit.aspx,2026-05-12T08:46:53+08:00,"{""fields"": {""查證結果"": ""違規"", ""權責單位"": ""新北市"", ""變異類型"": ""開發建築用地"", ""變異點編號"": ""AF1711502005""}, ""latitude"": ""25.012933022420800"", ""longitude"": ""121.399223864559000"", ""marker_icon"": ""chg_red.png"", ""query_city"": ""新北市"", ""query_year"": ""115"", ""raw_desc_html"": ""變異點編號：AF1711502005<br/>權責單位：新北市<br/>查證結果：違規<br/>變異類型：開發建築用地""}",chg_red.png,e3c43fa224a6579fc66944258603d2e189de1d8525b0751d619305e1d05c1f79
115,新北市,21011502001,第十河川分署,已知工程,工程施作,121.399439861149000,24.967122624996400,false,https://landchg.nlma.gov.tw/Module/RWD/Web/pub_exhibit.aspx,2026-05-12T08:46:53+08:00,"{""fields"": {""查證結果"": ""已知工程"", ""權責單位"": ""第十河川分署"", ""變異類型"": ""工程施作"", ""變異點編號"": ""21011502001""}, ""latitude"": ""24.967122624996400"", ""longitude"": ""121.399439861149000"", ""marker_icon"": ""chg.png"", ""query_city"": ""新北市"", ""query_year"": ""115"", ""raw_desc_html"": ""變異點編號：21011502001<br/>權責單位：第十河川分署<br/>查證結果：已知工程<br/>變異類型：工程施作""}",chg.png,357d9f1926dfbcafbfcffb4c9aa9234bb3fe261387d739677ad006f8653f4bfa
115,新北市,F1711502001,新北市,非違規,河道變化,121.399439861149000,24.967122624996400,false,https://landchg.nlma.gov.tw/Module/RWD/Web/pub_exhibit.aspx,2026-05-12T08:46:53+08:00,"{""fields"": {""查證結果"": ""非違規"", ""權責單位"": ""新北市"", ""變異類型"": ""河道變化"", ""變異點編號"": ""F1711502001""}, ""latitude"": ""24.967122624996400"", ""longitude"": ""121.399439861149000"", ""marker_icon"": ""chg.png"", ""query_city"": ""新北市"", ""query_year"": ""115"", ""raw_desc_html"": ""變異點編號：F1711502001<br/>權責單位：新北市<br/>查證結果：非違規<br/>變異類型：河道變化""}",chg.png,40d7058b870aedf6d49de0f03ae82d1ebf5de4b04359bdab77abeac4d0aabd3e
115,新北市,21011501001,第十河川分署,已知工程,工程施作,121.400117193555000,24.965555569104900,false,https://landchg.nlma.gov.tw/Module/RWD/Web/pub_exhibit.aspx,2026-05-12T08:46:53+08:00,"{""fields"": {""查證結果"": ""已知工程"", ""權責單位"": ""第十河川分署"", ""變異類型"": ""工程施作"", ""變異點編號"": ""21011501001""}, ""latitude"": ""24.965555569104900"", ""longitude"": ""121.400117193555000"", ""marker_icon"": ""chg.png"", ""query_city"": ""新北市"", ""query_year"": ""115"", ""raw_desc_html"": ""變異點編號：21011501001<br/>權責單位：第十河川分署<br/>查證結果：已知工程<br/>變異類型：工程施作""}",chg.png,7c6e72a5a49e02c065d34057ef110daf0e2b311cd46cb1c5f0da7b4769442aaa
115,新北市,F1711501001,新北市,非違規,整地,121.400117193555000,24.965555569104900,false,https://landchg.nlma.gov.tw/Module/RWD/Web/pub_exhibit.aspx,2026-05-12T08:46:53+08:00,"{""fields"": {""查證結果"": ""非違規"", ""權責單位"": ""新北市"", ""變異類型"": ""整地"", ""變異點編號"": ""F1711501001""}, ""latitude"": ""24.965555569104900"", ""longitude"": ""121.400117193555000"", ""marker_icon"": ""chg.png"", ""query_city"": ""新北市"", ""query_year"": ""115"", ""raw_desc_html"": ""變異點編號：F1711501001<br/>權責單位：新北市<br/>查證結果：非違規<br/>變異類型：整地""}",chg.png,98f1fdebb8f393a144128e23d967aa0e3a7dae9105cece8e19609a6957b656de
115,新北市,AF1711502003,新北市,非違規,其他,121.400605493817000,24.984403009003900,false,https://landchg.nlma.gov.tw/Module/RWD/Web/pub_exhibit.aspx,2026-05-12T08:46:53+08:00,"{""fields"": {""查證結果"": ""非違規"", ""權責單位"": ""新北市"", ""變異類型"": ""其他"", ""變異點編號"": ""AF1711502003""}, ""latitude"": ""24.984403009003900"", ""longitude"": ""121.400605493817000"", ""marker_icon"": ""chg.png"", ""query_city"": ""新北市"", ""query_year"": ""115"", ""raw_desc_html"": ""變異點編號：AF1711502003<br/>權責單位：新北市<br/>查證結果：非違規<br/>變異類型：其他""}",chg.png,e2b267586a14bfa0a60984770f0a8965e11b7c65a5b546606e1740101eae0da3
115,新北市,F1711504006,新北市,非違規,作物變化,121.402113043149000,24.960433728253600,false,https://landchg.nlma.gov.tw/Module/RWD/Web/pub_exhibit.aspx,2026-05-12T08:46:53+08:00,"{""fields"": {""查證結果"": ""非違規"", ""權責單位"": ""新北市"", ""變異類型"": ""作物變化"", ""變異點編號"": ""F1711504006""}, ""latitude"": ""24.960433728253600"", ""longitude"": ""121.402113043149000"", ""marker_icon"": ""chg.png"", ""query_city"": ""新北市"", ""query_year"": ""115"", ""raw_desc_html"": ""變異點編號：F1711504006<br/>權責單位：新北市<br/>查證結果：非違規<br/>變異類型：作物變化""}",chg.png,4d8b96a0af0c3ef07caa82792aa8135a0035d4c0efb2a5d582d3b367640b106d
115,新北市,F3211504001,新北市,違規,其他,121.403028168916000,25.157886729224200,true,https://landchg.nlma.gov.tw/Module/RWD/Web/pub_exhibit.aspx,2026-05-12T08:46:53+08:00,"{""fields"": {""查證結果"": ""違規"", ""權責單位"": ""新北市"", ""變異類型"": ""其他"", ""變異點編號"": ""F3211504001""}, ""latitude"": ""25.157886729224200"", ""longitude"": ""121.403028168916000"", ""marker_icon"": ""chg_red.png"", ""query_city"": ""新北市"", ""query_year"": ""115"", ""raw_desc_html"": ""變異點編號：F3211504001<br/>權責單位：新北市<br/>查證結果：違規<br/>變異類型：其他""}",chg_red.png,e893e6f0bae992de1487d44f834ff2d612dd9ae8d36dd2749f0ce74b850fb848
115,新北市,AF3211502006,新北市,非違規,一般農業使用(含農地水土保持、農業設施、民眾闢設道路等開發案件),121.403545506988000,25.125381887081400,false,https://landchg.nlma.gov.tw/Module/RWD/Web/pub_exhibit.aspx,2026-05-12T08:46:53+08:00,"{""fields"": {""查證結果"": ""非違規"", ""權責單位"": ""新北市"", ""變異類型"": ""一般農業使用(含農地水土保持、農業設施、民眾闢設道路等開發案件)"", ""變異點編號"": ""AF3211502006""}, ""latitude"": ""25.125381887081400"", ""longitude"": ""121.403545506988000"", ""marker_icon"": ""chg.png"", ""query_city"": ""新北市"", ""query_year"": ""115"", ""raw_desc_html"": ""變異點編號：AF3211502006<br/>權責單位：新北市<br/>查證結果：非違規<br/>變異類型：一般農業使用(含農地水土保持、農業設施、民眾闢設道路等開發案件)""}",chg.png,f6b83e94cbdafd24932bd643cc76491004281838b667daca1efbdcb61eab4fdc
115,新北市,210115013004,第十河川分署,違規,其他,121.404496541048000,24.947751733900700,true,https://landchg.nlma.gov.tw/Module/RWD/Web/pub_exhibit.aspx,2026-05-12T08:46:53+08:00,"{""fields"": {""查證結果"": ""違規"", ""權責單位"": ""第十河川分署"", ""變異類型"": ""其他"", ""變異點編號"": ""210115013004""}, ""latitude"": ""24.947751733900700"", ""longitude"": ""121.404496541048000"", ""marker_icon"": ""chg_red.png"", ""query_city"": ""新北市"", ""query_year"": ""115"", ""raw_desc_html"": ""變異點編號：210115013004<br/>權責單位：第十河川分署<br/>查證結果：違規<br/>變異類型：其他""}",chg_red.png,7d88f7a57b195280996d8e74e9d38643b5dfcee2912b4a8fd5c315bfb47354cb
115,新北市,210115043001,第十河川分署,非違規,其他,121.405822069578000,24.964608987099100,false,https://landchg.nlma.gov.tw/Module/RWD/Web/pub_exhibit.aspx,2026-05-12T08:46:53+08:00,"{""fields"": {""查證結果"": ""非違規"", ""權責單位"": ""第十河川分署"", ""變異類型"": ""其他"", ""變異點編號"": ""210115043001""}, ""latitude"": ""24.964608987099100"", ""longitude"": ""121.405822069578000"", ""marker_icon"": ""chg.png"", ""query_city"": ""新北市"", ""query_year"": ""115"", ""raw_desc_html"": ""變異點編號：210115043001<br/>權責單位：第十河川分署<br/>查證結果：非違規<br/>變異類型：其他""}",chg.png,ecd82b1703fa562c150dccde9ea6a6b4291b3eee4aef5f40af2bdb6cd1ab718c
115,新北市,AF3211503001,新北市,非違規,一般農業使用(含農地水土保持、農業設施、民眾闢設道路等開發案件),121.406014846390000,25.137776167520000,false,https://landchg.nlma.gov.tw/Module/RWD/Web/pub_exhibit.aspx,2026-05-12T08:46:53+08:00,"{""fields"": {""查證結果"": ""非違規"", ""權責單位"": ""新北市"", ""變異類型"": ""一般農業使用(含農地水土保持、農業設施、民眾闢設道路等開發案件)"", ""變異點編號"": ""AF3211503001""}, ""latitude"": ""25.137776167520000"", ""longitude"": ""121.406014846390000"", ""marker_icon"": ""chg.png"", ""query_city"": ""新北市"", ""query_year"": ""115"", ""raw_desc_html"": ""變異點編號：AF3211503001<br/>權責單位：新北市<br/>查證結果：非違規<br/>變異類型：一般農業使用(含農地水土保持、農業設施、民眾闢設道路等開發案件)""}",chg.png,2f265d792695283d35cca8689d6bd7d636488599ae736d4880504e3a29c240e8
115,新北市,F3211502010,新北市,違規,整地,121.408213893025000,25.162327851262500,true,https://landchg.nlma.gov.tw/Module/RWD/Web/pub_exhibit.aspx,2026-05-12T08:46:53+08:00,"{""fields"": {""查證結果"": ""違規"", ""權責單位"": ""新北市"", ""變異類型"": ""整地"", ""變異點編號"": ""F3211502010""}, ""latitude"": ""25.162327851262500"", ""longitude"": ""121.408213893025000"", ""marker_icon"": ""chg_red.png"", ""query_city"": ""新北市"", ""query_year"": ""115"", ""raw_desc_html"": ""變異點編號：F3211502010<br/>權責單位：新北市<br/>查證結果：違規<br/>變異類型：整地""}",chg_red.png,508bc484b7b8606caca339322463774e2eda691e963b8fced6241a9a7b8748ce
115,新北市,AF0311502047,新北市,非違規,其他,121.412769304928000,25.100643335474500,false,https://landchg.nlma.gov.tw/Module/RWD/Web/pub_exhibit.aspx,2026-05-12T08:46:53+08:00,"{""fields"": {""查證結果"": ""非違規"", ""權責單位"": ""新北市"", ""變異類型"": ""其他"", ""變異點編號"": ""AF0311502047""}, ""latitude"": ""25.100643335474500"", ""longitude"": ""121.412769304928000"", ""marker_icon"": ""chg.png"", ""query_city"": ""新北市"", ""query_year"": ""115"", ""raw_desc_html"": ""變異點編號：AF0311502047<br/>權責單位：新北市<br/>查證結果：非違規<br/>變異類型：其他""}",chg.png,f58ffd6cc744c5ddeaada40d6e99cc2719b45c8b9e487668c4cbf0ab47dd8700
115,新北市,AF0311504029,新北市,非違規,其他,121.412883215156000,25.074074788360600,false,https://landchg.nlma.gov.tw/Module/RWD/Web/pub_exhibit.aspx,2026-05-12T08:46:53+08:00,"{""fields"": {""查證結果"": ""非違規"", ""權責單位"": ""新北市"", ""變異類型"": ""其他"", ""變異點編號"": ""AF0311504029""}, ""latitude"": ""25.074074788360600"", ""longitude"": ""121.412883215156000"", ""marker_icon"": ""chg.png"", ""query_city"": ""新北市"", ""query_year"": ""115"", ""raw_desc_html"": ""變異點編號：AF0311504029<br/>權責單位：新北市<br/>查證結果：非違規<br/>變異類型：其他""}",chg.png,ed3e767e7c93614920aef178e23e8ae5a55e67293ec2f4ea8e96a749de532cc3
115,新北市,AF0311504027,新北市,非違規,其他,121.414195742748000,25.109230594467000,false,https://landchg.nlma.gov.tw/Module/RWD/Web/pub_exhibit.aspx,2026-05-12T08:46:53+08:00,"{""fields"": {""查證結果"": ""非違規"", ""權責單位"": ""新北市"", ""變異類型"": ""其他"", ""變異點編號"": ""AF0311504027""}, ""latitude"": ""25.109230594467000"", ""longitude"": ""121.414195742748000"", ""marker_icon"": ""chg.png"", ""query_city"": ""新北市"", ""query_year"": ""115"", ""raw_desc_html"": ""變異點編號：AF0311504027<br/>權責單位：新北市<br/>查證結果：非違規<br/>變異類型：其他""}",chg.png,e99c867c0bb104c4c6d8e4d89c40d4ce21f1cec4a17bd6f54edfbc45e56b3c93
115,新北市,AF3211502007,新北市,違規,違規農業使用,121.414416228677000,25.143770879687200,true,https://landchg.nlma.gov.tw/Module/RWD/Web/pub_exhibit.aspx,2026-05-12T08:46:53+08:00,"{""fields"": {""查證結果"": ""違規"", ""權責單位"": ""新北市"", ""變異類型"": ""違規農業使用"", ""變異點編號"": ""AF3211502007""}, ""latitude"": ""25.143770879687200"", ""longitude"": ""121.414416228677000"", ""marker_icon"": ""chg_red.png"", ""query_city"": ""新北市"", ""query_year"": ""115"", ""raw_desc_html"": ""變異點編號：AF3211502007<br/>權責單位：新北市<br/>查證結果：違規<br/>變異類型：違規農業使用""}",chg_red.png,6378623388bb75b3b4ab3269a53a1f104879cfbc386c7535b09a24bc6d35b817
115,新北市,21011501006,第十河川分署,非違規,整地,121.415433931934000,25.169938157796500,false,https://landchg.nlma.gov.tw/Module/RWD/Web/pub_exhibit.aspx,2026-05-12T08:46:53+08:00,"{""fields"": {""查證結果"": ""非違規"", ""權責單位"": ""第十河川分署"", ""變異類型"": ""整地"", ""變異點編號"": ""21011501006""}, ""latitude"": ""25.169938157796500"", ""longitude"": ""121.415433931934000"", ""marker_icon"": ""chg.png"", ""query_city"": ""新北市"", ""query_year"": ""115"", ""raw_desc_html"": ""變異點編號：21011501006<br/>權責單位：第十河川分署<br/>查證結果：非違規<br/>變異類型：整地""}",chg.png,fdd4b978171b85409f18d51a75fae504758f19dc76164677e7e1b89cb9cbe27e
115,新北市,F2711505001,新北市,違規,整地,121.416644463657000,25.188814136562400,true,https://landchg.nlma.gov.tw/Module/RWD/Web/pub_exhibit.aspx,2026-05-12T08:46:53+08:00,"{""fields"": {""查證結果"": ""違規"", ""權責單位"": ""新北市"", ""變異類型"": ""整地"", ""變異點編號"": ""F2711505001""}, ""latitude"": ""25.188814136562400"", ""longitude"": ""121.416644463657000"", ""marker_icon"": ""chg_red.png"", ""query_city"": ""新北市"", ""query_year"": ""115"", ""raw_desc_html"": ""變異點編號：F2711505001<br/>權責單位：新北市<br/>查證結果：違規<br/>變異類型：整地""}",chg_red.png,32a0d16402b4a1ebef0fad0a94ac2bfbfc0d7557cc103431d12ca69ef73d7c62
115,新北市,AF1511504008,新北市,非違規,一般農業使用(含農地水土保持、農業設施、民眾闢設道路等開發案件),121.416958992558000,24.843783969164600,false,https://landchg.nlma.gov.tw/Module/RWD/Web/pub_exhibit.aspx,2026-05-12T08:46:53+08:00,"{""fields"": {""查證結果"": ""非違規"", ""權責單位"": ""新北市"", ""變異類型"": ""一般農業使用(含農地水土保持、農業設施、民眾闢設道路等開發案件)"", ""變異點編號"": ""AF1511504008""}, ""latitude"": ""24.843783969164600"", ""longitude"": ""121.416958992558000"", ""marker_icon"": ""chg.png"", ""query_city"": ""新北市"", ""query_year"": ""115"", ""raw_desc_html"": ""變異點編號：AF1511504008<br/>權責單位：新北市<br/>查證結果：非違規<br/>變異類型：一般農業使用(含農地水土保持、農業設施、民眾闢設道路等開發案件)""}",chg.png,edf92e2ff64342654a1131ceb24c05c98a74bf559b8472c522aabce29283ae62
115,新北市,AF3211503002,新北市,違規,違規農業使用,121.417692291528000,25.138701840922700,true,https://landchg.nlma.gov.tw/Module/RWD/Web/pub_exhibit.aspx,2026-05-12T08:46:53+08:00,"{""fields"": {""查證結果"": ""違規"", ""權責單位"": ""新北市"", ""變異類型"": ""違規農業使用"", ""變異點編號"": ""AF3211503002""}, ""latitude"": ""25.138701840922700"", ""longitude"": ""121.417692291528000"", ""marker_icon"": ""chg_red.png"", ""query_city"": ""新北市"", ""query_year"": ""115"", ""raw_desc_html"": ""變異點編號：AF3211503002<br/>權責單位：新北市<br/>查證結果：違規<br/>變異類型：違規農業使用""}",chg_red.png,f281b8a81ebbb7e3bb95a157c5d2eecb84cd8310aade73188a1c0c521f89258d
115,新北市,AF0311502049,新北市,非違規,其他,121.419801228198000,25.073619466430600,false,https://landchg.nlma.gov.tw/Module/RWD/Web/pub_exhibit.aspx,2026-05-12T08:46:53+08:00,"{""fields"": {""查證結果"": ""非違規"", ""權責單位"": ""新北市"", ""變異類型"": ""其他"", ""變異點編號"": ""AF0311502049""}, ""latitude"": ""25.073619466430600"", ""longitude"": ""121.419801228198000"", ""marker_icon"": ""chg.png"", ""query_city"": ""新北市"", ""query_year"": ""115"", ""raw_desc_html"": ""變異點編號：AF0311502049<br/>權責單位：新北市<br/>查證結果：非違規<br/>變異類型：其他""}",chg.png,3e1078bb2d24e3ff48ee2af1c58858d5dd5f23ec192e836dbee349cdcc0205cc
115,新北市,F3211502009,新北市,違規,整地,121.420533884364000,25.156994583057000,true,https://landchg.nlma.gov.tw/Module/RWD/Web/pub_exhibit.aspx,2026-05-12T08:46:53+08:00,"{""fields"": {""查證結果"": ""違規"", ""權責單位"": ""新北市"", ""變異類型"": ""整地"", ""變異點編號"": ""F3211502009""}, ""latitude"": ""25.156994583057000"", ""longitude"": ""121.420533884364000"", ""marker_icon"": ""chg_red.png"", ""query_city"": ""新北市"", ""query_year"": ""115"", ""raw_desc_html"": ""變異點編號：F3211502009<br/>權責單位：新北市<br/>查證結果：違規<br/>變異類型：整地""}",chg_red.png,b5c1e8bae745d46a85c9ae702899af6d164fdaf7ec8206654ff7c374ddcf5fcf
115,新北市,F2711502008,新北市,非違規,新增建物,121.420647240571000,25.197854974246400,false,https://landchg.nlma.gov.tw/Module/RWD/Web/pub_exhibit.aspx,2026-05-12T08:46:53+08:00,"{""fields"": {""查證結果"": ""非違規"", ""權責單位"": ""新北市"", ""變異類型"": ""新增建物"", ""變異點編號"": ""F2711502008""}, ""latitude"": ""25.197854974246400"", ""longitude"": ""121.420647240571000"", ""marker_icon"": ""chg.png"", ""query_city"": ""新北市"", ""query_year"": ""115"", ""raw_desc_html"": ""變異點編號：F2711502008<br/>權責單位：新北市<br/>查證結果：非違規<br/>變異類型：新增建物""}",chg.png,5d6fc195c7f117e2f4f6b1e352c451382528cfca51618449804c2b48ef27b1b3
115,新北市,AF1511502031,新北市,非違規,非農業核准開發案件,121.422411018717000,24.929838319805400,false,https://landchg.nlma.gov.tw/Module/RWD/Web/pub_exhibit.aspx,2026-05-12T08:46:53+08:00,"{""fields"": {""查證結果"": ""非違規"", ""權責單位"": ""新北市"", ""變異類型"": ""非農業核准開發案件"", ""變異點編號"": ""AF1511502031""}, ""latitude"": ""24.929838319805400"", ""longitude"": ""121.422411018717000"", ""marker_icon"": ""chg.png"", ""query_city"": ""新北市"", ""query_year"": ""115"", ""raw_desc_html"": ""變異點編號：AF1511502031<br/>權責單位：新北市<br/>查證結果：非違規<br/>變異類型：非農業核准開發案件""}",chg.png,afd49b5e73a787cbe6ce924cbeb320c796df1a1e99ed7287cf12358d11ff3750
115,新北市,F1511502006,新北市,非違規,其他,121.422664591834000,24.929505004816600,false,https://landchg.nlma.gov.tw/Module/RWD/Web/pub_exhibit.aspx,2026-05-12T08:46:53+08:00,"{""fields"": {""查證結果"": ""非違規"", ""權責單位"": ""新北市"", ""變異類型"": ""其他"", ""變異點編號"": ""F1511502006""}, ""latitude"": ""24.929505004816600"", ""longitude"": ""121.422664591834000"", ""marker_icon"": ""chg.png"", ""query_city"": ""新北市"", ""query_year"": ""115"", ""raw_desc_html"": ""變異點編號：F1511502006<br/>權責單位：新北市<br/>查證結果：非違規<br/>變異類型：其他""}",chg.png,aec0cfd0e41c410bb0d178c16caafae25162124c275a7821256180addb37128a
115,新北市,F1711505003,新北市,非違規,整地,121.423637740522000,25.001294216734500,false,https://landchg.nlma.gov.tw/Module/RWD/Web/pub_exhibit.aspx,2026-05-12T08:46:53+08:00,"{""fields"": {""查證結果"": ""非違規"", ""權責單位"": ""新北市"", ""變異類型"": ""整地"", ""變異點編號"": ""F1711505003""}, ""latitude"": ""25.001294216734500"", ""longitude"": ""121.423637740522000"", ""marker_icon"": ""chg.png"", ""query_city"": ""新北市"", ""query_year"": ""115"", ""raw_desc_html"": ""變異點編號：F1711505003<br/>權責單位：新北市<br/>查證結果：非違規<br/>變異類型：整地""}",chg.png,8ad7ae8912ed5ebdbdd1d9d80aedc450df0b127912ac847b4ef67c541605285e
115,新北市,AF1511504064,新北市,非違規,一般農業使用(含農地水土保持、農業設施、民眾闢設道路等開發案件),121.427859018157000,24.885863394385300,false,https://landchg.nlma.gov.tw/Module/RWD/Web/pub_exhibit.aspx,2026-05-12T08:46:53+08:00,"{""fields"": {""查證結果"": ""非違規"", ""權責單位"": ""新北市"", ""變異類型"": ""一般農業使用(含農地水土保持、農業設施、民眾闢設道路等開發案件)"", ""變異點編號"": ""AF1511504064""}, ""latitude"": ""24.885863394385300"", ""longitude"": ""121.427859018157000"", ""marker_icon"": ""chg.png"", ""query_city"": ""新北市"", ""query_year"": ""115"", ""raw_desc_html"": ""變異點編號：AF1511504064<br/>權責單位：新北市<br/>查證結果：非違規<br/>變異類型：一般農業使用(含農地水土保持、農業設施、民眾闢設道路等開發案件)""}",chg.png,4864d274b8ce762e04778ceb21ed10b195f0aa133449cb79953761655e535d34
115,新北市,21511502050,新北市,非違規,已取得排水計畫書核定函,121.434767626674000,25.052460875432100,false,https://landchg.nlma.gov.tw/Module/RWD/Web/pub_exhibit.aspx,2026-05-12T08:46:53+08:00,"{""fields"": {""查證結果"": ""非違規"", ""權責單位"": ""新北市"", ""變異類型"": ""已取得排水計畫書核定函"", ""變異點編號"": ""21511502050""}, ""latitude"": ""25.052460875432100"", ""longitude"": ""121.434767626674000"", ""marker_icon"": ""chg.png"", ""query_city"": ""新北市"", ""query_year"": ""115"", ""raw_desc_html"": ""變異點編號：21511502050<br/>權責單位：新北市<br/>查證結果：非違規<br/>變異類型：已取得排水計畫書核定函""}",chg.png,abcef46c2d129142b57ca4dd0bcb64fb7f51a5d42c30d9e0e5f23634ad37a8cf
115,新北市,AF3211502043,新北市,非違規,一般農業使用(含農地水土保持、農業設施、民眾闢設道路等開發案件),121.434982214621000,25.155314238905800,false,https://landchg.nlma.gov.tw/Module/RWD/Web/pub_exhibit.aspx,2026-05-12T08:46:53+08:00,"{""fields"": {""查證結果"": ""非違規"", ""權責單位"": ""新北市"", ""變異類型"": ""一般農業使用(含農地水土保持、農業設施、民眾闢設道路等開發案件)"", ""變異點編號"": ""AF3211502043""}, ""latitude"": ""25.155314238905800"", ""longitude"": ""121.434982214621000"", ""marker_icon"": ""chg.png"", ""query_city"": ""新北市"", ""query_year"": ""115"", ""raw_desc_html"": ""變異點編號：AF3211502043<br/>權責單位：新北市<br/>查證結果：非違規<br/>變異類型：一般農業使用(含農地水土保持、農業設施、民眾闢設道路等開發案件)""}",chg.png,2636adf790f9e5e4d2b0617ce81615f977f757548392f961e72163bbc3407d8f
115,新北市,AF0311503068,新北市,非違規,其他,121.435249542282000,25.119547793515600,false,https://landchg.nlma.gov.tw/Module/RWD/Web/pub_exhibit.aspx,2026-05-12T08:46:53+08:00,"{""fields"": {""查證結果"": ""非違規"", ""權責單位"": ""新北市"", ""變異類型"": ""其他"", ""變異點編號"": ""AF0311503068""}, ""latitude"": ""25.119547793515600"", ""longitude"": ""121.435249542282000"", ""marker_icon"": ""chg.png"", ""query_city"": ""新北市"", ""query_year"": ""115"", ""raw_desc_html"": ""變異點編號：AF0311503068<br/>權責單位：新北市<br/>查證結果：非違規<br/>變異類型：其他""}",chg.png,c579ab64726182931ea73e1759bb4f9e9a85f28642f777dd26f9715ef263afcd
115,新北市,AF0311501004,新北市,非違規,其他,121.435794048530000,25.098567124101300,false,https://landchg.nlma.gov.tw/Module/RWD/Web/pub_exhibit.aspx,2026-05-12T08:46:53+08:00,"{""fields"": {""查證結果"": ""非違規"", ""權責單位"": ""新北市"", ""變異類型"": ""其他"", ""變異點編號"": ""AF0311501004""}, ""latitude"": ""25.098567124101300"", ""longitude"": ""121.435794048530000"", ""marker_icon"": ""chg.png"", ""query_city"": ""新北市"", ""query_year"": ""115"", ""raw_desc_html"": ""變異點編號：AF0311501004<br/>權責單位：新北市<br/>查證結果：非違規<br/>變異類型：其他""}",chg.png,910ed0f4be88c78370ab8267adcd256c26820f31a07422673f467f2c8a0bba2d
115,新北市,21511501058,新北市,非違規,已取得排水計畫書核定函,121.436934529632000,25.053002488312100,false,https://landchg.nlma.gov.tw/Module/RWD/Web/pub_exhibit.aspx,2026-05-12T08:46:53+08:00,"{""fields"": {""查證結果"": ""非違規"", ""權責單位"": ""新北市"", ""變異類型"": ""已取得排水計畫書核定函"", ""變異點編號"": ""21511501058""}, ""latitude"": ""25.053002488312100"", ""longitude"": ""121.436934529632000"", ""marker_icon"": ""chg.png"", ""query_city"": ""新北市"", ""query_year"": ""115"", ""raw_desc_html"": ""變異點編號：21511501058<br/>權責單位：新北市<br/>查證結果：非違規<br/>變異類型：已取得排水計畫書核定函""}",chg.png,c3428254a12e00c509d15a60e9b9d27a3d1516d5182cab157e33b6075c87949d
115,新北市,F0311503005,新北市,非違規,其他,121.439351839728000,25.070659337550800,false,https://landchg.nlma.gov.tw/Module/RWD/Web/pub_exhibit.aspx,2026-05-12T08:46:53+08:00,"{""fields"": {""查證結果"": ""非違規"", ""權責單位"": ""新北市"", ""變異類型"": ""其他"", ""變異點編號"": ""F0311503005""}, ""latitude"": ""25.070659337550800"", ""longitude"": ""121.439351839728000"", ""marker_icon"": ""chg.png"", ""query_city"": ""新北市"", ""query_year"": ""115"", ""raw_desc_html"": ""變異點編號：F0311503005<br/>權責單位：新北市<br/>查證結果：非違規<br/>變異類型：其他""}",chg.png,9cb58729d907d4ae6b01cd791df6da3c517c515f0e3cfc3a0d31a1f021df2960
115,新北市,21511502049,新北市,非違規,已取得排水計畫書核定函,121.439416610730000,25.054570730902100,false,https://landchg.nlma.gov.tw/Module/RWD/Web/pub_exhibit.aspx,2026-05-12T08:46:53+08:00,"{""fields"": {""查證結果"": ""非違規"", ""權責單位"": ""新北市"", ""變異類型"": ""已取得排水計畫書核定函"", ""變異點編號"": ""21511502049""}, ""latitude"": ""25.054570730902100"", ""longitude"": ""121.439416610730000"", ""marker_icon"": ""chg.png"", ""query_city"": ""新北市"", ""query_year"": ""115"", ""raw_desc_html"": ""變異點編號：21511502049<br/>權責單位：新北市<br/>查證結果：非違規<br/>變異類型：已取得排水計畫書核定函""}",chg.png,0edb98dc8e3516965c4ebff85f62ce3b5b0a58f8742980eace2b203396746da9
115,新北市,AF3211502042,新北市,非違規,無道路可到達,121.439913178984000,25.150707963102100,false,https://landchg.nlma.gov.tw/Module/RWD/Web/pub_exhibit.aspx,2026-05-12T08:46:53+08:00,"{""fields"": {""查證結果"": ""非違規"", ""權責單位"": ""新北市"", ""變異類型"": ""無道路可到達"", ""變異點編號"": ""AF3211502042""}, ""latitude"": ""25.150707963102100"", ""longitude"": ""121.439913178984000"", ""marker_icon"": ""chg.png"", ""query_city"": ""新北市"", ""query_year"": ""115"", ""raw_desc_html"": ""變異點編號：AF3211502042<br/>權責單位：新北市<br/>查證結果：非違規<br/>變異類型：無道路可到達""}",chg.png,76e7676f3c828ca5c10a11c3c44a063e13460d53919414c452eb83d872b9c787
115,新北市,AF1511502036,新北市,非違規,一般農業使用(含農地水土保持、農業設施、民眾闢設道路等開發案件),121.440908014084000,24.864792058335600,false,https://landchg.nlma.gov.tw/Module/RWD/Web/pub_exhibit.aspx,2026-05-12T08:46:53+08:00,"{""fields"": {""查證結果"": ""非違規"", ""權責單位"": ""新北市"", ""變異類型"": ""一般農業使用(含農地水土保持、農業設施、民眾闢設道路等開發案件)"", ""變異點編號"": ""AF1511502036""}, ""latitude"": ""24.864792058335600"", ""longitude"": ""121.440908014084000"", ""marker_icon"": ""chg.png"", ""query_city"": ""新北市"", ""query_year"": ""115"", ""raw_desc_html"": ""變異點編號：AF1511502036<br/>權責單位：新北市<br/>查證結果：非違規<br/>變異類型：一般農業使用(含農地水土保持、農業設施、民眾闢設道路等開發案件)""}",chg.png,ab11902cef6e636c35d796fffb1e9806c353438029f76bb4d87a95e684b57386
115,新北市,AF0311502050,新北市,非違規,其他,121.441122775162000,25.092427683844100,false,https://landchg.nlma.gov.tw/Module/RWD/Web/pub_exhibit.aspx,2026-05-12T08:46:53+08:00,"{""fields"": {""查證結果"": ""非違規"", ""權責單位"": ""新北市"", ""變異類型"": ""其他"", ""變異點編號"": ""AF0311502050""}, ""latitude"": ""25.092427683844100"", ""longitude"": ""121.441122775162000"", ""marker_icon"": ""chg.png"", ""query_city"": ""新北市"", ""query_year"": ""115"", ""raw_desc_html"": ""變異點編號：AF0311502050<br/>權責單位：新北市<br/>查證結果：非違規<br/>變異類型：其他""}",chg.png,e54e2d96020c37c900efec8987fc08ec3ba698f771d3871c1fe3e9202894fa7c
115,新北市,AF0311502048,新北市,違規,其他開挖整地,121.441372968309000,25.100274308792600,true,https://landchg.nlma.gov.tw/Module/RWD/Web/pub_exhibit.aspx,2026-05-12T08:46:53+08:00,"{""fields"": {""查證結果"": ""違規"", ""權責單位"": ""新北市"", ""變異類型"": ""其他開挖整地"", ""變異點編號"": ""AF0311502048""}, ""latitude"": ""25.100274308792600"", ""longitude"": ""121.441372968309000"", ""marker_icon"": ""chg_red.png"", ""query_city"": ""新北市"", ""query_year"": ""115"", ""raw_desc_html"": ""變異點編號：AF0311502048<br/>權責單位：新北市<br/>查證結果：違規<br/>變異類型：其他開挖整地""}",chg_red.png,abc6bf02da5a47e9495fdfbb9b34df8520b417b53eb3482f588258ff36d6725b
115,新北市,21511501057,新北市,非違規,已取得排水計畫書核定函,121.441530066483000,25.057053773214900,false,https://landchg.nlma.gov.tw/Module/RWD/Web/pub_exhibit.aspx,2026-05-12T08:46:53+08:00,"{""fields"": {""查證結果"": ""非違規"", ""權責單位"": ""新北市"", ""變異類型"": ""已取得排水計畫書核定函"", ""變異點編號"": ""21511501057""}, ""latitude"": ""25.057053773214900"", ""longitude"": ""121.441530066483000"", ""marker_icon"": ""chg.png"", ""query_city"": ""新北市"", ""query_year"": ""115"", ""raw_desc_html"": ""變異點編號：21511501057<br/>權責單位：新北市<br/>查證結果：非違規<br/>變異類型：已取得排水計畫書核定函""}",chg.png,257d69b0a172ffbc334633aa5d1a1a01b91ce0dbcdbf5dd2e8f29031f6052605
115,新北市,AF0311503069,新北市,非違規,其他,121.441990399724000,25.103617086503200,false,https://landchg.nlma.gov.tw/Module/RWD/Web/pub_exhibit.aspx,2026-05-12T08:46:53+08:00,"{""fields"": {""查證結果"": ""非違規"", ""權責單位"": ""新北市"", ""變異類型"": ""其他"", ""變異點編號"": ""AF0311503069""}, ""latitude"": ""25.103617086503200"", ""longitude"": ""121.441990399724000"", ""marker_icon"": ""chg.png"", ""query_city"": ""新北市"", ""query_year"": ""115"", ""raw_desc_html"": ""變異點編號：AF0311503069<br/>權責單位：新北市<br/>查證結果：非違規<br/>變異類型：其他""}",chg.png,0be88064a116d764d497505620311380b4597d25790159fb2ef7883e1437e984
115,新北市,21011502007,第十河川分署,非違規,整地,121.442664503754000,25.021529940993600,false,https://landchg.nlma.gov.tw/Module/RWD/Web/pub_exhibit.aspx,2026-05-12T08:46:53+08:00,"{""fields"": {""查證結果"": ""非違規"", ""權責單位"": ""第十河川分署"", ""變異類型"": ""整地"", ""變異點編號"": ""21011502007""}, ""latitude"": ""25.021529940993600"", ""longitude"": ""121.442664503754000"", ""marker_icon"": ""chg.png"", ""query_city"": ""新北市"", ""query_year"": ""115"", ""raw_desc_html"": ""變異點編號：21011502007<br/>權責單位：第十河川分署<br/>查證結果：非違規<br/>變異類型：整地""}",chg.png,e4c19891204d3087474b4f1a35893bb6576357a90d4bbb591f662f8b6c06b3f7
115,新北市,AF1511501013,新北市,非違規,一般農業使用(含農地水土保持、農業設施、民眾闢設道路等開發案件),121.443724011838000,24.907733048575900,false,https://landchg.nlma.gov.tw/Module/RWD/Web/pub_exhibit.aspx,2026-05-12T08:46:53+08:00,"{""fields"": {""查證結果"": ""非違規"", ""權責單位"": ""新北市"", ""變異類型"": ""一般農業使用(含農地水土保持、農業設施、民眾闢設道路等開發案件)"", ""變異點編號"": ""AF1511501013""}, ""latitude"": ""24.907733048575900"", ""longitude"": ""121.443724011838000"", ""marker_icon"": ""chg.png"", ""query_city"": ""新北市"", ""query_year"": ""115"", ""raw_desc_html"": ""變異點編號：AF1511501013<br/>權責單位：新北市<br/>查證結果：非違規<br/>變異類型：一般農業使用(含農地水土保持、農業設施、民眾闢設道路等開發案件)""}",chg.png,c27918c286c6361178d2b8df9f39877f05a4314b7774d88ea6b202ccc349ab4d
115,新北市,AF1911502038,新北市,非違規,非農業核准開發案件,121.444590279896000,24.972036621876500,false,https://landchg.nlma.gov.tw/Module/RWD/Web/pub_exhibit.aspx,2026-05-12T08:46:53+08:00,"{""fields"": {""查證結果"": ""非違規"", ""權責單位"": ""新北市"", ""變異類型"": ""非農業核准開發案件"", ""變異點編號"": ""AF1911502038""}, ""latitude"": ""24.972036621876500"", ""longitude"": ""121.444590279896000"", ""marker_icon"": ""chg.png"", ""query_city"": ""新北市"", ""query_year"": ""115"", ""raw_desc_html"": ""變異點編號：AF1911502038<br/>權責單位：新北市<br/>查證結果：非違規<br/>變異類型：非農業核准開發案件""}",chg.png,660c4d950866af8e1ac738cc8cb3d58e198de191ebc18b6ede83d5f2c0381e12
115,新北市,F0311504002,新北市,違規,新增建物,121.444636409874000,25.102563664060400,true,https://landchg.nlma.gov.tw/Module/RWD/Web/pub_exhibit.aspx,2026-05-12T08:46:53+08:00,"{""fields"": {""查證結果"": ""違規"", ""權責單位"": ""新北市"", ""變異類型"": ""新增建物"", ""變異點編號"": ""F0311504002""}, ""latitude"": ""25.102563664060400"", ""longitude"": ""121.444636409874000"", ""marker_icon"": ""chg_red.png"", ""query_city"": ""新北市"", ""query_year"": ""115"", ""raw_desc_html"": ""變異點編號：F0311504002<br/>權責單位：新北市<br/>查證結果：違規<br/>變異類型：新增建物""}",chg_red.png,1d957fab11797dd2ea0f9acea6c9ec68897c4a965f604312da05250bb0f3fadf
115,新北市,AF1511503006,新北市,非違規,一般農業使用(含農地水土保持、農業設施、民眾闢設道路等開發案件),121.444662312494000,24.930172167716400,false,https://landchg.nlma.gov.tw/Module/RWD/Web/pub_exhibit.aspx,2026-05-12T08:46:53+08:00,"{""fields"": {""查證結果"": ""非違規"", ""權責單位"": ""新北市"", ""變異類型"": ""一般農業使用(含農地水土保持、農業設施、民眾闢設道路等開發案件)"", ""變異點編號"": ""AF1511503006""}, ""latitude"": ""24.930172167716400"", ""longitude"": ""121.444662312494000"", ""marker_icon"": ""chg.png"", ""query_city"": ""新北市"", ""query_year"": ""115"", ""raw_desc_html"": ""變異點編號：AF1511503006<br/>權責單位：新北市<br/>查證結果：非違規<br/>變異類型：一般農業使用(含農地水土保持、農業設施、民眾闢設道路等開發案件)""}",chg.png,22e5c8f4232e4c8b87f6a3c4234a087c7064c6545e329679a6c8d9c191cca664
115,新北市,F0311502014,新北市,非違規,其他,121.445609731659000,25.082059953843200,false,https://landchg.nlma.gov.tw/Module/RWD/Web/pub_exhibit.aspx,2026-05-12T08:46:53+08:00,"{""fields"": {""查證結果"": ""非違規"", ""權責單位"": ""新北市"", ""變異類型"": ""其他"", ""變異點編號"": ""F0311502014""}, ""latitude"": ""25.082059953843200"", ""longitude"": ""121.445609731659000"", ""marker_icon"": ""chg.png"", ""query_city"": ""新北市"", ""query_year"": ""115"", ""raw_desc_html"": ""變異點編號：F0311502014<br/>權責單位：新北市<br/>查證結果：非違規<br/>變異類型：其他""}",chg.png,00bf09112a994fc4bc6a1c965c68d5e2afe5383f2460b8c741d5bd430c9ad4c3
115,新北市,AF2711502077,新北市,非違規,一般農業使用(含農地水土保持、農業設施、民眾闢設道路等開發案件),121.446471175066000,25.232503258136900,false,https://landchg.nlma.gov.tw/Module/RWD/Web/pub_exhibit.aspx,2026-05-12T08:46:53+08:00,"{""fields"": {""查證結果"": ""非違規"", ""權責單位"": ""新北市"", ""變異類型"": ""一般農業使用(含農地水土保持、農業設施、民眾闢設道路等開發案件)"", ""變異點編號"": ""AF2711502077""}, ""latitude"": ""25.232503258136900"", ""longitude"": ""121.446471175066000"", ""marker_icon"": ""chg.png"", ""query_city"": ""新北市"", ""query_year"": ""115"", ""raw_desc_html"": ""變異點編號：AF2711502077<br/>權責單位：新北市<br/>查證結果：非違規<br/>變異類型：一般農業使用(含農地水土保持、農業設施、民眾闢設道路等開發案件)""}",chg.png,da1905e811669aeca31e6dd2ca81ac601c1a165817c15548aa6b8df0b86c0889
115,新北市,AF1511503010,新北市,違規,修建道路或溝渠(含鐵、公路),121.446716603544000,24.871695642905300,true,https://landchg.nlma.gov.tw/Module/RWD/Web/pub_exhibit.aspx,2026-05-12T08:46:53+08:00,"{""fields"": {""查證結果"": ""違規"", ""權責單位"": ""新北市"", ""變異類型"": ""修建道路或溝渠(含鐵、公路)"", ""變異點編號"": ""AF1511503010""}, ""latitude"": ""24.871695642905300"", ""longitude"": ""121.446716603544000"", ""marker_icon"": ""chg_red.png"", ""query_city"": ""新北市"", ""query_year"": ""115"", ""raw_desc_html"": ""變異點編號：AF1511503010<br/>權責單位：新北市<br/>查證結果：違規<br/>變異類型：修建道路或溝渠(含鐵、公路)""}",chg_red.png,b3c630d0b07be4201999f5aac2f9072cbdd1a948a7c605b86937ecfce4fd3afb
115,新北市,AF1511503009,新北市,非違規,休閒農業開發案件,121.447536182181000,24.897314056308000,false,https://landchg.nlma.gov.tw/Module/RWD/Web/pub_exhibit.aspx,2026-05-12T08:46:53+08:00,"{""fields"": {""查證結果"": ""非違規"", ""權責單位"": ""新北市"", ""變異類型"": ""休閒農業開發案件"", ""變異點編號"": ""AF1511503009""}, ""latitude"": ""24.897314056308000"", ""longitude"": ""121.447536182181000"", ""marker_icon"": ""chg.png"", ""query_city"": ""新北市"", ""query_year"": ""115"", ""raw_desc_html"": ""變異點編號：AF1511503009<br/>權責單位：新北市<br/>查證結果：非違規<br/>變異類型：休閒農業開發案件""}",chg.png,3d0cf49130d82b1a5567808e3643756a06b7677c8ba351dc2928d11ebd7434c8
115,新北市,80111504031,新北市,非違規,其他,121.447756460219000,24.950051612830200,false,https://landchg.nlma.gov.tw/Module/RWD/Web/pub_exhibit.aspx,2026-05-12T08:46:53+08:00,"{""fields"": {""查證結果"": ""非違規"", ""權責單位"": ""新北市"", ""變異類型"": ""其他"", ""變異點編號"": ""80111504031""}, ""latitude"": ""24.950051612830200"", ""longitude"": ""121.447756460219000"", ""marker_icon"": ""chg.png"", ""query_city"": ""新北市"", ""query_year"": ""115"", ""raw_desc_html"": ""變異點編號：80111504031<br/>權責單位：新北市<br/>查證結果：非違規<br/>變異類型：其他""}",chg.png,f188df55b9381cc8eb066316c23efe6652bbe989fa26340109d30e6652a3975e
115,新北市,AF1911504067,新北市,非違規,非農業核准開發案件,121.447756460219000,24.950051612830200,false,https://landchg.nlma.gov.tw/Module/RWD/Web/pub_exhibit.aspx,2026-05-12T08:46:53+08:00,"{""fields"": {""查證結果"": ""非違規"", ""權責單位"": ""新北市"", ""變異類型"": ""非農業核准開發案件"", ""變異點編號"": ""AF1911504067""}, ""latitude"": ""24.950051612830200"", ""longitude"": ""121.447756460219000"", ""marker_icon"": ""chg.png"", ""query_city"": ""新北市"", ""query_year"": ""115"", ""raw_desc_html"": ""變異點編號：AF1911504067<br/>權責單位：新北市<br/>查證結果：非違規<br/>變異類型：非農業核准開發案件""}",chg.png,0aaf07a9c1331b6047a299c00e58a58ad2e3715fb90390ae376f3738aa01294b
115,新北市,210115043002,第十河川分署,非違規,整地,121.449773375177000,25.162622452179300,false,https://landchg.nlma.gov.tw/Module/RWD/Web/pub_exhibit.aspx,2026-05-12T08:46:53+08:00,"{""fields"": {""查證結果"": ""非違規"", ""權責單位"": ""第十河川分署"", ""變異類型"": ""整地"", ""變異點編號"": ""210115043002""}, ""latitude"": ""25.162622452179300"", ""longitude"": ""121.449773375177000"", ""marker_icon"": ""chg.png"", ""query_city"": ""新北市"", ""query_year"": ""115"", ""raw_desc_html"": ""變異點編號：210115043002<br/>權責單位：第十河川分署<br/>查證結果：非違規<br/>變異類型：整地""}",chg.png,6933a3a8d8c53ea1bc3e2d5d6a0be6bd955b9ca8fc3caec17d37a92cb56fb487
115,新北市,F27115043001,新北市,非違規,整地,121.449773375177000,25.162622452179300,false,https://landchg.nlma.gov.tw/Module/RWD/Web/pub_exhibit.aspx,2026-05-12T08:46:53+08:00,"{""fields"": {""查證結果"": ""非違規"", ""權責單位"": ""新北市"", ""變異類型"": ""整地"", ""變異點編號"": ""F27115043001""}, ""latitude"": ""25.162622452179300"", ""longitude"": ""121.449773375177000"", ""marker_icon"": ""chg.png"", ""query_city"": ""新北市"", ""query_year"": ""115"", ""raw_desc_html"": ""變異點編號：F27115043001<br/>權責單位：新北市<br/>查證結果：非違規<br/>變異類型：整地""}",chg.png,ec4cd4c7f0fb5d9aa46efef6f61eeb14efc24d0d85b6d3f4b2614ff21122341f
115,新北市,AF1511502032,新北市,非違規,一般農業使用(含農地水土保持、農業設施、民眾闢設道路等開發案件),121.450214947400000,24.925256261190400,false,https://landchg.nlma.gov.tw/Module/RWD/Web/pub_exhibit.aspx,2026-05-12T08:46:53+08:00,"{""fields"": {""查證結果"": ""非違規"", ""權責單位"": ""新北市"", ""變異類型"": ""一般農業使用(含農地水土保持、農業設施、民眾闢設道路等開發案件)"", ""變異點編號"": ""AF1511502032""}, ""latitude"": ""24.925256261190400"", ""longitude"": ""121.450214947400000"", ""marker_icon"": ""chg.png"", ""query_city"": ""新北市"", ""query_year"": ""115"", ""raw_desc_html"": ""變異點編號：AF1511502032<br/>權責單位：新北市<br/>查證結果：非違規<br/>變異類型：一般農業使用(含農地水土保持、農業設施、民眾闢設道路等開發案件)""}",chg.png,a17cfe559a25fd53c7c1e0d2899e63f52d6db477ae9dff9c4ee02f6b8a3d3a55
115,新北市,AF3211503066,新北市,違規,違規農業使用,121.450433146589000,25.121275578238500,true,https://landchg.nlma.gov.tw/Module/RWD/Web/pub_exhibit.aspx,2026-05-12T08:46:53+08:00,"{""fields"": {""查證結果"": ""違規"", ""權責單位"": ""新北市"", ""變異類型"": ""違規農業使用"", ""變異點編號"": ""AF3211503066""}, ""latitude"": ""25.121275578238500"", ""longitude"": ""121.450433146589000"", ""marker_icon"": ""chg_red.png"", ""query_city"": ""新北市"", ""query_year"": ""115"", ""raw_desc_html"": ""變異點編號：AF3211503066<br/>權責單位：新北市<br/>查證結果：違規<br/>變異類型：違規農業使用""}",chg_red.png,b125293f9841093a328295de86f37f7d1f64e7a4a9409a6bd4c9b5e4e82acdd5
115,新北市,21011501011,第十河川分署,非違規,整地,121.451006106465000,25.078518245783600,false,https://landchg.nlma.gov.tw/Module/RWD/Web/pub_exhibit.aspx,2026-05-12T08:46:53+08:00,"{""fields"": {""查證結果"": ""非違規"", ""權責單位"": ""第十河川分署"", ""變異類型"": ""整地"", ""變異點編號"": ""21011501011""}, ""latitude"": ""25.078518245783600"", ""longitude"": ""121.451006106465000"", ""marker_icon"": ""chg.png"", ""query_city"": ""新北市"", ""query_year"": ""115"", ""raw_desc_html"": ""變異點編號：21011501011<br/>權責單位：第十河川分署<br/>查證結果：非違規<br/>變異類型：整地""}",chg.png,44e86ad00ab5a2b25d8e93088c81721539ab1cb74abf2b880cba0489e0fa526b
115,新北市,AF1911502039,新北市,非違規,非農業核准開發案件,121.451042258697000,24.971205227470100,false,https://landchg.nlma.gov.tw/Module/RWD/Web/pub_exhibit.aspx,2026-05-12T08:46:53+08:00,"{""fields"": {""查證結果"": ""非違規"", ""權責單位"": ""新北市"", ""變異類型"": ""非農業核准開發案件"", ""變異點編號"": ""AF1911502039""}, ""latitude"": ""24.971205227470100"", ""longitude"": ""121.451042258697000"", ""marker_icon"": ""chg.png"", ""query_city"": ""新北市"", ""query_year"": ""115"", ""raw_desc_html"": ""變異點編號：AF1911502039<br/>權責單位：新北市<br/>查證結果：非違規<br/>變異類型：非農業核准開發案件""}",chg.png,27bc278b927a50cd6e20a805fb61560c8cd6edceeea8aa3a36b87b81fda8f5d9
115,新北市,AF1511501015,新北市,非違規,一般農業使用(含農地水土保持、農業設施、民眾闢設道路等開發案件),121.451646676184000,24.869512780521100,false,https://landchg.nlma.gov.tw/Module/RWD/Web/pub_exhibit.aspx,2026-05-12T08:46:53+08:00,"{""fields"": {""查證結果"": ""非違規"", ""權責單位"": ""新北市"", ""變異類型"": ""一般農業使用(含農地水土保持、農業設施、民眾闢設道路等開發案件)"", ""變異點編號"": ""AF1511501015""}, ""latitude"": ""24.869512780521100"", ""longitude"": ""121.451646676184000"", ""marker_icon"": ""chg.png"", ""query_city"": ""新北市"", ""query_year"": ""115"", ""raw_desc_html"": ""變異點編號：AF1511501015<br/>權責單位：新北市<br/>查證結果：非違規<br/>變異類型：一般農業使用(含農地水土保持、農業設施、民眾闢設道路等開發案件)""}",chg.png,ad8c61443ab83587035fe4ddca74fd822b28a072e6aac0c07eb073ff0d00ab47
115,新北市,21011501010,第十河川分署,非違規,整地,121.452254305520000,25.074451177789400,false,https://landchg.nlma.gov.tw/Module/RWD/Web/pub_exhibit.aspx,2026-05-12T08:46:53+08:00,"{""fields"": {""查證結果"": ""非違規"", ""權責單位"": ""第十河川分署"", ""變異類型"": ""整地"", ""變異點編號"": ""21011501010""}, ""latitude"": ""25.074451177789400"", ""longitude"": ""121.452254305520000"", ""marker_icon"": ""chg.png"", ""query_city"": ""新北市"", ""query_year"": ""115"", ""raw_desc_html"": ""變異點編號：21011501010<br/>權責單位：第十河川分署<br/>查證結果：非違規<br/>變異類型：整地""}",chg.png,71f5380907ca8c1aa854268985ff63a6f5daae6550a5c72b2aa1be1e87ced4e6
115,新北市,AF2711503081,新北市,非違規,一般農業使用(含農地水土保持、農業設施、民眾闢設道路等開發案件),121.452599759135000,25.228755450172500,false,https://landchg.nlma.gov.tw/Module/RWD/Web/pub_exhibit.aspx,2026-05-12T08:46:53+08:00,"{""fields"": {""查證結果"": ""非違規"", ""權責單位"": ""新北市"", ""變異類型"": ""一般農業使用(含農地水土保持、農業設施、民眾闢設道路等開發案件)"", ""變異點編號"": ""AF2711503081""}, ""latitude"": ""25.228755450172500"", ""longitude"": ""121.452599759135000"", ""marker_icon"": ""chg.png"", ""query_city"": ""新北市"", ""query_year"": ""115"", ""raw_desc_html"": ""變異點編號：AF2711503081<br/>權責單位：新北市<br/>查證結果：非違規<br/>變異類型：一般農業使用(含農地水土保持、農業設施、民眾闢設道路等開發案件)""}",chg.png,3d6acac5a8dbf37a23b2a8529b53bc95161f2e96e74fdebe8df0f1273295bec2
115,新北市,AF1511504065,新北市,違規,整坡作業,121.452600505084000,24.887947489488300,true,https://landchg.nlma.gov.tw/Module/RWD/Web/pub_exhibit.aspx,2026-05-12T08:46:53+08:00,"{""fields"": {""查證結果"": ""違規"", ""權責單位"": ""新北市"", ""變異類型"": ""整坡作業"", ""變異點編號"": ""AF1511504065""}, ""latitude"": ""24.887947489488300"", ""longitude"": ""121.452600505084000"", ""marker_icon"": ""chg_red.png"", ""query_city"": ""新北市"", ""query_year"": ""115"", ""raw_desc_html"": ""變異點編號：AF1511504065<br/>權責單位：新北市<br/>查證結果：違規<br/>變異類型：整坡作業""}",chg_red.png,04cf72da679c416e072804ed6369d65bf43189b29aaad83e6ae835a5f4654dbb
115,新北市,21011501009,第十河川分署,非違規,整地,121.453242816880000,25.100464274439400,false,https://landchg.nlma.gov.tw/Module/RWD/Web/pub_exhibit.aspx,2026-05-12T08:46:53+08:00,"{""fields"": {""查證結果"": ""非違規"", ""權責單位"": ""第十河川分署"", ""變異類型"": ""整地"", ""變異點編號"": ""21011501009""}, ""latitude"": ""25.100464274439400"", ""longitude"": ""121.453242816880000"", ""marker_icon"": ""chg.png"", ""query_city"": ""新北市"", ""query_year"": ""115"", ""raw_desc_html"": ""變異點編號：21011501009<br/>權責單位：第十河川分署<br/>查證結果：非違規<br/>變異類型：整地""}",chg.png,f2d4e18d4aa5aa8457507eb56f7d75df2ca9db45f79f4e154764dcdef3dd328c
115,新北市,AF2711504046,新北市,非違規,一般農業使用(含農地水土保持、農業設施、民眾闢設道路等開發案件),121.453859594763000,25.182319201820300,false,https://landchg.nlma.gov.tw/Module/RWD/Web/pub_exhibit.aspx,2026-05-12T08:46:53+08:00,"{""fields"": {""查證結果"": ""非違規"", ""權責單位"": ""新北市"", ""變異類型"": ""一般農業使用(含農地水土保持、農業設施、民眾闢設道路等開發案件)"", ""變異點編號"": ""AF2711504046""}, ""latitude"": ""25.182319201820300"", ""longitude"": ""121.453859594763000"", ""marker_icon"": ""chg.png"", ""query_city"": ""新北市"", ""query_year"": ""115"", ""raw_desc_html"": ""變異點編號：AF2711504046<br/>權責單位：新北市<br/>查證結果：非違規<br/>變異類型：一般農業使用(含農地水土保持、農業設施、民眾闢設道路等開發案件)""}",chg.png,b78b033d747ef0bcda1824bf4e037dfffdeb6f9a2ff2472fb12f38f1bf9afacb
115,新北市,AF0311504028,新北市,違規,其他開挖整地,121.454050708143000,25.113488577016900,true,https://landchg.nlma.gov.tw/Module/RWD/Web/pub_exhibit.aspx,2026-05-12T08:46:53+08:00,"{""fields"": {""查證結果"": ""違規"", ""權責單位"": ""新北市"", ""變異類型"": ""其他開挖整地"", ""變異點編號"": ""AF0311504028""}, ""latitude"": ""25.113488577016900"", ""longitude"": ""121.454050708143000"", ""marker_icon"": ""chg_red.png"", ""query_city"": ""新北市"", ""query_year"": ""115"", ""raw_desc_html"": ""變異點編號：AF0311504028<br/>權責單位：新北市<br/>查證結果：違規<br/>變異類型：其他開挖整地""}",chg_red.png,a0919a6a52fe9fbec0ca6d72bb0e57ed088dff4c87d635397baddf79d2b797a1
115,新北市,F2711502007,新北市,違規,其他,121.454653150077000,25.239009947139900,true,https://landchg.nlma.gov.tw/Module/RWD/Web/pub_exhibit.aspx,2026-05-12T08:46:53+08:00,"{""fields"": {""查證結果"": ""違規"", ""權責單位"": ""新北市"", ""變異類型"": ""其他"", ""變異點編號"": ""F2711502007""}, ""latitude"": ""25.239009947139900"", ""longitude"": ""121.454653150077000"", ""marker_icon"": ""chg_red.png"", ""query_city"": ""新北市"", ""query_year"": ""115"", ""raw_desc_html"": ""變異點編號：F2711502007<br/>權責單位：新北市<br/>查證結果：違規<br/>變異類型：其他""}",chg_red.png,7e59fdfc2ed555ccc8066f121484f76648ca1fc4d6e761e37278d2bbd328b035
115,新北市,AF1911502037,新北市,非違規,非農業核准開發案件,121.454796575802000,24.973682689080800,false,https://landchg.nlma.gov.tw/Module/RWD/Web/pub_exhibit.aspx,2026-05-12T08:46:53+08:00,"{""fields"": {""查證結果"": ""非違規"", ""權責單位"": ""新北市"", ""變異類型"": ""非農業核准開發案件"", ""變異點編號"": ""AF1911502037""}, ""latitude"": ""24.973682689080800"", ""longitude"": ""121.454796575802000"", ""marker_icon"": ""chg.png"", ""query_city"": ""新北市"", ""query_year"": ""115"", ""raw_desc_html"": ""變異點編號：AF1911502037<br/>權責單位：新北市<br/>查證結果：非違規<br/>變異類型：非農業核准開發案件""}",chg.png,4a7336ef0a2837c109c809ad1d8d7c1d37c15a990833355b9c942ca3d075dcd7
115,新北市,AF1511501014,新北市,非違規,一般農業使用(含農地水土保持、農業設施、民眾闢設道路等開發案件),121.455781287823000,24.885407530781600,false,https://landchg.nlma.gov.tw/Module/RWD/Web/pub_exhibit.aspx,2026-05-12T08:46:53+08:00,"{""fields"": {""查證結果"": ""非違規"", ""權責單位"": ""新北市"", ""變異類型"": ""一般農業使用(含農地水土保持、農業設施、民眾闢設道路等開發案件)"", ""變異點編號"": ""AF1511501014""}, ""latitude"": ""24.885407530781600"", ""longitude"": ""121.455781287823000"", ""marker_icon"": ""chg.png"", ""query_city"": ""新北市"", ""query_year"": ""115"", ""raw_desc_html"": ""變異點編號：AF1511501014<br/>權責單位：新北市<br/>查證結果：非違規<br/>變異類型：一般農業使用(含農地水土保持、農業設施、民眾闢設道路等開發案件)""}",chg.png,b905565baa2b069c98aecaad31dbd2cf889a9d854d741f4b58e6f9b461d7a7b8
115,新北市,AF1911503011,新北市,非違規,非農業核准開發案件,121.456040215884000,24.976776226945900,false,https://landchg.nlma.gov.tw/Module/RWD/Web/pub_exhibit.aspx,2026-05-12T08:46:53+08:00,"{""fields"": {""查證結果"": ""非違規"", ""權責單位"": ""新北市"", ""變異類型"": ""非農業核准開發案件"", ""變異點編號"": ""AF1911503011""}, ""latitude"": ""24.976776226945900"", ""longitude"": ""121.456040215884000"", ""marker_icon"": ""chg.png"", ""query_city"": ""新北市"", ""query_year"": ""115"", ""raw_desc_html"": ""變異點編號：AF1911503011<br/>權責單位：新北市<br/>查證結果：非違規<br/>變異類型：非農業核准開發案件""}",chg.png,275708fedb5511ec5fe894f1441bbcd34842fd6698bdf39d512ff5f616628890
115,新北市,F1911503001,新北市,非違規,整地,121.456270445759000,24.976788315750900,false,https://landchg.nlma.gov.tw/Module/RWD/Web/pub_exhibit.aspx,2026-05-12T08:46:53+08:00,"{""fields"": {""查證結果"": ""非違規"", ""權責單位"": ""新北市"", ""變異類型"": ""整地"", ""變異點編號"": ""F1911503001""}, ""latitude"": ""24.976788315750900"", ""longitude"": ""121.456270445759000"", ""marker_icon"": ""chg.png"", ""query_city"": ""新北市"", ""query_year"": ""115"", ""raw_desc_html"": ""變異點編號：F1911503001<br/>權責單位：新北市<br/>查證結果：非違規<br/>變異類型：整地""}",chg.png,2d11499af2aef5511c9ff4d7e5131440d6a79707ad9a75518785935dee1e43ff
115,新北市,21011501007,第十河川分署,非違規,整地,121.456507696353000,25.108320627846500,false,https://landchg.nlma.gov.tw/Module/RWD/Web/pub_exhibit.aspx,2026-05-12T08:46:53+08:00,"{""fields"": {""查證結果"": ""非違規"", ""權責單位"": ""第十河川分署"", ""變異類型"": ""整地"", ""變異點編號"": ""21011501007""}, ""latitude"": ""25.108320627846500"", ""longitude"": ""121.456507696353000"", ""marker_icon"": ""chg.png"", ""query_city"": ""新北市"", ""query_year"": ""115"", ""raw_desc_html"": ""變異點編號：21011501007<br/>權責單位：第十河川分署<br/>查證結果：非違規<br/>變異類型：整地""}",chg.png,45a96e9b005204095114ee1fc3fbe1027d2c3c48d774183f04351771e320c4b1
115,新北市,AF1911504066,新北市,非違規,非農業核准開發案件,121.456561362881000,24.976270375256300,false,https://landchg.nlma.gov.tw/Module/RWD/Web/pub_exhibit.aspx,2026-05-12T08:46:53+08:00,"{""fields"": {""查證結果"": ""非違規"", ""權責單位"": ""新北市"", ""變異類型"": ""非農業核准開發案件"", ""變異點編號"": ""AF1911504066""}, ""latitude"": ""24.976270375256300"", ""longitude"": ""121.456561362881000"", ""marker_icon"": ""chg.png"", ""query_city"": ""新北市"", ""query_year"": ""115"", ""raw_desc_html"": ""變異點編號：AF1911504066<br/>權責單位：新北市<br/>查證結果：非違規<br/>變異類型：非農業核准開發案件""}",chg.png,e0a2f46e2f8fde381456dd12ec5b87466a566a628710088683475015ea2c37c8
115,新北市,F1911504004,新北市,非違規,整地,121.456759358600000,24.976418485575200,false,https://landchg.nlma.gov.tw/Module/RWD/Web/pub_exhibit.aspx,2026-05-12T08:46:53+08:00,"{""fields"": {""查證結果"": ""非違規"", ""權責單位"": ""新北市"", ""變異類型"": ""整地"", ""變異點編號"": ""F1911504004""}, ""latitude"": ""24.976418485575200"", ""longitude"": ""121.456759358600000"", ""marker_icon"": ""chg.png"", ""query_city"": ""新北市"", ""query_year"": ""115"", ""raw_desc_html"": ""變異點編號：F1911504004<br/>權責單位：新北市<br/>查證結果：非違規<br/>變異類型：整地""}",chg.png,084c291634245c8822882cdd4376da8d4b6455d7bc8bdcfeecd4104add606492
115,新北市,21011501008,第十河川分署,非違規,整地,121.457889018725000,25.111680898951500,false,https://landchg.nlma.gov.tw/Module/RWD/Web/pub_exhibit.aspx,2026-05-12T08:46:53+08:00,"{""fields"": {""查證結果"": ""非違規"", ""權責單位"": ""第十河川分署"", ""變異類型"": ""整地"", ""變異點編號"": ""21011501008""}, ""latitude"": ""25.111680898951500"", ""longitude"": ""121.457889018725000"", ""marker_icon"": ""chg.png"", ""query_city"": ""新北市"", ""query_year"": ""115"", ""raw_desc_html"": ""變異點編號：21011501008<br/>權責單位：第十河川分署<br/>查證結果：非違規<br/>變異類型：整地""}",chg.png,f58fd0148493e6f0f73394855bcbffb00be0b9d7ecaefef1588d8c3623d4c74e
115,新北市,F2711502011,新北市,非違規,其他,121.458414081557000,25.154174848776800,false,https://landchg.nlma.gov.tw/Module/RWD/Web/pub_exhibit.aspx,2026-05-12T08:46:53+08:00,"{""fields"": {""查證結果"": ""非違規"", ""權責單位"": ""新北市"", ""變異類型"": ""其他"", ""變異點編號"": ""F2711502011""}, ""latitude"": ""25.154174848776800"", ""longitude"": ""121.458414081557000"", ""marker_icon"": ""chg.png"", ""query_city"": ""新北市"", ""query_year"": ""115"", ""raw_desc_html"": ""變異點編號：F2711502011<br/>權責單位：新北市<br/>查證結果：非違規<br/>變異類型：其他""}",chg.png,02c0e1f82c916166d1d7b34bad06e8bd0ab9f2a8fb9fb343aab9c94659ed863c
115,新北市,AF2711502083,新北市,非違規,一般農業使用(含農地水土保持、農業設施、民眾闢設道路等開發案件),121.458426766357000,25.210681271140400,false,https://landchg.nlma.gov.tw/Module/RWD/Web/pub_exhibit.aspx,2026-05-12T08:46:53+08:00,"{""fields"": {""查證結果"": ""非違規"", ""權責單位"": ""新北市"", ""變異類型"": ""一般農業使用(含農地水土保持、農業設施、民眾闢設道路等開發案件)"", ""變異點編號"": ""AF2711502083""}, ""latitude"": ""25.210681271140400"", ""longitude"": ""121.458426766357000"", ""marker_icon"": ""chg.png"", ""query_city"": ""新北市"", ""query_year"": ""115"", ""raw_desc_html"": ""變異點編號：AF2711502083<br/>權責單位：新北市<br/>查證結果：非違規<br/>變異類型：一般農業使用(含農地水土保持、農業設施、民眾闢設道路等開發案件)""}",chg.png,620be3336a06b184f2ba2687c1a934a2227666ac5d656278265f0dd1406c67fb
115,新北市,F2711502012,新北市,非違規,整地,121.458526296142000,25.135669982242800,false,https://landchg.nlma.gov.tw/Module/RWD/Web/pub_exhibit.aspx,2026-05-12T08:46:53+08:00,"{""fields"": {""查證結果"": ""非違規"", ""權責單位"": ""新北市"", ""變異類型"": ""整地"", ""變異點編號"": ""F2711502012""}, ""latitude"": ""25.135669982242800"", ""longitude"": ""121.458526296142000"", ""marker_icon"": ""chg.png"", ""query_city"": ""新北市"", ""query_year"": ""115"", ""raw_desc_html"": ""變異點編號：F2711502012<br/>權責單位：新北市<br/>查證結果：非違規<br/>變異類型：整地""}",chg.png,4722615cffd260c8fd7addc32e4cceaadd4b9c03dacad5004e048895018a088c
115,新北市,AF3011502020,新北市,違規,其他開挖整地,121.459074026775000,25.245309255728600,true,https://landchg.nlma.gov.tw/Module/RWD/Web/pub_exhibit.aspx,2026-05-12T08:46:53+08:00,"{""fields"": {""查證結果"": ""違規"", ""權責單位"": ""新北市"", ""變異類型"": ""其他開挖整地"", ""變異點編號"": ""AF3011502020""}, ""latitude"": ""25.245309255728600"", ""longitude"": ""121.459074026775000"", ""marker_icon"": ""chg_red.png"", ""query_city"": ""新北市"", ""query_year"": ""115"", ""raw_desc_html"": ""變異點編號：AF3011502020<br/>權責單位：新北市<br/>查證結果：違規<br/>變異類型：其他開挖整地""}",chg_red.png,7915f34a6cfd1d0eae0d44e1fbbf935dd80ff5564eed3a77572f7c142a0f159a
115,新北市,F2711502013,新北市,非違規,整地,121.459130213924000,25.145818171857600,false,https://landchg.nlma.gov.tw/Module/RWD/Web/pub_exhibit.aspx,2026-05-12T08:46:53+08:00,"{""fields"": {""查證結果"": ""非違規"", ""權責單位"": ""新北市"", ""變異類型"": ""整地"", ""變異點編號"": ""F2711502013""}, ""latitude"": ""25.145818171857600"", ""longitude"": ""121.459130213924000"", ""marker_icon"": ""chg.png"", ""query_city"": ""新北市"", ""query_year"": ""115"", ""raw_desc_html"": ""變異點編號：F2711502013<br/>權責單位：新北市<br/>查證結果：非違規<br/>變異類型：整地""}",chg.png,5f85b271394a3456b5fb4a8097fb843eb75f4c39e1350fc6acbad5c7ceaec779
115,新北市,AF2711502096,新北市,非違規,政府單位興辦農路,121.459264423320000,25.147859314759200,false,https://landchg.nlma.gov.tw/Module/RWD/Web/pub_exhibit.aspx,2026-05-12T08:46:53+08:00,"{""fields"": {""查證結果"": ""非違規"", ""權責單位"": ""新北市"", ""變異類型"": ""政府單位興辦農路"", ""變異點編號"": ""AF2711502096""}, ""latitude"": ""25.147859314759200"", ""longitude"": ""121.459264423320000"", ""marker_icon"": ""chg.png"", ""query_city"": ""新北市"", ""query_year"": ""115"", ""raw_desc_html"": ""變異點編號：AF2711502096<br/>權責單位：新北市<br/>查證結果：非違規<br/>變異類型：政府單位興辦農路""}",chg.png,05b38083d63682a8063252d2b07b4b5a9bf35dfeccab7453df8d92ba8d803fb2
115,新北市,AF1511502035,新北市,非違規,一般農業使用(含農地水土保持、農業設施、民眾闢設道路等開發案件),121.459650662758000,24.873500529882200,false,https://landchg.nlma.gov.tw/Module/RWD/Web/pub_exhibit.aspx,2026-05-12T08:46:53+08:00,"{""fields"": {""查證結果"": ""非違規"", ""權責單位"": ""新北市"", ""變異類型"": ""一般農業使用(含農地水土保持、農業設施、民眾闢設道路等開發案件)"", ""變異點編號"": ""AF1511502035""}, ""latitude"": ""24.873500529882200"", ""longitude"": ""121.459650662758000"", ""marker_icon"": ""chg.png"", ""query_city"": ""新北市"", ""query_year"": ""115"", ""raw_desc_html"": ""變異點編號：AF1511502035<br/>權責單位：新北市<br/>查證結果：非違規<br/>變異類型：一般農業使用(含農地水土保持、農業設施、民眾闢設道路等開發案件)""}",chg.png,2f8e7353bdfe2e634eaa36e200c463c6e313a0739af0ec46cae91fac5a1a1893
115,新北市,AF2711502094,新北市,非違規,政府單位興辦農路,121.460077422962000,25.129528636941600,false,https://landchg.nlma.gov.tw/Module/RWD/Web/pub_exhibit.aspx,2026-05-12T08:46:53+08:00,"{""fields"": {""查證結果"": ""非違規"", ""權責單位"": ""新北市"", ""變異類型"": ""政府單位興辦農路"", ""變異點編號"": ""AF2711502094""}, ""latitude"": ""25.129528636941600"", ""longitude"": ""121.460077422962000"", ""marker_icon"": ""chg.png"", ""query_city"": ""新北市"", ""query_year"": ""115"", ""raw_desc_html"": ""變異點編號：AF2711502094<br/>權責單位：新北市<br/>查證結果：非違規<br/>變異類型：政府單位興辦農路""}",chg.png,5d457c934b2afcf76e9ff20c5c5f0812073d0e1c22cc2baad1bbda2ac7aeb244
115,新北市,F3011503004,新北市,非違規,自然植被改變,121.460246648817000,25.241731378922300,false,https://landchg.nlma.gov.tw/Module/RWD/Web/pub_exhibit.aspx,2026-05-12T08:46:53+08:00,"{""fields"": {""查證結果"": ""非違規"", ""權責單位"": ""新北市"", ""變異類型"": ""自然植被改變"", ""變異點編號"": ""F3011503004""}, ""latitude"": ""25.241731378922300"", ""longitude"": ""121.460246648817000"", ""marker_icon"": ""chg.png"", ""query_city"": ""新北市"", ""query_year"": ""115"", ""raw_desc_html"": ""變異點編號：F3011503004<br/>權責單位：新北市<br/>查證結果：非違規<br/>變異類型：自然植被改變""}",chg.png,b8a56fdd860bb789cba5e6e20b4f1c811ae14cf82e7c722216ab3e5aebcf74c6
115,新北市,AF1511502033,新北市,非違規,一般農業使用(含農地水土保持、農業設施、民眾闢設道路等開發案件),121.460327127921000,24.936182821363100,false,https://landchg.nlma.gov.tw/Module/RWD/Web/pub_exhibit.aspx,2026-05-12T08:46:53+08:00,"{""fields"": {""查證結果"": ""非違規"", ""權責單位"": ""新北市"", ""變異類型"": ""一般農業使用(含農地水土保持、農業設施、民眾闢設道路等開發案件)"", ""變異點編號"": ""AF1511502033""}, ""latitude"": ""24.936182821363100"", ""longitude"": ""121.460327127921000"", ""marker_icon"": ""chg.png"", ""query_city"": ""新北市"", ""query_year"": ""115"", ""raw_desc_html"": ""變異點編號：AF1511502033<br/>權責單位：新北市<br/>查證結果：非違規<br/>變異類型：一般農業使用(含農地水土保持、農業設施、民眾闢設道路等開發案件)""}",chg.png,55432dcb2edf54cf5bc9d25b630394eb4f6b41b2205c11c0c52b04daf0800686
115,新北市,AF2711502095,新北市,非違規,非農業核准開發案件,121.460680369610000,25.145939318923200,false,https://landchg.nlma.gov.tw/Module/RWD/Web/pub_exhibit.aspx,2026-05-12T08:46:53+08:00,"{""fields"": {""查證結果"": ""非違規"", ""權責單位"": ""新北市"", ""變異類型"": ""非農業核准開發案件"", ""變異點編號"": ""AF2711502095""}, ""latitude"": ""25.145939318923200"", ""longitude"": ""121.460680369610000"", ""marker_icon"": ""chg.png"", ""query_city"": ""新北市"", ""query_year"": ""115"", ""raw_desc_html"": ""變異點編號：AF2711502095<br/>權責單位：新北市<br/>查證結果：非違規<br/>變異類型：非農業核准開發案件""}",chg.png,301df466e82f31502690c2537b26b872676437e6462f8c328720b3cf655e502a
115,新北市,AF3011502019,新北市,非違規,一般農業使用(含農地水土保持、農業設施、民眾闢設道路等開發案件),121.461062561666000,25.245424763435300,false,https://landchg.nlma.gov.tw/Module/RWD/Web/pub_exhibit.aspx,2026-05-12T08:46:53+08:00,"{""fields"": {""查證結果"": ""非違規"", ""權責單位"": ""新北市"", ""變異類型"": ""一般農業使用(含農地水土保持、農業設施、民眾闢設道路等開發案件)"", ""變異點編號"": ""AF3011502019""}, ""latitude"": ""25.245424763435300"", ""longitude"": ""121.461062561666000"", ""marker_icon"": ""chg.png"", ""query_city"": ""新北市"", ""query_year"": ""115"", ""raw_desc_html"": ""變異點編號：AF3011502019<br/>權責單位：新北市<br/>查證結果：非違規<br/>變異類型：一般農業使用(含農地水土保持、農業設施、民眾闢設道路等開發案件)""}",chg.png,f0282107d272717cfb51d7fa3c5bac2637a59ce9054ab8f35d9ee55a2bd4a63b
115,新北市,21511501059,新北市,違規,未取得出流管制計畫書核定函,121.461571563694000,25.062721871596400,true,https://landchg.nlma.gov.tw/Module/RWD/Web/pub_exhibit.aspx,2026-05-12T08:46:53+08:00,"{""fields"": {""查證結果"": ""違規"", ""權責單位"": ""新北市"", ""變異類型"": ""未取得出流管制計畫書核定函"", ""變異點編號"": ""21511501059""}, ""latitude"": ""25.062721871596400"", ""longitude"": ""121.461571563694000"", ""marker_icon"": ""chg_red.png"", ""query_city"": ""新北市"", ""query_year"": ""115"", ""raw_desc_html"": ""變異點編號：21511501059<br/>權責單位：新北市<br/>查證結果：違規<br/>變異類型：未取得出流管制計畫書核定函""}",chg_red.png,d0425dbe958abb2a68c347cb6a798b86e0fd57ed23199dec24f85075acc0947b
115,新北市,AF2711504048,新北市,非違規,其他,121.461756551584000,25.198107555285400,false,https://landchg.nlma.gov.tw/Module/RWD/Web/pub_exhibit.aspx,2026-05-12T08:46:53+08:00,"{""fields"": {""查證結果"": ""非違規"", ""權責單位"": ""新北市"", ""變異類型"": ""其他"", ""變異點編號"": ""AF2711504048""}, ""latitude"": ""25.198107555285400"", ""longitude"": ""121.461756551584000"", ""marker_icon"": ""chg.png"", ""query_city"": ""新北市"", ""query_year"": ""115"", ""raw_desc_html"": ""變異點編號：AF2711504048<br/>權責單位：新北市<br/>查證結果：非違規<br/>變異類型：其他""}",chg.png,ce4ed76e75f0cc82ff161a7f5a9406af5bb5e71c045f334fd227c9230b3af51e
115,新北市,AF2711503090,新北市,非違規,其他,121.462519152745000,25.154626542857900,false,https://landchg.nlma.gov.tw/Module/RWD/Web/pub_exhibit.aspx,2026-05-12T08:46:53+08:00,"{""fields"": {""查證結果"": ""非違規"", ""權責單位"": ""新北市"", ""變異類型"": ""其他"", ""變異點編號"": ""AF2711503090""}, ""latitude"": ""25.154626542857900"", ""longitude"": ""121.462519152745000"", ""marker_icon"": ""chg.png"", ""query_city"": ""新北市"", ""query_year"": ""115"", ""raw_desc_html"": ""變異點編號：AF2711503090<br/>權責單位：新北市<br/>查證結果：非違規<br/>變異類型：其他""}",chg.png,ad749ea9044ab0ef0c5032d4eff87a7b64f8e6dd89a71483c2c144f351789e7c
115,新北市,AF2711502090,新北市,非違規,政府單位興辦農路,121.462649533765000,25.123918546068500,false,https://landchg.nlma.gov.tw/Module/RWD/Web/pub_exhibit.aspx,2026-05-12T08:46:53+08:00,"{""fields"": {""查證結果"": ""非違規"", ""權責單位"": ""新北市"", ""變異類型"": ""政府單位興辦農路"", ""變異點編號"": ""AF2711502090""}, ""latitude"": ""25.123918546068500"", ""longitude"": ""121.462649533765000"", ""marker_icon"": ""chg.png"", ""query_city"": ""新北市"", ""query_year"": ""115"", ""raw_desc_html"": ""變異點編號：AF2711502090<br/>權責單位：新北市<br/>查證結果：非違規<br/>變異類型：政府單位興辦農路""}",chg.png,2c4139690f4c7e7ae948ab3c82e75f67c47b78d78000179e75e7a7712913dd19
115,新北市,AF3011505001,新北市,違規,其他開挖整地,121.462801437654000,25.245483643268100,true,https://landchg.nlma.gov.tw/Module/RWD/Web/pub_exhibit.aspx,2026-05-12T08:46:53+08:00,"{""fields"": {""查證結果"": ""違規"", ""權責單位"": ""新北市"", ""變異類型"": ""其他開挖整地"", ""變異點編號"": ""AF3011505001""}, ""latitude"": ""25.245483643268100"", ""longitude"": ""121.462801437654000"", ""marker_icon"": ""chg_red.png"", ""query_city"": ""新北市"", ""query_year"": ""115"", ""raw_desc_html"": ""變異點編號：AF3011505001<br/>權責單位：新北市<br/>查證結果：違規<br/>變異類型：其他開挖整地""}",chg_red.png,739ac5b7eee75386db1aef9de9e5f160bf5ac85a329fe68cf3cbf78477b0dc84
115,新北市,21011504003,第十河川分署,非違規,其他,121.463412427149000,25.035285988693500,false,https://landchg.nlma.gov.tw/Module/RWD/Web/pub_exhibit.aspx,2026-05-12T08:46:53+08:00,"{""fields"": {""查證結果"": ""非違規"", ""權責單位"": ""第十河川分署"", ""變異類型"": ""其他"", ""變異點編號"": ""21011504003""}, ""latitude"": ""25.035285988693500"", ""longitude"": ""121.463412427149000"", ""marker_icon"": ""chg.png"", ""query_city"": ""新北市"", ""query_year"": ""115"", ""raw_desc_html"": ""變異點編號：21011504003<br/>權責單位：第十河川分署<br/>查證結果：非違規<br/>變異類型：其他""}",chg.png,6b5147864b8881375f7ebf1e2248b95862cd85c8958a768f1da8d04c99b7cb6f
115,新北市,F1411504001,新北市,非違規,其他,121.463412427149000,25.035285988693500,false,https://landchg.nlma.gov.tw/Module/RWD/Web/pub_exhibit.aspx,2026-05-12T08:46:53+08:00,"{""fields"": {""查證結果"": ""非違規"", ""權責單位"": ""新北市"", ""變異類型"": ""其他"", ""變異點編號"": ""F1411504001""}, ""latitude"": ""25.035285988693500"", ""longitude"": ""121.463412427149000"", ""marker_icon"": ""chg.png"", ""query_city"": ""新北市"", ""query_year"": ""115"", ""raw_desc_html"": ""變異點編號：F1411504001<br/>權責單位：新北市<br/>查證結果：非違規<br/>變異類型：其他""}",chg.png,c3ebe6860054a0bd0fc22a1ce03b6856c8c7db9aa79ccdd893b75aeb9aebe30b
115,新北市,AF2711502091,新北市,非違規,非農業核准開發案件,121.464156462816000,25.142609160356600,false,https://landchg.nlma.gov.tw/Module/RWD/Web/pub_exhibit.aspx,2026-05-12T08:46:53+08:00,"{""fields"": {""查證結果"": ""非違規"", ""權責單位"": ""新北市"", ""變異類型"": ""非農業核准開發案件"", ""變異點編號"": ""AF2711502091""}, ""latitude"": ""25.142609160356600"", ""longitude"": ""121.464156462816000"", ""marker_icon"": ""chg.png"", ""query_city"": ""新北市"", ""query_year"": ""115"", ""raw_desc_html"": ""變異點編號：AF2711502091<br/>權責單位：新北市<br/>查證結果：非違規<br/>變異類型：非農業核准開發案件""}",chg.png,4c989e2ad41217b0ce0e2710b7d3033f7b0fdd67db267a75599777a8e1d61cd5
115,新北市,F0111502015,新北市,非違規,新增建物,121.464199890286000,25.065571175621900,false,https://landchg.nlma.gov.tw/Module/RWD/Web/pub_exhibit.aspx,2026-05-12T08:46:53+08:00,"{""fields"": {""查證結果"": ""非違規"", ""權責單位"": ""新北市"", ""變異類型"": ""新增建物"", ""變異點編號"": ""F0111502015""}, ""latitude"": ""25.065571175621900"", ""longitude"": ""121.464199890286000"", ""marker_icon"": ""chg.png"", ""query_city"": ""新北市"", ""query_year"": ""115"", ""raw_desc_html"": ""變異點編號：F0111502015<br/>權責單位：新北市<br/>查證結果：非違規<br/>變異類型：新增建物""}",chg.png,32474a66896057406df4ebb12c1489356cdb17f2e92d6f4bdcc473b695dc8604
115,新北市,AF2711503084,新北市,違規,違規農業使用,121.464227303239000,25.220505603092800,true,https://landchg.nlma.gov.tw/Module/RWD/Web/pub_exhibit.aspx,2026-05-12T08:46:53+08:00,"{""fields"": {""查證結果"": ""違規"", ""權責單位"": ""新北市"", ""變異類型"": ""違規農業使用"", ""變異點編號"": ""AF2711503084""}, ""latitude"": ""25.220505603092800"", ""longitude"": ""121.464227303239000"", ""marker_icon"": ""chg_red.png"", ""query_city"": ""新北市"", ""query_year"": ""115"", ""raw_desc_html"": ""變異點編號：AF2711503084<br/>權責單位：新北市<br/>查證結果：違規<br/>變異類型：違規農業使用""}",chg_red.png,1e2c2f98f2f12330390ce28512ba891c64d66f4ce1a033aa8ef62d3ed55d4b50
115,新北市,AF2711502082,新北市,非違規,一般農業使用(含農地水土保持、農業設施、民眾闢設道路等開發案件),121.464355845847000,25.220007386308900,false,https://landchg.nlma.gov.tw/Module/RWD/Web/pub_exhibit.aspx,2026-05-12T08:46:53+08:00,"{""fields"": {""查證結果"": ""非違規"", ""權責單位"": ""新北市"", ""變異類型"": ""一般農業使用(含農地水土保持、農業設施、民眾闢設道路等開發案件)"", ""變異點編號"": ""AF2711502082""}, ""latitude"": ""25.220007386308900"", ""longitude"": ""121.464355845847000"", ""marker_icon"": ""chg.png"", ""query_city"": ""新北市"", ""query_year"": ""115"", ""raw_desc_html"": ""變異點編號：AF2711502082<br/>權責單位：新北市<br/>查證結果：非違規<br/>變異類型：一般農業使用(含農地水土保持、農業設施、民眾闢設道路等開發案件)""}",chg.png,09c178258908e78dbb73abe37296c85d0d540a9be5d4b56d513613dabe746997
115,新北市,AF2711502079,新北市,非違規,一般農業使用(含農地水土保持、農業設施、民眾闢設道路等開發案件),121.464492449741000,25.227312581596900,false,https://landchg.nlma.gov.tw/Module/RWD/Web/pub_exhibit.aspx,2026-05-12T08:46:53+08:00,"{""fields"": {""查證結果"": ""非違規"", ""權責單位"": ""新北市"", ""變異類型"": ""一般農業使用(含農地水土保持、農業設施、民眾闢設道路等開發案件)"", ""變異點編號"": ""AF2711502079""}, ""latitude"": ""25.227312581596900"", ""longitude"": ""121.464492449741000"", ""marker_icon"": ""chg.png"", ""query_city"": ""新北市"", ""query_year"": ""115"", ""raw_desc_html"": ""變異點編號：AF2711502079<br/>權責單位：新北市<br/>查證結果：非違規<br/>變異類型：一般農業使用(含農地水土保持、農業設施、民眾闢設道路等開發案件)""}",chg.png,3e373cb80ba83106addbeda78d8ca196f4e344c4ff8af1724177b38c5b7487de
115,新北市,AF2711503083,新北市,違規,違規農業使用,121.464543984702000,25.219923422240300,true,https://landchg.nlma.gov.tw/Module/RWD/Web/pub_exhibit.aspx,2026-05-12T08:46:53+08:00,"{""fields"": {""查證結果"": ""違規"", ""權責單位"": ""新北市"", ""變異類型"": ""違規農業使用"", ""變異點編號"": ""AF2711503083""}, ""latitude"": ""25.219923422240300"", ""longitude"": ""121.464543984702000"", ""marker_icon"": ""chg_red.png"", ""query_city"": ""新北市"", ""query_year"": ""115"", ""raw_desc_html"": ""變異點編號：AF2711503083<br/>權責單位：新北市<br/>查證結果：違規<br/>變異類型：違規農業使用""}",chg_red.png,4a776e9e56a4539ca8a8ac00173b6f42815c89502a68b761b6e3dc33b3195646
115,新北市,AF2711502092,新北市,非違規,非農業核准開發案件,121.464858381878000,25.142184612753100,false,https://landchg.nlma.gov.tw/Module/RWD/Web/pub_exhibit.aspx,2026-05-12T08:46:53+08:00,"{""fields"": {""查證結果"": ""非違規"", ""權責單位"": ""新北市"", ""變異類型"": ""非農業核准開發案件"", ""變異點編號"": ""AF2711502092""}, ""latitude"": ""25.142184612753100"", ""longitude"": ""121.464858381878000"", ""marker_icon"": ""chg.png"", ""query_city"": ""新北市"", ""query_year"": ""115"", ""raw_desc_html"": ""變異點編號：AF2711502092<br/>權責單位：新北市<br/>查證結果：非違規<br/>變異類型：非農業核准開發案件""}",chg.png,1b5f1c5bae4f7f285955795c5143786ef3205e69a9b81c01d4a5f9e94ffc0988
115,新北市,AF2711504051,新北市,非違規,其他,121.465687789046000,25.141778513151800,false,https://landchg.nlma.gov.tw/Module/RWD/Web/pub_exhibit.aspx,2026-05-12T08:46:53+08:00,"{""fields"": {""查證結果"": ""非違規"", ""權責單位"": ""新北市"", ""變異類型"": ""其他"", ""變異點編號"": ""AF2711504051""}, ""latitude"": ""25.141778513151800"", ""longitude"": ""121.465687789046000"", ""marker_icon"": ""chg.png"", ""query_city"": ""新北市"", ""query_year"": ""115"", ""raw_desc_html"": ""變異點編號：AF2711504051<br/>權責單位：新北市<br/>查證結果：非違規<br/>變異類型：其他""}",chg.png,213e729c0ff88ef334f12835a7287c3d903b2afd5f534ecead7b2f2a0922c43a
115,新北市,AF2711503004,新北市,非違規,一般農業使用(含農地水土保持、農業設施、民眾闢設道路等開發案件),121.465800109736000,25.130657547681400,false,https://landchg.nlma.gov.tw/Module/RWD/Web/pub_exhibit.aspx,2026-05-12T08:46:53+08:00,"{""fields"": {""查證結果"": ""非違規"", ""權責單位"": ""新北市"", ""變異類型"": ""一般農業使用(含農地水土保持、農業設施、民眾闢設道路等開發案件)"", ""變異點編號"": ""AF2711503004""}, ""latitude"": ""25.130657547681400"", ""longitude"": ""121.465800109736000"", ""marker_icon"": ""chg.png"", ""query_city"": ""新北市"", ""query_year"": ""115"", ""raw_desc_html"": ""變異點編號：AF2711503004<br/>權責單位：新北市<br/>查證結果：非違規<br/>變異類型：一般農業使用(含農地水土保持、農業設施、民眾闢設道路等開發案件)""}",chg.png,19601c88af783c3995bcfb25070e455150647080f9bc4382debb2eccb0bc868a
115,新北市,AF2711504047,新北市,違規,其他開挖整地,121.467098169112000,25.193838462029900,true,https://landchg.nlma.gov.tw/Module/RWD/Web/pub_exhibit.aspx,2026-05-12T08:46:53+08:00,"{""fields"": {""查證結果"": ""違規"", ""權責單位"": ""新北市"", ""變異類型"": ""其他開挖整地"", ""變異點編號"": ""AF2711504047""}, ""latitude"": ""25.193838462029900"", ""longitude"": ""121.467098169112000"", ""marker_icon"": ""chg_red.png"", ""query_city"": ""新北市"", ""query_year"": ""115"", ""raw_desc_html"": ""變異點編號：AF2711504047<br/>權責單位：新北市<br/>查證結果：違規<br/>變異類型：其他開挖整地""}",chg_red.png,0ba2dbcbabd510199589a911ba1c5f7427d685460737be5bee03fc9e33886b21
115,新北市,AF1511503008,新北市,非違規,一般農業使用(含農地水土保持、農業設施、民眾闢設道路等開發案件),121.468926041484000,24.919579900269700,false,https://landchg.nlma.gov.tw/Module/RWD/Web/pub_exhibit.aspx,2026-05-12T08:46:53+08:00,"{""fields"": {""查證結果"": ""非違規"", ""權責單位"": ""新北市"", ""變異類型"": ""一般農業使用(含農地水土保持、農業設施、民眾闢設道路等開發案件)"", ""變異點編號"": ""AF1511503008""}, ""latitude"": ""24.919579900269700"", ""longitude"": ""121.468926041484000"", ""marker_icon"": ""chg.png"", ""query_city"": ""新北市"", ""query_year"": ""115"", ""raw_desc_html"": ""變異點編號：AF1511503008<br/>權責單位：新北市<br/>查證結果：非違規<br/>變異類型：一般農業使用(含農地水土保持、農業設施、民眾闢設道路等開發案件)""}",chg.png,59e9a0a947d9d50951f8cb1a3ad53cce5bc070f355577a6a76866b7e971f0e6f
115,新北市,AF2711502084,新北市,非違規,一般農業使用(含農地水土保持、農業設施、民眾闢設道路等開發案件),121.469616076615000,25.219431111536800,false,https://landchg.nlma.gov.tw/Module/RWD/Web/pub_exhibit.aspx,2026-05-12T08:46:53+08:00,"{""fields"": {""查證結果"": ""非違規"", ""權責單位"": ""新北市"", ""變異類型"": ""一般農業使用(含農地水土保持、農業設施、民眾闢設道路等開發案件)"", ""變異點編號"": ""AF2711502084""}, ""latitude"": ""25.219431111536800"", ""longitude"": ""121.469616076615000"", ""marker_icon"": ""chg.png"", ""query_city"": ""新北市"", ""query_year"": ""115"", ""raw_desc_html"": ""變異點編號：AF2711502084<br/>權責單位：新北市<br/>查證結果：非違規<br/>變異類型：一般農業使用(含農地水土保持、農業設施、民眾闢設道路等開發案件)""}",chg.png,f40fb1ed0d825a6bdb9e8700aaa1a3ee6e4ee5ea37b5c225a70d51be82d6f184
115,新北市,AF1511504062,新北市,非違規,一般農業使用(含農地水土保持、農業設施、民眾闢設道路等開發案件),121.469692876450000,24.918013592209100,false,https://landchg.nlma.gov.tw/Module/RWD/Web/pub_exhibit.aspx,2026-05-12T08:46:53+08:00,"{""fields"": {""查證結果"": ""非違規"", ""權責單位"": ""新北市"", ""變異類型"": ""一般農業使用(含農地水土保持、農業設施、民眾闢設道路等開發案件)"", ""變異點編號"": ""AF1511504062""}, ""latitude"": ""24.918013592209100"", ""longitude"": ""121.469692876450000"", ""marker_icon"": ""chg.png"", ""query_city"": ""新北市"", ""query_year"": ""115"", ""raw_desc_html"": ""變異點編號：AF1511504062<br/>權責單位：新北市<br/>查證結果：非違規<br/>變異類型：一般農業使用(含農地水土保持、農業設施、民眾闢設道路等開發案件)""}",chg.png,8924f1e4b70f2be36675aa1149340ea814a814df94d4a7821f4f22713ee4f5e8
115,新北市,21011504001,第十河川分署,非違規,其他,121.469701817915000,25.066759646381900,false,https://landchg.nlma.gov.tw/Module/RWD/Web/pub_exhibit.aspx,2026-05-12T08:46:53+08:00,"{""fields"": {""查證結果"": ""非違規"", ""權責單位"": ""第十河川分署"", ""變異類型"": ""其他"", ""變異點編號"": ""21011504001""}, ""latitude"": ""25.066759646381900"", ""longitude"": ""121.469701817915000"", ""marker_icon"": ""chg.png"", ""query_city"": ""新北市"", ""query_year"": ""115"", ""raw_desc_html"": ""變異點編號：21011504001<br/>權責單位：第十河川分署<br/>查證結果：非違規<br/>變異類型：其他""}",chg.png,a13903faa61fb5b6701b120a171579f004337d4354297b5feaa47f4bbd55af9e
115,新北市,21011504004,第十河川分署,非違規,整地,121.471017304845000,25.037649381125900,false,https://landchg.nlma.gov.tw/Module/RWD/Web/pub_exhibit.aspx,2026-05-12T08:46:53+08:00,"{""fields"": {""查證結果"": ""非違規"", ""權責單位"": ""第十河川分署"", ""變異類型"": ""整地"", ""變異點編號"": ""21011504004""}, ""latitude"": ""25.037649381125900"", ""longitude"": ""121.471017304845000"", ""marker_icon"": ""chg.png"", ""query_city"": ""新北市"", ""query_year"": ""115"", ""raw_desc_html"": ""變異點編號：21011504004<br/>權責單位：第十河川分署<br/>查證結果：非違規<br/>變異類型：整地""}",chg.png,be46d21741e16b9bf7562bed69603fd8d78e836fd38579784bcbf61436ed17a9
115,新北市,F1411504002,新北市,非違規,其他,121.471017304845000,25.037649381125900,false,https://landchg.nlma.gov.tw/Module/RWD/Web/pub_exhibit.aspx,2026-05-12T08:46:53+08:00,"{""fields"": {""查證結果"": ""非違規"", ""權責單位"": ""新北市"", ""變異類型"": ""其他"", ""變異點編號"": ""F1411504002""}, ""latitude"": ""25.037649381125900"", ""longitude"": ""121.471017304845000"", ""marker_icon"": ""chg.png"", ""query_city"": ""新北市"", ""query_year"": ""115"", ""raw_desc_html"": ""變異點編號：F1411504002<br/>權責單位：新北市<br/>查證結果：非違規<br/>變異類型：其他""}",chg.png,770d928e935bb45ad4ae41d09c1d0eb43d3a96b0af4e439509a867de0b46114f
115,新北市,F3011502016,新北市,違規,其他,121.472045553212000,25.251959441192600,true,https://landchg.nlma.gov.tw/Module/RWD/Web/pub_exhibit.aspx,2026-05-12T08:46:53+08:00,"{""fields"": {""查證結果"": ""違規"", ""權責單位"": ""新北市"", ""變異類型"": ""其他"", ""變異點編號"": ""F3011502016""}, ""latitude"": ""25.251959441192600"", ""longitude"": ""121.472045553212000"", ""marker_icon"": ""chg_red.png"", ""query_city"": ""新北市"", ""query_year"": ""115"", ""raw_desc_html"": ""變異點編號：F3011502016<br/>權責單位：新北市<br/>查證結果：違規<br/>變異類型：其他""}",chg_red.png,2bd6cc0ea8ebcb7918614f6ea98f2cad44eeedf381d0bb0a2f5d2a964341749a
115,新北市,AF2711502093,新北市,非違規,一般農業使用(含農地水土保持、農業設施、民眾闢設道路等開發案件),121.472762821646000,25.143987402538900,false,https://landchg.nlma.gov.tw/Module/RWD/Web/pub_exhibit.aspx,2026-05-12T08:46:53+08:00,"{""fields"": {""查證結果"": ""非違規"", ""權責單位"": ""新北市"", ""變異類型"": ""一般農業使用(含農地水土保持、農業設施、民眾闢設道路等開發案件)"", ""變異點編號"": ""AF2711502093""}, ""latitude"": ""25.143987402538900"", ""longitude"": ""121.472762821646000"", ""marker_icon"": ""chg.png"", ""query_city"": ""新北市"", ""query_year"": ""115"", ""raw_desc_html"": ""變異點編號：AF2711502093<br/>權責單位：新北市<br/>查證結果：非違規<br/>變異類型：一般農業使用(含農地水土保持、農業設施、民眾闢設道路等開發案件)""}",chg.png,a159f25bff5c7c71ae39291ca6a026d2a0b8b1d87e994b292f3dfec1483206dc
115,新北市,21011504005,第十河川分署,非違規,其他,121.473605249672000,25.038559070953000,false,https://landchg.nlma.gov.tw/Module/RWD/Web/pub_exhibit.aspx,2026-05-12T08:46:53+08:00,"{""fields"": {""查證結果"": ""非違規"", ""權責單位"": ""第十河川分署"", ""變異類型"": ""其他"", ""變異點編號"": ""21011504005""}, ""latitude"": ""25.038559070953000"", ""longitude"": ""121.473605249672000"", ""marker_icon"": ""chg.png"", ""query_city"": ""新北市"", ""query_year"": ""115"", ""raw_desc_html"": ""變異點編號：21011504005<br/>權責單位：第十河川分署<br/>查證結果：非違規<br/>變異類型：其他""}",chg.png,5d56efbe517928e385222a9dec3bb9ba4dbe333981380cf2153e8d42a3c5a5d4
115,新北市,F1411504003,新北市,非違規,其他,121.473605249672000,25.038559070953000,false,https://landchg.nlma.gov.tw/Module/RWD/Web/pub_exhibit.aspx,2026-05-12T08:46:53+08:00,"{""fields"": {""查證結果"": ""非違規"", ""權責單位"": ""新北市"", ""變異類型"": ""其他"", ""變異點編號"": ""F1411504003""}, ""latitude"": ""25.038559070953000"", ""longitude"": ""121.473605249672000"", ""marker_icon"": ""chg.png"", ""query_city"": ""新北市"", ""query_year"": ""115"", ""raw_desc_html"": ""變異點編號：F1411504003<br/>權責單位：新北市<br/>查證結果：非違規<br/>變異類型：其他""}",chg.png,727d6b7cd39c5c204fe75e61ab1e181748e0812bbb7867c91cc85d92b2f43c35
115,新北市,AF2711501010,新北市,非違規,其他,121.474165622735000,25.206539095153100,false,https://landchg.nlma.gov.tw/Module/RWD/Web/pub_exhibit.aspx,2026-05-12T08:46:53+08:00,"{""fields"": {""查證結果"": ""非違規"", ""權責單位"": ""新北市"", ""變異類型"": ""其他"", ""變異點編號"": ""AF2711501010""}, ""latitude"": ""25.206539095153100"", ""longitude"": ""121.474165622735000"", ""marker_icon"": ""chg.png"", ""query_city"": ""新北市"", ""query_year"": ""115"", ""raw_desc_html"": ""變異點編號：AF2711501010<br/>權責單位：新北市<br/>查證結果：非違規<br/>變異類型：其他""}",chg.png,3fd0dc4fa6185b6a9daf7ccd39441f1087891d8ed58bba4a11c613fc0a273f96
115,新北市,F3011501003,新北市,非違規,新增建物,121.474192792926000,25.253627019718500,false,https://landchg.nlma.gov.tw/Module/RWD/Web/pub_exhibit.aspx,2026-05-12T08:46:53+08:00,"{""fields"": {""查證結果"": ""非違規"", ""權責單位"": ""新北市"", ""變異類型"": ""新增建物"", ""變異點編號"": ""F3011501003""}, ""latitude"": ""25.253627019718500"", ""longitude"": ""121.474192792926000"", ""marker_icon"": ""chg.png"", ""query_city"": ""新北市"", ""query_year"": ""115"", ""raw_desc_html"": ""變異點編號：F3011501003<br/>權責單位：新北市<br/>查證結果：非違規<br/>變異類型：新增建物""}",chg.png,7fdf011e05ff2e1abf39587d004a7692e3a26717cfdc70ee6e5e0d28b89b1eb5
115,新北市,AF2711502085,新北市,非違規,一般農業使用(含農地水土保持、農業設施、民眾闢設道路等開發案件),121.474836264619000,25.214329037181200,false,https://landchg.nlma.gov.tw/Module/RWD/Web/pub_exhibit.aspx,2026-05-12T08:46:53+08:00,"{""fields"": {""查證結果"": ""非違規"", ""權責單位"": ""新北市"", ""變異類型"": ""一般農業使用(含農地水土保持、農業設施、民眾闢設道路等開發案件)"", ""變異點編號"": ""AF2711502085""}, ""latitude"": ""25.214329037181200"", ""longitude"": ""121.474836264619000"", ""marker_icon"": ""chg.png"", ""query_city"": ""新北市"", ""query_year"": ""115"", ""raw_desc_html"": ""變異點編號：AF2711502085<br/>權責單位：新北市<br/>查證結果：非違規<br/>變異類型：一般農業使用(含農地水土保持、農業設施、民眾闢設道路等開發案件)""}",chg.png,c56be5ec5748fa7d2a8c4fd054116c9074f344f10573706d5cdf9ac52272560b
115,新北市,AF2711504049,新北市,非違規,其他,121.475316359241000,25.179895110984000,false,https://landchg.nlma.gov.tw/Module/RWD/Web/pub_exhibit.aspx,2026-05-12T08:46:53+08:00,"{""fields"": {""查證結果"": ""非違規"", ""權責單位"": ""新北市"", ""變異類型"": ""其他"", ""變異點編號"": ""AF2711504049""}, ""latitude"": ""25.179895110984000"", ""longitude"": ""121.475316359241000"", ""marker_icon"": ""chg.png"", ""query_city"": ""新北市"", ""query_year"": ""115"", ""raw_desc_html"": ""變異點編號：AF2711504049<br/>權責單位：新北市<br/>查證結果：非違規<br/>變異類型：其他""}",chg.png,a54b01c28307bde7a6eb791990cf32390f69c9bfd1af28faf2e70d149cbf2d1d
115,新北市,AF2711503089,新北市,違規,其他開挖整地,121.475748536671000,25.170590178188000,true,https://landchg.nlma.gov.tw/Module/RWD/Web/pub_exhibit.aspx,2026-05-12T08:46:53+08:00,"{""fields"": {""查證結果"": ""違規"", ""權責單位"": ""新北市"", ""變異類型"": ""其他開挖整地"", ""變異點編號"": ""AF2711503089""}, ""latitude"": ""25.170590178188000"", ""longitude"": ""121.475748536671000"", ""marker_icon"": ""chg_red.png"", ""query_city"": ""新北市"", ""query_year"": ""115"", ""raw_desc_html"": ""變異點編號：AF2711503089<br/>權責單位：新北市<br/>查證結果：違規<br/>變異類型：其他開挖整地""}",chg_red.png,cc11d2950a2494a5cc0c9522ca17a1b554a16ea38c00cb21221a6e8025b199b0
115,新北市,AF2711502089,新北市,非違規,自然裸露地,121.479428100686000,25.160956947363400,false,https://landchg.nlma.gov.tw/Module/RWD/Web/pub_exhibit.aspx,2026-05-12T08:46:53+08:00,"{""fields"": {""查證結果"": ""非違規"", ""權責單位"": ""新北市"", ""變異類型"": ""自然裸露地"", ""變異點編號"": ""AF2711502089""}, ""latitude"": ""25.160956947363400"", ""longitude"": ""121.479428100686000"", ""marker_icon"": ""chg.png"", ""query_city"": ""新北市"", ""query_year"": ""115"", ""raw_desc_html"": ""變異點編號：AF2711502089<br/>權責單位：新北市<br/>查證結果：非違規<br/>變異類型：自然裸露地""}",chg.png,ca5aad62e7474239686992db627d03ae8f48acf6cd406fb4c9e9ac06d1135b3f
115,新北市,AF2711502078,新北市,非違規,非農業核准開發案件,121.480525174878000,25.234198165634300,false,https://landchg.nlma.gov.tw/Module/RWD/Web/pub_exhibit.aspx,2026-05-12T08:46:53+08:00,"{""fields"": {""查證結果"": ""非違規"", ""權責單位"": ""新北市"", ""變異類型"": ""非農業核准開發案件"", ""變異點編號"": ""AF2711502078""}, ""latitude"": ""25.234198165634300"", ""longitude"": ""121.480525174878000"", ""marker_icon"": ""chg.png"", ""query_city"": ""新北市"", ""query_year"": ""115"", ""raw_desc_html"": ""變異點編號：AF2711502078<br/>權責單位：新北市<br/>查證結果：非違規<br/>變異類型：非農業核准開發案件""}",chg.png,f04dbe5ef2350ccc78ed18efff8994f7c2315482e5a334440f8d9bebe082aeae
115,新北市,F1811504005,新北市,非違規,其他,121.481029042810000,24.984455014154500,false,https://landchg.nlma.gov.tw/Module/RWD/Web/pub_exhibit.aspx,2026-05-12T08:46:53+08:00,"{""fields"": {""查證結果"": ""非違規"", ""權責單位"": ""新北市"", ""變異類型"": ""其他"", ""變異點編號"": ""F1811504005""}, ""latitude"": ""24.984455014154500"", ""longitude"": ""121.481029042810000"", ""marker_icon"": ""chg.png"", ""query_city"": ""新北市"", ""query_year"": ""115"", ""raw_desc_html"": ""變異點編號：F1811504005<br/>權責單位：新北市<br/>查證結果：非違規<br/>變異類型：其他""}",chg.png,498167ec057a9a22987d132a96f2120a9c607af38e7bee38b8bf5df763e982fb
115,新北市,AF2711502080,新北市,違規,開發建築用地,121.482063734979000,25.233566261462100,true,https://landchg.nlma.gov.tw/Module/RWD/Web/pub_exhibit.aspx,2026-05-12T08:46:53+08:00,"{""fields"": {""查證結果"": ""違規"", ""權責單位"": ""新北市"", ""變異類型"": ""開發建築用地"", ""變異點編號"": ""AF2711502080""}, ""latitude"": ""25.233566261462100"", ""longitude"": ""121.482063734979000"", ""marker_icon"": ""chg_red.png"", ""query_city"": ""新北市"", ""query_year"": ""115"", ""raw_desc_html"": ""變異點編號：AF2711502080<br/>權責單位：新北市<br/>查證結果：違規<br/>變異類型：開發建築用地""}",chg_red.png,99701d30ecbbc15400aa87ddde0896e663872aad36e2ed0c040b789b52a490ba
115,新北市,AF0711502056,新北市,非違規,無道路可到達,121.482292129952000,24.950502069814200,false,https://landchg.nlma.gov.tw/Module/RWD/Web/pub_exhibit.aspx,2026-05-12T08:46:53+08:00,"{""fields"": {""查證結果"": ""非違規"", ""權責單位"": ""新北市"", ""變異類型"": ""無道路可到達"", ""變異點編號"": ""AF0711502056""}, ""latitude"": ""24.950502069814200"", ""longitude"": ""121.482292129952000"", ""marker_icon"": ""chg.png"", ""query_city"": ""新北市"", ""query_year"": ""115"", ""raw_desc_html"": ""變異點編號：AF0711502056<br/>權責單位：新北市<br/>查證結果：非違規<br/>變異類型：無道路可到達""}",chg.png,9252673dcb54a8c7c0a4c15e7f8f7474e666a2781f653268b675704aec892190
115,新北市,AF2711503087,新北市,非違規,一般農業使用(含農地水土保持、農業設施、民眾闢設道路等開發案件),121.482559467058000,25.190512158316800,false,https://landchg.nlma.gov.tw/Module/RWD/Web/pub_exhibit.aspx,2026-05-12T08:46:53+08:00,"{""fields"": {""查證結果"": ""非違規"", ""權責單位"": ""新北市"", ""變異類型"": ""一般農業使用(含農地水土保持、農業設施、民眾闢設道路等開發案件)"", ""變異點編號"": ""AF2711503087""}, ""latitude"": ""25.190512158316800"", ""longitude"": ""121.482559467058000"", ""marker_icon"": ""chg.png"", ""query_city"": ""新北市"", ""query_year"": ""115"", ""raw_desc_html"": ""變異點編號：AF2711503087<br/>權責單位：新北市<br/>查證結果：非違規<br/>變異類型：一般農業使用(含農地水土保持、農業設施、民眾闢設道路等開發案件)""}",chg.png,c7659ea3da1def67be75c1b91aa03ac390afbe8130f4a6f69c64d87c91ca00c2
115,新北市,AF3011503025,新北市,非違規,一般農業使用(含農地水土保持、農業設施、民眾闢設道路等開發案件),121.483446888852000,25.243433476541800,false,https://landchg.nlma.gov.tw/Module/RWD/Web/pub_exhibit.aspx,2026-05-12T08:46:53+08:00,"{""fields"": {""查證結果"": ""非違規"", ""權責單位"": ""新北市"", ""變異類型"": ""一般農業使用(含農地水土保持、農業設施、民眾闢設道路等開發案件)"", ""變異點編號"": ""AF3011503025""}, ""latitude"": ""25.243433476541800"", ""longitude"": ""121.483446888852000"", ""marker_icon"": ""chg.png"", ""query_city"": ""新北市"", ""query_year"": ""115"", ""raw_desc_html"": ""變異點編號：AF3011503025<br/>權責單位：新北市<br/>查證結果：非違規<br/>變異類型：一般農業使用(含農地水土保持、農業設施、民眾闢設道路等開發案件)""}",chg.png,4058253db286e1021360dc5653a92f867d0d513e17b840187199822de5c7e45f
115,新北市,F0411501002,新北市,違規,新增建物,121.484158496342000,25.088787528052600,true,https://landchg.nlma.gov.tw/Module/RWD/Web/pub_exhibit.aspx,2026-05-12T08:46:53+08:00,"{""fields"": {""查證結果"": ""違規"", ""權責單位"": ""新北市"", ""變異類型"": ""新增建物"", ""變異點編號"": ""F0411501002""}, ""latitude"": ""25.088787528052600"", ""longitude"": ""121.484158496342000"", ""marker_icon"": ""chg_red.png"", ""query_city"": ""新北市"", ""query_year"": ""115"", ""raw_desc_html"": ""變異點編號：F0411501002<br/>權責單位：新北市<br/>查證結果：違規<br/>變異類型：新增建物""}",chg_red.png,8e811f879a1918f3ea0a014f241bcca665a8e4bf6eaf8697f22b1c4612a3b95e
115,新北市,AF2711503082,新北市,非違規,一般農業使用(含農地水土保持、農業設施、民眾闢設道路等開發案件),121.484311325901000,25.233848215795700,false,https://landchg.nlma.gov.tw/Module/RWD/Web/pub_exhibit.aspx,2026-05-12T08:46:53+08:00,"{""fields"": {""查證結果"": ""非違規"", ""權責單位"": ""新北市"", ""變異類型"": ""一般農業使用(含農地水土保持、農業設施、民眾闢設道路等開發案件)"", ""變異點編號"": ""AF2711503082""}, ""latitude"": ""25.233848215795700"", ""longitude"": ""121.484311325901000"", ""marker_icon"": ""chg.png"", ""query_city"": ""新北市"", ""query_year"": ""115"", ""raw_desc_html"": ""變異點編號：AF2711503082<br/>權責單位：新北市<br/>查證結果：非違規<br/>變異類型：一般農業使用(含農地水土保持、農業設施、民眾闢設道路等開發案件)""}",chg.png,33f924dc7742566e6c566ee1a693bb95c1b3cd240220f29e79b02d635c97cba7
115,新北市,AF2711502088,新北市,非違規,其他,121.484466699889000,25.184142750631600,false,https://landchg.nlma.gov.tw/Module/RWD/Web/pub_exhibit.aspx,2026-05-12T08:46:53+08:00,"{""fields"": {""查證結果"": ""非違規"", ""權責單位"": ""新北市"", ""變異類型"": ""其他"", ""變異點編號"": ""AF2711502088""}, ""latitude"": ""25.184142750631600"", ""longitude"": ""121.484466699889000"", ""marker_icon"": ""chg.png"", ""query_city"": ""新北市"", ""query_year"": ""115"", ""raw_desc_html"": ""變異點編號：AF2711502088<br/>權責單位：新北市<br/>查證結果：非違規<br/>變異類型：其他""}",chg.png,eb62e4c17be62a8b4ef39840a6f97ad893a840c2506d82d79e031f1304a1e09b
115,新北市,AF3011504004,新北市,違規,其他開挖整地,121.484695741792000,25.261440263359500,true,https://landchg.nlma.gov.tw/Module/RWD/Web/pub_exhibit.aspx,2026-05-12T08:46:53+08:00,"{""fields"": {""查證結果"": ""違規"", ""權責單位"": ""新北市"", ""變異類型"": ""其他開挖整地"", ""變異點編號"": ""AF3011504004""}, ""latitude"": ""25.261440263359500"", ""longitude"": ""121.484695741792000"", ""marker_icon"": ""chg_red.png"", ""query_city"": ""新北市"", ""query_year"": ""115"", ""raw_desc_html"": ""變異點編號：AF3011504004<br/>權責單位：新北市<br/>查證結果：違規<br/>變異類型：其他開挖整地""}",chg_red.png,7a23bf032fe1bee2f36c220e24cb3d4550d57fc5e01d22e9d5d9d776b42ba3c7
115,新北市,80111501027,新北市,違規,其他,121.485652328821000,24.962761594472900,true,https://landchg.nlma.gov.tw/Module/RWD/Web/pub_exhibit.aspx,2026-05-12T08:46:53+08:00,"{""fields"": {""查證結果"": ""違規"", ""權責單位"": ""新北市"", ""變異類型"": ""其他"", ""變異點編號"": ""80111501027""}, ""latitude"": ""24.962761594472900"", ""longitude"": ""121.485652328821000"", ""marker_icon"": ""chg_red.png"", ""query_city"": ""新北市"", ""query_year"": ""115"", ""raw_desc_html"": ""變異點編號：80111501027<br/>權責單位：新北市<br/>查證結果：違規<br/>變異類型：其他""}",chg_red.png,b244252e8be1bc8db59aee745da2fd417c98b09afda0c52661d788372d01a073
115,新北市,AF0711501020,新北市,非違規,無道路可到達,121.485652328821000,24.962761594472900,false,https://landchg.nlma.gov.tw/Module/RWD/Web/pub_exhibit.aspx,2026-05-12T08:46:53+08:00,"{""fields"": {""查證結果"": ""非違規"", ""權責單位"": ""新北市"", ""變異類型"": ""無道路可到達"", ""變異點編號"": ""AF0711501020""}, ""latitude"": ""24.962761594472900"", ""longitude"": ""121.485652328821000"", ""marker_icon"": ""chg.png"", ""query_city"": ""新北市"", ""query_year"": ""115"", ""raw_desc_html"": ""變異點編號：AF0711501020<br/>權責單位：新北市<br/>查證結果：非違規<br/>變異類型：無道路可到達""}",chg.png,b3f8e9a1440d667c6c9950949ac288a8ad3ad4cc7bf7fd97d521dc08c15a2608
115,新北市,AF2711502086,新北市,非違規,一般農業使用(含農地水土保持、農業設施、民眾闢設道路等開發案件),121.486335645994000,25.220322007975000,false,https://landchg.nlma.gov.tw/Module/RWD/Web/pub_exhibit.aspx,2026-05-12T08:46:53+08:00,"{""fields"": {""查證結果"": ""非違規"", ""權責單位"": ""新北市"", ""變異類型"": ""一般農業使用(含農地水土保持、農業設施、民眾闢設道路等開發案件)"", ""變異點編號"": ""AF2711502086""}, ""latitude"": ""25.220322007975000"", ""longitude"": ""121.486335645994000"", ""marker_icon"": ""chg.png"", ""query_city"": ""新北市"", ""query_year"": ""115"", ""raw_desc_html"": ""變異點編號：AF2711502086<br/>權責單位：新北市<br/>查證結果：非違規<br/>變異類型：一般農業使用(含農地水土保持、農業設施、民眾闢設道路等開發案件)""}",chg.png,f7a6b196fb4f4386fca32fb56307fff61836daa7e0b5a4ba381a4955cbce0f1d
115,新北市,AF3011502021,新北市,違規,其他開挖整地,121.488192176753000,25.241301170936200,true,https://landchg.nlma.gov.tw/Module/RWD/Web/pub_exhibit.aspx,2026-05-12T08:46:53+08:00,"{""fields"": {""查證結果"": ""違規"", ""權責單位"": ""新北市"", ""變異類型"": ""其他開挖整地"", ""變異點編號"": ""AF3011502021""}, ""latitude"": ""25.241301170936200"", ""longitude"": ""121.488192176753000"", ""marker_icon"": ""chg_red.png"", ""query_city"": ""新北市"", ""query_year"": ""115"", ""raw_desc_html"": ""變異點編號：AF3011502021<br/>權責單位：新北市<br/>查證結果：違規<br/>變異類型：其他開挖整地""}",chg_red.png,05ed5518b82c7abe997ee054a2996d9097beffdb7fb5702f61a024c03020c513
115,新北市,AF0711503070,新北市,非違規,自然裸露地,121.491699955017000,24.953522543143200,false,https://landchg.nlma.gov.tw/Module/RWD/Web/pub_exhibit.aspx,2026-05-12T08:46:53+08:00,"{""fields"": {""查證結果"": ""非違規"", ""權責單位"": ""新北市"", ""變異類型"": ""自然裸露地"", ""變異點編號"": ""AF0711503070""}, ""latitude"": ""24.953522543143200"", ""longitude"": ""121.491699955017000"", ""marker_icon"": ""chg.png"", ""query_city"": ""新北市"", ""query_year"": ""115"", ""raw_desc_html"": ""變異點編號：AF0711503070<br/>權責單位：新北市<br/>查證結果：非違規<br/>變異類型：自然裸露地""}",chg.png,0e5b2307d3a56d7858c94202a1eccb447b9cb9848d2b455a6173b411b1e074c9
115,新北市,AF3011505003,新北市,非違規,一般農業使用(含農地水土保持、農業設施、民眾闢設道路等開發案件),121.492811979635000,25.201102257062200,false,https://landchg.nlma.gov.tw/Module/RWD/Web/pub_exhibit.aspx,2026-05-12T08:46:53+08:00,"{""fields"": {""查證結果"": ""非違規"", ""權責單位"": ""新北市"", ""變異類型"": ""一般農業使用(含農地水土保持、農業設施、民眾闢設道路等開發案件)"", ""變異點編號"": ""AF3011505003""}, ""latitude"": ""25.201102257062200"", ""longitude"": ""121.492811979635000"", ""marker_icon"": ""chg.png"", ""query_city"": ""新北市"", ""query_year"": ""115"", ""raw_desc_html"": ""變異點編號：AF3011505003<br/>權責單位：新北市<br/>查證結果：非違規<br/>變異類型：一般農業使用(含農地水土保持、農業設施、民眾闢設道路等開發案件)""}",chg.png,c3b6147d7cc46ed949bb50db97085b474863969ab716d3e138b5d454e144aba0
115,新北市,AF2711503088,新北市,違規,其他開挖整地,121.492929448633000,25.189936755961400,true,https://landchg.nlma.gov.tw/Module/RWD/Web/pub_exhibit.aspx,2026-05-12T08:46:53+08:00,"{""fields"": {""查證結果"": ""違規"", ""權責單位"": ""新北市"", ""變異類型"": ""其他開挖整地"", ""變異點編號"": ""AF2711503088""}, ""latitude"": ""25.189936755961400"", ""longitude"": ""121.492929448633000"", ""marker_icon"": ""chg_red.png"", ""query_city"": ""新北市"", ""query_year"": ""115"", ""raw_desc_html"": ""變異點編號：AF2711503088<br/>權責單位：新北市<br/>查證結果：違規<br/>變異類型：其他開挖整地""}",chg_red.png,8854af8dbec75b996578e1e2157007bb8a54896b021bcc51602353b6aa6eca5c
115,新北市,AF2711502081,新北市,違規,其他開挖整地,121.493522039670000,25.230813140557500,true,https://landchg.nlma.gov.tw/Module/RWD/Web/pub_exhibit.aspx,2026-05-12T08:46:53+08:00,"{""fields"": {""查證結果"": ""違規"", ""權責單位"": ""新北市"", ""變異類型"": ""其他開挖整地"", ""變異點編號"": ""AF2711502081""}, ""latitude"": ""25.230813140557500"", ""longitude"": ""121.493522039670000"", ""marker_icon"": ""chg_red.png"", ""query_city"": ""新北市"", ""query_year"": ""115"", ""raw_desc_html"": ""變異點編號：AF2711502081<br/>權責單位：新北市<br/>查證結果：違規<br/>變異類型：其他開挖整地""}",chg_red.png,7bbe8612c393f02f2f33fe67bcddee289282db2ee199ab2fb6ab338b3f2f5788
115,新北市,21011502004,第十河川分署,非違規,整地,121.494792796059000,25.089353123781600,false,https://landchg.nlma.gov.tw/Module/RWD/Web/pub_exhibit.aspx,2026-05-12T08:46:53+08:00,"{""fields"": {""查證結果"": ""非違規"", ""權責單位"": ""第十河川分署"", ""變異類型"": ""整地"", ""變異點編號"": ""21011502004""}, ""latitude"": ""25.089353123781600"", ""longitude"": ""121.494792796059000"", ""marker_icon"": ""chg.png"", ""query_city"": ""新北市"", ""query_year"": ""115"", ""raw_desc_html"": ""變異點編號：21011502004<br/>權責單位：第十河川分署<br/>查證結果：非違規<br/>變異類型：整地""}",chg.png,13082865bf5faa17c45c91c554c999e668f75101b3e36fdd2eb2020fb315cfe6
115,新北市,AF3011503024,新北市,非違規,其他,121.494998167743000,25.237401717459500,false,https://landchg.nlma.gov.tw/Module/RWD/Web/pub_exhibit.aspx,2026-05-12T08:46:53+08:00,"{""fields"": {""查證結果"": ""非違規"", ""權責單位"": ""新北市"", ""變異類型"": ""其他"", ""變異點編號"": ""AF3011503024""}, ""latitude"": ""25.237401717459500"", ""longitude"": ""121.494998167743000"", ""marker_icon"": ""chg.png"", ""query_city"": ""新北市"", ""query_year"": ""115"", ""raw_desc_html"": ""變異點編號：AF3011503024<br/>權責單位：新北市<br/>查證結果：非違規<br/>變異類型：其他""}",chg.png,ac01ad21b1b1eadbf2693fd850c97bb3dec859ff2cb913cd783132064a776025
115,新北市,AF2711503086,新北市,非違規,其他,121.495262667308000,25.221597984036700,false,https://landchg.nlma.gov.tw/Module/RWD/Web/pub_exhibit.aspx,2026-05-12T08:46:53+08:00,"{""fields"": {""查證結果"": ""非違規"", ""權責單位"": ""新北市"", ""變異類型"": ""其他"", ""變異點編號"": ""AF2711503086""}, ""latitude"": ""25.221597984036700"", ""longitude"": ""121.495262667308000"", ""marker_icon"": ""chg.png"", ""query_city"": ""新北市"", ""query_year"": ""115"", ""raw_desc_html"": ""變異點編號：AF2711503086<br/>權責單位：新北市<br/>查證結果：非違規<br/>變異類型：其他""}",chg.png,cb066ebfa152cb4632b1b316162b7c41d96be6ea419f6cc3dede94ee149c2a12
115,新北市,F3011501005,新北市,違規,其他,121.495264421485000,25.266915108720700,true,https://landchg.nlma.gov.tw/Module/RWD/Web/pub_exhibit.aspx,2026-05-12T08:46:53+08:00,"{""fields"": {""查證結果"": ""違規"", ""權責單位"": ""新北市"", ""變異類型"": ""其他"", ""變異點編號"": ""F3011501005""}, ""latitude"": ""25.266915108720700"", ""longitude"": ""121.495264421485000"", ""marker_icon"": ""chg_red.png"", ""query_city"": ""新北市"", ""query_year"": ""115"", ""raw_desc_html"": ""變異點編號：F3011501005<br/>權責單位：新北市<br/>查證結果：違規<br/>變異類型：其他""}",chg_red.png,44451d547570f4b73d796d84335afa1f727b5795100e791591a94b9f7552242e
115,新北市,AF1811503052,新北市,違規,其他開挖整地,121.495604017458000,24.978565824107800,true,https://landchg.nlma.gov.tw/Module/RWD/Web/pub_exhibit.aspx,2026-05-12T08:46:53+08:00,"{""fields"": {""查證結果"": ""違規"", ""權責單位"": ""新北市"", ""變異類型"": ""其他開挖整地"", ""變異點編號"": ""AF1811503052""}, ""latitude"": ""24.978565824107800"", ""longitude"": ""121.495604017458000"", ""marker_icon"": ""chg_red.png"", ""query_city"": ""新北市"", ""query_year"": ""115"", ""raw_desc_html"": ""變異點編號：AF1811503052<br/>權責單位：新北市<br/>查證結果：違規<br/>變異類型：其他開挖整地""}",chg_red.png,fe9fa80afb4b7befc43a47c30365bc48f1ffafa09bf772497461e12bf42c163c
115,新北市,210115013009,第十河川分署,非違規,其他,121.495722648587000,25.088751335975900,false,https://landchg.nlma.gov.tw/Module/RWD/Web/pub_exhibit.aspx,2026-05-12T08:46:53+08:00,"{""fields"": {""查證結果"": ""非違規"", ""權責單位"": ""第十河川分署"", ""變異類型"": ""其他"", ""變異點編號"": ""210115013009""}, ""latitude"": ""25.088751335975900"", ""longitude"": ""121.495722648587000"", ""marker_icon"": ""chg.png"", ""query_city"": ""新北市"", ""query_year"": ""115"", ""raw_desc_html"": ""變異點編號：210115013009<br/>權責單位：第十河川分署<br/>查證結果：非違規<br/>變異類型：其他""}",chg.png,50acedfd5dd103db130cc3353044748a6f78c5f164cf79703d621f302f9d6e47
115,新北市,AF2711503085,新北市,違規,修建道路或溝渠(含鐵、公路),121.496478851874000,25.222651427268000,true,https://landchg.nlma.gov.tw/Module/RWD/Web/pub_exhibit.aspx,2026-05-12T08:46:53+08:00,"{""fields"": {""查證結果"": ""違規"", ""權責單位"": ""新北市"", ""變異類型"": ""修建道路或溝渠(含鐵、公路)"", ""變異點編號"": ""AF2711503085""}, ""latitude"": ""25.222651427268000"", ""longitude"": ""121.496478851874000"", ""marker_icon"": ""chg_red.png"", ""query_city"": ""新北市"", ""query_year"": ""115"", ""raw_desc_html"": ""變異點編號：AF2711503085<br/>權責單位：新北市<br/>查證結果：違規<br/>變異類型：修建道路或溝渠(含鐵、公路)""}",chg_red.png,bee450d1195a201fa9bbdf74a32a2d68b52eca088b251a3b4adb56196ef7e9b8
115,新北市,AF3011503026,新北市,非違規,非農業核准開發案件,121.496880279133000,25.207798326325800,false,https://landchg.nlma.gov.tw/Module/RWD/Web/pub_exhibit.aspx,2026-05-12T08:46:53+08:00,"{""fields"": {""查證結果"": ""非違規"", ""權責單位"": ""新北市"", ""變異類型"": ""非農業核准開發案件"", ""變異點編號"": ""AF3011503026""}, ""latitude"": ""25.207798326325800"", ""longitude"": ""121.496880279133000"", ""marker_icon"": ""chg.png"", ""query_city"": ""新北市"", ""query_year"": ""115"", ""raw_desc_html"": ""變異點編號：AF3011503026<br/>權責單位：新北市<br/>查證結果：非違規<br/>變異類型：非農業核准開發案件""}",chg.png,de762c6ede1948d726cd2a9095d3027acd4608ba4df08ed6167f905bf4540af6
115,新北市,AF3011505002,新北市,非違規,其他,121.498501573573000,25.206794134623000,false,https://landchg.nlma.gov.tw/Module/RWD/Web/pub_exhibit.aspx,2026-05-12T08:46:53+08:00,"{""fields"": {""查證結果"": ""非違規"", ""權責單位"": ""新北市"", ""變異類型"": ""其他"", ""變異點編號"": ""AF3011505002""}, ""latitude"": ""25.206794134623000"", ""longitude"": ""121.498501573573000"", ""marker_icon"": ""chg.png"", ""query_city"": ""新北市"", ""query_year"": ""115"", ""raw_desc_html"": ""變異點編號：AF3011505002<br/>權責單位：新北市<br/>查證結果：非違規<br/>變異類型：其他""}",chg.png,42704a44c23fbfec82973f58d288ac3a84d39071b60c11e35415e642605848a4
115,新北市,AF2711502087,新北市,非違規,非農業核准開發案件,121.499295964118000,25.187733046434300,false,https://landchg.nlma.gov.tw/Module/RWD/Web/pub_exhibit.aspx,2026-05-12T08:46:53+08:00,"{""fields"": {""查證結果"": ""非違規"", ""權責單位"": ""新北市"", ""變異類型"": ""非農業核准開發案件"", ""變異點編號"": ""AF2711502087""}, ""latitude"": ""25.187733046434300"", ""longitude"": ""121.499295964118000"", ""marker_icon"": ""chg.png"", ""query_city"": ""新北市"", ""query_year"": ""115"", ""raw_desc_html"": ""變異點編號：AF2711502087<br/>權責單位：新北市<br/>查證結果：非違規<br/>變異類型：非農業核准開發案件""}",chg.png,0ca501a7200ee1a2eab0d780eaebf26b4df72ba328176dabf4d37cf60b553fdb
115,新北市,AF2711504050,新北市,非違規,其他,121.500419607040000,25.191317141259000,false,https://landchg.nlma.gov.tw/Module/RWD/Web/pub_exhibit.aspx,2026-05-12T08:46:53+08:00,"{""fields"": {""查證結果"": ""非違規"", ""權責單位"": ""新北市"", ""變異類型"": ""其他"", ""變異點編號"": ""AF2711504050""}, ""latitude"": ""25.191317141259000"", ""longitude"": ""121.500419607040000"", ""marker_icon"": ""chg.png"", ""query_city"": ""新北市"", ""query_year"": ""115"", ""raw_desc_html"": ""變異點編號：AF2711504050<br/>權責單位：新北市<br/>查證結果：非違規<br/>變異類型：其他""}",chg.png,eb3f3e319afa280cbf575708b3b1fd2111b417ce5ecce109cd036a84a7970bd1
115,新北市,F3011501004,新北市,違規,整地,121.500972058893000,25.252322806207600,true,https://landchg.nlma.gov.tw/Module/RWD/Web/pub_exhibit.aspx,2026-05-12T08:46:53+08:00,"{""fields"": {""查證結果"": ""違規"", ""權責單位"": ""新北市"", ""變異類型"": ""整地"", ""變異點編號"": ""F3011501004""}, ""latitude"": ""25.252322806207600"", ""longitude"": ""121.500972058893000"", ""marker_icon"": ""chg_red.png"", ""query_city"": ""新北市"", ""query_year"": ""115"", ""raw_desc_html"": ""變異點編號：F3011501004<br/>權責單位：新北市<br/>查證結果：違規<br/>變異類型：整地""}",chg_red.png,1e7b2fc9a31a838d60738bbeae6dfcbe2e4996b518d4776f7525f14caf6bc09a
115,新北市,F3011502017,新北市,違規,其他,121.501074893528000,25.252195649452500,true,https://landchg.nlma.gov.tw/Module/RWD/Web/pub_exhibit.aspx,2026-05-12T08:46:53+08:00,"{""fields"": {""查證結果"": ""違規"", ""權責單位"": ""新北市"", ""變異類型"": ""其他"", ""變異點編號"": ""F3011502017""}, ""latitude"": ""25.252195649452500"", ""longitude"": ""121.501074893528000"", ""marker_icon"": ""chg_red.png"", ""query_city"": ""新北市"", ""query_year"": ""115"", ""raw_desc_html"": ""變異點編號：F3011502017<br/>權責單位：新北市<br/>查證結果：違規<br/>變異類型：其他""}",chg_red.png,ec8afd4ff1bf513233c6273abb6c0b11b0f8050d0e73b81c05976c0978f9ebe5
115,新北市,AF1811503053,新北市,違規,其他開挖整地,121.501470583502000,24.972336854198000,true,https://landchg.nlma.gov.tw/Module/RWD/Web/pub_exhibit.aspx,2026-05-12T08:46:53+08:00,"{""fields"": {""查證結果"": ""違規"", ""權責單位"": ""新北市"", ""變異類型"": ""其他開挖整地"", ""變異點編號"": ""AF1811503053""}, ""latitude"": ""24.972336854198000"", ""longitude"": ""121.501470583502000"", ""marker_icon"": ""chg_red.png"", ""query_city"": ""新北市"", ""query_year"": ""115"", ""raw_desc_html"": ""變異點編號：AF1811503053<br/>權責單位：新北市<br/>查證結果：違規<br/>變異類型：其他開挖整地""}",chg_red.png,eb4abb9714d89b7964df94455df591eae2630dde798ef92b91430411acaeb5cf
115,新北市,AF3011501001,新北市,非違規,其他,121.502724036988000,25.205915777180500,false,https://landchg.nlma.gov.tw/Module/RWD/Web/pub_exhibit.aspx,2026-05-12T08:46:53+08:00,"{""fields"": {""查證結果"": ""非違規"", ""權責單位"": ""新北市"", ""變異類型"": ""其他"", ""變異點編號"": ""AF3011501001""}, ""latitude"": ""25.205915777180500"", ""longitude"": ""121.502724036988000"", ""marker_icon"": ""chg.png"", ""query_city"": ""新北市"", ""query_year"": ""115"", ""raw_desc_html"": ""變異點編號：AF3011501001<br/>權責單位：新北市<br/>查證結果：非違規<br/>變異類型：其他""}",chg.png,62ba393a4738b09468f06c3cda363895073f237d62fef8d0b68e9d5097963306
115,新北市,AF3011502022,新北市,違規,其他開挖整地,121.502791446772000,25.201966789192800,true,https://landchg.nlma.gov.tw/Module/RWD/Web/pub_exhibit.aspx,2026-05-12T08:46:53+08:00,"{""fields"": {""查證結果"": ""違規"", ""權責單位"": ""新北市"", ""變異類型"": ""其他開挖整地"", ""變異點編號"": ""AF3011502022""}, ""latitude"": ""25.201966789192800"", ""longitude"": ""121.502791446772000"", ""marker_icon"": ""chg_red.png"", ""query_city"": ""新北市"", ""query_year"": ""115"", ""raw_desc_html"": ""變異點編號：AF3011502022<br/>權責單位：新北市<br/>查證結果：違規<br/>變異類型：其他開挖整地""}",chg_red.png,8c65d5072784bd1119940080190b5fe1c8ad2a2b7e764d71411179d4771c0b63
115,新北市,AF0711502057,新北市,違規,開發建築用地,121.503412425278000,24.955920461260500,true,https://landchg.nlma.gov.tw/Module/RWD/Web/pub_exhibit.aspx,2026-05-12T08:46:53+08:00,"{""fields"": {""查證結果"": ""違規"", ""權責單位"": ""新北市"", ""變異類型"": ""開發建築用地"", ""變異點編號"": ""AF0711502057""}, ""latitude"": ""24.955920461260500"", ""longitude"": ""121.503412425278000"", ""marker_icon"": ""chg_red.png"", ""query_city"": ""新北市"", ""query_year"": ""115"", ""raw_desc_html"": ""變異點編號：AF0711502057<br/>權責單位：新北市<br/>查證結果：違規<br/>變異類型：開發建築用地""}",chg_red.png,e4b95a81055dc25fd65af08bbec2db9c557a45337ffa43cffc1f9c9fa693111d
115,新北市,F0711502004,新北市,違規,整地,121.503449594365000,24.956463312746400,true,https://landchg.nlma.gov.tw/Module/RWD/Web/pub_exhibit.aspx,2026-05-12T08:46:53+08:00,"{""fields"": {""查證結果"": ""違規"", ""權責單位"": ""新北市"", ""變異類型"": ""整地"", ""變異點編號"": ""F0711502004""}, ""latitude"": ""24.956463312746400"", ""longitude"": ""121.503449594365000"", ""marker_icon"": ""chg_red.png"", ""query_city"": ""新北市"", ""query_year"": ""115"", ""raw_desc_html"": ""變異點編號：F0711502004<br/>權責單位：新北市<br/>查證結果：違規<br/>變異類型：整地""}",chg_red.png,3a23cde47444cc174a19ef50224107598ef628f74fc6bb4d289ec00b8b0ddb96
115,新北市,21111502001,臺北水源特定區管理分署,非違規,整地,121.503939925471000,24.911760393897900,false,https://landchg.nlma.gov.tw/Module/RWD/Web/pub_exhibit.aspx,2026-05-12T08:46:53+08:00,"{""fields"": {""查證結果"": ""非違規"", ""權責單位"": ""臺北水源特定區管理分署"", ""變異類型"": ""整地"", ""變異點編號"": ""21111502001""}, ""latitude"": ""24.911760393897900"", ""longitude"": ""121.503939925471000"", ""marker_icon"": ""chg.png"", ""query_city"": ""新北市"", ""query_year"": ""115"", ""raw_desc_html"": ""變異點編號：21111502001<br/>權責單位：臺北水源特定區管理分署<br/>查證結果：非違規<br/>變異類型：整地""}",chg.png,733097352ff261bdf24dbe9fcaa1ce95830afa54fb2ea963829cabc5102b659e
115,新北市,21111501001,臺北水源特定區管理分署,非違規,整地,121.504331160416000,24.912309843697200,false,https://landchg.nlma.gov.tw/Module/RWD/Web/pub_exhibit.aspx,2026-05-12T08:46:53+08:00,"{""fields"": {""查證結果"": ""非違規"", ""權責單位"": ""臺北水源特定區管理分署"", ""變異類型"": ""整地"", ""變異點編號"": ""21111501001""}, ""latitude"": ""24.912309843697200"", ""longitude"": ""121.504331160416000"", ""marker_icon"": ""chg.png"", ""query_city"": ""新北市"", ""query_year"": ""115"", ""raw_desc_html"": ""變異點編號：21111501001<br/>權責單位：臺北水源特定區管理分署<br/>查證結果：非違規<br/>變異類型：整地""}",chg.png,d3fa455648372a893e5f337ccb2db3253365d93fe8264abcbc3ad681e83b006a
115,新北市,21111503001,臺北水源特定區管理分署,違規,其他,121.505384129330000,24.864507293425100,true,https://landchg.nlma.gov.tw/Module/RWD/Web/pub_exhibit.aspx,2026-05-12T08:46:53+08:00,"{""fields"": {""查證結果"": ""違規"", ""權責單位"": ""臺北水源特定區管理分署"", ""變異類型"": ""其他"", ""變異點編號"": ""21111503001""}, ""latitude"": ""24.864507293425100"", ""longitude"": ""121.505384129330000"", ""marker_icon"": ""chg_red.png"", ""query_city"": ""新北市"", ""query_year"": ""115"", ""raw_desc_html"": ""變異點編號：21111503001<br/>權責單位：臺北水源特定區管理分署<br/>查證結果：違規<br/>變異類型：其他""}",chg_red.png,19dae0c2db312811c9e9aad49fae1dc633ed0ddbfd9fea818cd310f1696f2a23
115,新北市,AF3011503023,新北市,非違規,其他,121.506443430778000,25.244512889498100,false,https://landchg.nlma.gov.tw/Module/RWD/Web/pub_exhibit.aspx,2026-05-12T08:46:53+08:00,"{""fields"": {""查證結果"": ""非違規"", ""權責單位"": ""新北市"", ""變異類型"": ""其他"", ""變異點編號"": ""AF3011503023""}, ""latitude"": ""25.244512889498100"", ""longitude"": ""121.506443430778000"", ""marker_icon"": ""chg.png"", ""query_city"": ""新北市"", ""query_year"": ""115"", ""raw_desc_html"": ""變異點編號：AF3011503023<br/>權責單位：新北市<br/>查證結果：非違規<br/>變異類型：其他""}",chg.png,45c98349300f192bdcfd826c7c97c1be322e383b830e2b6f71f11beefc54fed9
115,新北市,211115013001,臺北水源特定區管理分署,違規,整地,121.507780861460000,24.827010757449100,true,https://landchg.nlma.gov.tw/Module/RWD/Web/pub_exhibit.aspx,2026-05-12T08:46:53+08:00,"{""fields"": {""查證結果"": ""違規"", ""權責單位"": ""臺北水源特定區管理分署"", ""變異類型"": ""整地"", ""變異點編號"": ""211115013001""}, ""latitude"": ""24.827010757449100"", ""longitude"": ""121.507780861460000"", ""marker_icon"": ""chg_red.png"", ""query_city"": ""新北市"", ""query_year"": ""115"", ""raw_desc_html"": ""變異點編號：211115013001<br/>權責單位：臺北水源特定區管理分署<br/>查證結果：違規<br/>變異類型：整地""}",chg_red.png,58c1f2356caf78da8dc4ad32aabe094eed3e51a9c65d6fc8e1047b0fc419cd6b
115,新北市,AF0711502058,新北市,違規,整坡作業,121.508669294299000,24.949270182381200,true,https://landchg.nlma.gov.tw/Module/RWD/Web/pub_exhibit.aspx,2026-05-12T08:46:53+08:00,"{""fields"": {""查證結果"": ""違規"", ""權責單位"": ""新北市"", ""變異類型"": ""整坡作業"", ""變異點編號"": ""AF0711502058""}, ""latitude"": ""24.949270182381200"", ""longitude"": ""121.508669294299000"", ""marker_icon"": ""chg_red.png"", ""query_city"": ""新北市"", ""query_year"": ""115"", ""raw_desc_html"": ""變異點編號：AF0711502058<br/>權責單位：新北市<br/>查證結果：違規<br/>變異類型：整坡作業""}",chg_red.png,1f2b037ea4c81898d55f7ca3dbc395042a58ee26ded00968696b59a619656967
115,新北市,AF3011503030,新北市,非違規,其他,121.509141291888000,25.229995335083500,false,https://landchg.nlma.gov.tw/Module/RWD/Web/pub_exhibit.aspx,2026-05-12T08:46:53+08:00,"{""fields"": {""查證結果"": ""非違規"", ""權責單位"": ""新北市"", ""變異類型"": ""其他"", ""變異點編號"": ""AF3011503030""}, ""latitude"": ""25.229995335083500"", ""longitude"": ""121.509141291888000"", ""marker_icon"": ""chg.png"", ""query_city"": ""新北市"", ""query_year"": ""115"", ""raw_desc_html"": ""變異點編號：AF3011503030<br/>權責單位：新北市<br/>查證結果：非違規<br/>變異類型：其他""}",chg.png,9387f3bbde80701d533741416b31dcd75901b899419f5e60fc5b0382243cc769
115,新北市,21111501002,臺北水源特定區管理分署,已知工程,工程施作,121.510596634121000,24.925049732843300,false,https://landchg.nlma.gov.tw/Module/RWD/Web/pub_exhibit.aspx,2026-05-12T08:46:53+08:00,"{""fields"": {""查證結果"": ""已知工程"", ""權責單位"": ""臺北水源特定區管理分署"", ""變異類型"": ""工程施作"", ""變異點編號"": ""21111501002""}, ""latitude"": ""24.925049732843300"", ""longitude"": ""121.510596634121000"", ""marker_icon"": ""chg.png"", ""query_city"": ""新北市"", ""query_year"": ""115"", ""raw_desc_html"": ""變異點編號：21111501002<br/>權責單位：臺北水源特定區管理分署<br/>查證結果：已知工程<br/>變異類型：工程施作""}",chg.png,88821e72849493503471cec6d87cca2df1773548fde97c7829497c720887c66e
115,新北市,AF3011502023,新北市,違規,其他開挖整地,121.511081875578000,25.245953733032600,true,https://landchg.nlma.gov.tw/Module/RWD/Web/pub_exhibit.aspx,2026-05-12T08:46:53+08:00,"{""fields"": {""查證結果"": ""違規"", ""權責單位"": ""新北市"", ""變異類型"": ""其他開挖整地"", ""變異點編號"": ""AF3011502023""}, ""latitude"": ""25.245953733032600"", ""longitude"": ""121.511081875578000"", ""marker_icon"": ""chg_red.png"", ""query_city"": ""新北市"", ""query_year"": ""115"", ""raw_desc_html"": ""變異點編號：AF3011502023<br/>權責單位：新北市<br/>查證結果：違規<br/>變異類型：其他開挖整地""}",chg_red.png,64ac6ebe62633a6ce7ed8bdb598d8108e1fdf9febb829252c4d3a3400ecc7eac
115,新北市,AF3011503035,新北市,非違規,一般農業使用(含農地水土保持、農業設施、民眾闢設道路等開發案件),121.511306214525000,25.208702007365900,false,https://landchg.nlma.gov.tw/Module/RWD/Web/pub_exhibit.aspx,2026-05-12T08:46:53+08:00,"{""fields"": {""查證結果"": ""非違規"", ""權責單位"": ""新北市"", ""變異類型"": ""一般農業使用(含農地水土保持、農業設施、民眾闢設道路等開發案件)"", ""變異點編號"": ""AF3011503035""}, ""latitude"": ""25.208702007365900"", ""longitude"": ""121.511306214525000"", ""marker_icon"": ""chg.png"", ""query_city"": ""新北市"", ""query_year"": ""115"", ""raw_desc_html"": ""變異點編號：AF3011503035<br/>權責單位：新北市<br/>查證結果：非違規<br/>變異類型：一般農業使用(含農地水土保持、農業設施、民眾闢設道路等開發案件)""}",chg.png,84ee37faf1821021d0ebb6fad765bba1c5cd37ad9d5485f1e71093d9391baeb7
115,新北市,AF0711501021,新北市,違規,其他開挖整地,121.511743321322000,24.975942593997600,true,https://landchg.nlma.gov.tw/Module/RWD/Web/pub_exhibit.aspx,2026-05-12T08:46:53+08:00,"{""fields"": {""查證結果"": ""違規"", ""權責單位"": ""新北市"", ""變異類型"": ""其他開挖整地"", ""變異點編號"": ""AF0711501021""}, ""latitude"": ""24.975942593997600"", ""longitude"": ""121.511743321322000"", ""marker_icon"": ""chg_red.png"", ""query_city"": ""新北市"", ""query_year"": ""115"", ""raw_desc_html"": ""變異點編號：AF0711501021<br/>權責單位：新北市<br/>查證結果：違規<br/>變異類型：其他開挖整地""}",chg_red.png,3e336026789dbeefe96d0eafc648c57e4a93ac4b398df8d3cbd807199ed33e5f
115,新北市,AF0711504082,新北市,違規,修建道路或溝渠(含鐵、公路),121.512176029550000,24.975333763765900,true,https://landchg.nlma.gov.tw/Module/RWD/Web/pub_exhibit.aspx,2026-05-12T08:46:53+08:00,"{""fields"": {""查證結果"": ""違規"", ""權責單位"": ""新北市"", ""變異類型"": ""修建道路或溝渠(含鐵、公路)"", ""變異點編號"": ""AF0711504082""}, ""latitude"": ""24.975333763765900"", ""longitude"": ""121.512176029550000"", ""marker_icon"": ""chg_red.png"", ""query_city"": ""新北市"", ""query_year"": ""115"", ""raw_desc_html"": ""變異點編號：AF0711504082<br/>權責單位：新北市<br/>查證結果：違規<br/>變異類型：修建道路或溝渠(含鐵、公路)""}",chg_red.png,9d46a75a585ef73aa7978465b7a9d4f557b7aeee272c64db874df060faf4105f
115,新北市,AF3011503027,新北市,非違規,治山防災工程,121.514686438566000,25.232058294338000,false,https://landchg.nlma.gov.tw/Module/RWD/Web/pub_exhibit.aspx,2026-05-12T08:46:53+08:00,"{""fields"": {""查證結果"": ""非違規"", ""權責單位"": ""新北市"", ""變異類型"": ""治山防災工程"", ""變異點編號"": ""AF3011503027""}, ""latitude"": ""25.232058294338000"", ""longitude"": ""121.514686438566000"", ""marker_icon"": ""chg.png"", ""query_city"": ""新北市"", ""query_year"": ""115"", ""raw_desc_html"": ""變異點編號：AF3011503027<br/>權責單位：新北市<br/>查證結果：非違規<br/>變異類型：治山防災工程""}",chg.png,6d014c519a1f591a99a590842ed74ccf11770b6b49a3de1dbba62df02727cecf
115,新北市,AF3011503029,新北市,非違規,其他,121.516013864164000,25.232493062965500,false,https://landchg.nlma.gov.tw/Module/RWD/Web/pub_exhibit.aspx,2026-05-12T08:46:53+08:00,"{""fields"": {""查證結果"": ""非違規"", ""權責單位"": ""新北市"", ""變異類型"": ""其他"", ""變異點編號"": ""AF3011503029""}, ""latitude"": ""25.232493062965500"", ""longitude"": ""121.516013864164000"", ""marker_icon"": ""chg.png"", ""query_city"": ""新北市"", ""query_year"": ""115"", ""raw_desc_html"": ""變異點編號：AF3011503029<br/>權責單位：新北市<br/>查證結果：非違規<br/>變異類型：其他""}",chg.png,648872c9396a0767b7f8e70faf5229a3d248a3fae2f6ff0e1b08fe62ef55ef6f
115,新北市,AF3011503037,新北市,非違規,其他,121.517763891897000,25.255568932154100,false,https://landchg.nlma.gov.tw/Module/RWD/Web/pub_exhibit.aspx,2026-05-12T08:46:53+08:00,"{""fields"": {""查證結果"": ""非違規"", ""權責單位"": ""新北市"", ""變異類型"": ""其他"", ""變異點編號"": ""AF3011503037""}, ""latitude"": ""25.255568932154100"", ""longitude"": ""121.517763891897000"", ""marker_icon"": ""chg.png"", ""query_city"": ""新北市"", ""query_year"": ""115"", ""raw_desc_html"": ""變異點編號：AF3011503037<br/>權責單位：新北市<br/>查證結果：非違規<br/>變異類型：其他""}",chg.png,9ca8f97659218f9b2ccec03682bc0ada4554b1fff15398f32d41c25e8b17e389
115,新北市,AF0711504083,新北市,非違規,一般農業使用(含農地水土保持、農業設施、民眾闢設道路等開發案件),121.517789452985000,24.956537155881000,false,https://landchg.nlma.gov.tw/Module/RWD/Web/pub_exhibit.aspx,2026-05-12T08:46:53+08:00,"{""fields"": {""查證結果"": ""非違規"", ""權責單位"": ""新北市"", ""變異類型"": ""一般農業使用(含農地水土保持、農業設施、民眾闢設道路等開發案件)"", ""變異點編號"": ""AF0711504083""}, ""latitude"": ""24.956537155881000"", ""longitude"": ""121.517789452985000"", ""marker_icon"": ""chg.png"", ""query_city"": ""新北市"", ""query_year"": ""115"", ""raw_desc_html"": ""變異點編號：AF0711504083<br/>權責單位：新北市<br/>查證結果：非違規<br/>變異類型：一般農業使用(含農地水土保持、農業設施、民眾闢設道路等開發案件)""}",chg.png,b538e9327c4ef3f26743492a41979030a36a131907117e74a11ad3fcef596c1d
115,新北市,AF3011503034,新北市,非違規,一般農業使用(含農地水土保持、農業設施、民眾闢設道路等開發案件),121.517832960790000,25.216730126343400,false,https://landchg.nlma.gov.tw/Module/RWD/Web/pub_exhibit.aspx,2026-05-12T08:46:53+08:00,"{""fields"": {""查證結果"": ""非違規"", ""權責單位"": ""新北市"", ""變異類型"": ""一般農業使用(含農地水土保持、農業設施、民眾闢設道路等開發案件)"", ""變異點編號"": ""AF3011503034""}, ""latitude"": ""25.216730126343400"", ""longitude"": ""121.517832960790000"", ""marker_icon"": ""chg.png"", ""query_city"": ""新北市"", ""query_year"": ""115"", ""raw_desc_html"": ""變異點編號：AF3011503034<br/>權責單位：新北市<br/>查證結果：非違規<br/>變異類型：一般農業使用(含農地水土保持、農業設施、民眾闢設道路等開發案件)""}",chg.png,3028f352cea51a1d6280f02cbc87d3a208848b36ae08d1db9d723d2afb5af546
115,新北市,AF3011503039,新北市,非違規,一般農業使用(含農地水土保持、農業設施、民眾闢設道路等開發案件),121.519319537321000,25.266642368494800,false,https://landchg.nlma.gov.tw/Module/RWD/Web/pub_exhibit.aspx,2026-05-12T08:46:53+08:00,"{""fields"": {""查證結果"": ""非違規"", ""權責單位"": ""新北市"", ""變異類型"": ""一般農業使用(含農地水土保持、農業設施、民眾闢設道路等開發案件)"", ""變異點編號"": ""AF3011503039""}, ""latitude"": ""25.266642368494800"", ""longitude"": ""121.519319537321000"", ""marker_icon"": ""chg.png"", ""query_city"": ""新北市"", ""query_year"": ""115"", ""raw_desc_html"": ""變異點編號：AF3011503039<br/>權責單位：新北市<br/>查證結果：非違規<br/>變異類型：一般農業使用(含農地水土保持、農業設施、民眾闢設道路等開發案件)""}",chg.png,6910872f61136b1ffaab8d8a3f42f3f1b6ee93bd0bce045f62102f7ca318c3cb
115,新北市,AF3111504053,新北市,非違規,一般農業使用(含農地水土保持、農業設施、民眾闢設道路等開發案件),121.519694475086000,25.276662220576300,false,https://landchg.nlma.gov.tw/Module/RWD/Web/pub_exhibit.aspx,2026-05-12T08:46:53+08:00,"{""fields"": {""查證結果"": ""非違規"", ""權責單位"": ""新北市"", ""變異類型"": ""一般農業使用(含農地水土保持、農業設施、民眾闢設道路等開發案件)"", ""變異點編號"": ""AF3111504053""}, ""latitude"": ""25.276662220576300"", ""longitude"": ""121.519694475086000"", ""marker_icon"": ""chg.png"", ""query_city"": ""新北市"", ""query_year"": ""115"", ""raw_desc_html"": ""變異點編號：AF3111504053<br/>權責單位：新北市<br/>查證結果：非違規<br/>變異類型：一般農業使用(含農地水土保持、農業設施、民眾闢設道路等開發案件)""}",chg.png,303e438761d544b5eb946f08a7f8203fcf154b4610ea85064b4149568b9c52e0
115,新北市,AF3111504052,新北市,非違規,一般農業使用(含農地水土保持、農業設施、民眾闢設道路等開發案件),121.521310922044000,25.275719336135500,false,https://landchg.nlma.gov.tw/Module/RWD/Web/pub_exhibit.aspx,2026-05-12T08:46:53+08:00,"{""fields"": {""查證結果"": ""非違規"", ""權責單位"": ""新北市"", ""變異類型"": ""一般農業使用(含農地水土保持、農業設施、民眾闢設道路等開發案件)"", ""變異點編號"": ""AF3111504052""}, ""latitude"": ""25.275719336135500"", ""longitude"": ""121.521310922044000"", ""marker_icon"": ""chg.png"", ""query_city"": ""新北市"", ""query_year"": ""115"", ""raw_desc_html"": ""變異點編號：AF3111504052<br/>權責單位：新北市<br/>查證結果：非違規<br/>變異類型：一般農業使用(含農地水土保持、農業設施、民眾闢設道路等開發案件)""}",chg.png,01b096d4f0610a6359c2f4c03daf2a897f7aab786a658e0ea94a7bf71396c324
115,新北市,AF3011503038,新北市,非違規,一般農業使用(含農地水土保持、農業設施、民眾闢設道路等開發案件),121.521821249906000,25.256633956701800,false,https://landchg.nlma.gov.tw/Module/RWD/Web/pub_exhibit.aspx,2026-05-12T08:46:53+08:00,"{""fields"": {""查證結果"": ""非違規"", ""權責單位"": ""新北市"", ""變異類型"": ""一般農業使用(含農地水土保持、農業設施、民眾闢設道路等開發案件)"", ""變異點編號"": ""AF3011503038""}, ""latitude"": ""25.256633956701800"", ""longitude"": ""121.521821249906000"", ""marker_icon"": ""chg.png"", ""query_city"": ""新北市"", ""query_year"": ""115"", ""raw_desc_html"": ""變異點編號：AF3011503038<br/>權責單位：新北市<br/>查證結果：非違規<br/>變異類型：一般農業使用(含農地水土保持、農業設施、民眾闢設道路等開發案件)""}",chg.png,63a126c11f12a2c7fdc73a09bafb53b5d630691fc1cd468613df551121096948
115,新北市,AF3011503028,新北市,非違規,一般農業使用(含農地水土保持、農業設施、民眾闢設道路等開發案件),121.522898825621000,25.224097142145100,false,https://landchg.nlma.gov.tw/Module/RWD/Web/pub_exhibit.aspx,2026-05-12T08:46:53+08:00,"{""fields"": {""查證結果"": ""非違規"", ""權責單位"": ""新北市"", ""變異類型"": ""一般農業使用(含農地水土保持、農業設施、民眾闢設道路等開發案件)"", ""變異點編號"": ""AF3011503028""}, ""latitude"": ""25.224097142145100"", ""longitude"": ""121.522898825621000"", ""marker_icon"": ""chg.png"", ""query_city"": ""新北市"", ""query_year"": ""115"", ""raw_desc_html"": ""變異點編號：AF3011503028<br/>權責單位：新北市<br/>查證結果：非違規<br/>變異類型：一般農業使用(含農地水土保持、農業設施、民眾闢設道路等開發案件)""}",chg.png,a96582b7bf21929c5d49d187fa6f5af2470f8fe67e23ba3d09731572bc5e5d9d
115,新北市,10111503004,陽明山,非違規,整地,121.523177229697000,25.202379478392100,false,https://landchg.nlma.gov.tw/Module/RWD/Web/pub_exhibit.aspx,2026-05-12T08:46:53+08:00,"{""fields"": {""查證結果"": ""非違規"", ""權責單位"": ""陽明山"", ""變異類型"": ""整地"", ""變異點編號"": ""10111503004""}, ""latitude"": ""25.202379478392100"", ""longitude"": ""121.523177229697000"", ""marker_icon"": ""chg.png"", ""query_city"": ""新北市"", ""query_year"": ""115"", ""raw_desc_html"": ""變異點編號：10111503004<br/>權責單位：陽明山<br/>查證結果：非違規<br/>變異類型：整地""}",chg.png,a0805bf9ffc624c3e4de2df1836be070178d44516d4ced51787f5c1fef752dae
115,新北市,AF3011503036,新北市,非違規,一般農業使用(含農地水土保持、農業設施、民眾闢設道路等開發案件),121.523177229697000,25.202379478392100,false,https://landchg.nlma.gov.tw/Module/RWD/Web/pub_exhibit.aspx,2026-05-12T08:46:53+08:00,"{""fields"": {""查證結果"": ""非違規"", ""權責單位"": ""新北市"", ""變異類型"": ""一般農業使用(含農地水土保持、農業設施、民眾闢設道路等開發案件)"", ""變異點編號"": ""AF3011503036""}, ""latitude"": ""25.202379478392100"", ""longitude"": ""121.523177229697000"", ""marker_icon"": ""chg.png"", ""query_city"": ""新北市"", ""query_year"": ""115"", ""raw_desc_html"": ""變異點編號：AF3011503036<br/>權責單位：新北市<br/>查證結果：非違規<br/>變異類型：一般農業使用(含農地水土保持、農業設施、民眾闢設道路等開發案件)""}",chg.png,79fc26efdc0bcbacdec47b7dc7ba1a7db787bb3d5152e4fa26272d0149969965
115,新北市,21111503005,臺北水源特定區管理分署,非違規,其他,121.524709163257000,24.835707166706900,false,https://landchg.nlma.gov.tw/Module/RWD/Web/pub_exhibit.aspx,2026-05-12T08:46:53+08:00,"{""fields"": {""查證結果"": ""非違規"", ""權責單位"": ""臺北水源特定區管理分署"", ""變異類型"": ""其他"", ""變異點編號"": ""21111503005""}, ""latitude"": ""24.835707166706900"", ""longitude"": ""121.524709163257000"", ""marker_icon"": ""chg.png"", ""query_city"": ""新北市"", ""query_year"": ""115"", ""raw_desc_html"": ""變異點編號：21111503005<br/>權責單位：臺北水源特定區管理分署<br/>查證結果：非違規<br/>變異類型：其他""}",chg.png,c686ed9c291f5a5cf5d654cded244e129f25752ce736e7129003cfab4a2cbdd6
115,新北市,AF3011503033,新北市,非違規,治山防災工程,121.525472725083000,25.217618835552500,false,https://landchg.nlma.gov.tw/Module/RWD/Web/pub_exhibit.aspx,2026-05-12T08:46:53+08:00,"{""fields"": {""查證結果"": ""非違規"", ""權責單位"": ""新北市"", ""變異類型"": ""治山防災工程"", ""變異點編號"": ""AF3011503033""}, ""latitude"": ""25.217618835552500"", ""longitude"": ""121.525472725083000"", ""marker_icon"": ""chg.png"", ""query_city"": ""新北市"", ""query_year"": ""115"", ""raw_desc_html"": ""變異點編號：AF3011503033<br/>權責單位：新北市<br/>查證結果：非違規<br/>變異類型：治山防災工程""}",chg.png,49ba293cf7fd523c358faa954c2b527e2578c0ff907b52539f23c6884a33193a
115,新北市,21011503005,第十河川分署,已知工程,工程施作,121.530595833025000,24.993142002061200,false,https://landchg.nlma.gov.tw/Module/RWD/Web/pub_exhibit.aspx,2026-05-12T08:46:53+08:00,"{""fields"": {""查證結果"": ""已知工程"", ""權責單位"": ""第十河川分署"", ""變異類型"": ""工程施作"", ""變異點編號"": ""21011503005""}, ""latitude"": ""24.993142002061200"", ""longitude"": ""121.530595833025000"", ""marker_icon"": ""chg.png"", ""query_city"": ""新北市"", ""query_year"": ""115"", ""raw_desc_html"": ""變異點編號：21011503005<br/>權責單位：第十河川分署<br/>查證結果：已知工程<br/>變異類型：工程施作""}",chg.png,9c0804b5afc996462a38c3c329e69b55cf250a7a5d4df3670d8ea43152fe3b0e
115,新北市,AF3011501002,新北市,違規,違規農業使用,121.530958868011000,25.236536935547600,true,https://landchg.nlma.gov.tw/Module/RWD/Web/pub_exhibit.aspx,2026-05-12T08:46:53+08:00,"{""fields"": {""查證結果"": ""違規"", ""權責單位"": ""新北市"", ""變異類型"": ""違規農業使用"", ""變異點編號"": ""AF3011501002""}, ""latitude"": ""25.236536935547600"", ""longitude"": ""121.530958868011000"", ""marker_icon"": ""chg_red.png"", ""query_city"": ""新北市"", ""query_year"": ""115"", ""raw_desc_html"": ""變異點編號：AF3011501002<br/>權責單位：新北市<br/>查證結果：違規<br/>變異類型：違規農業使用""}",chg_red.png,cb575749892158fa12e914291edbdf01d544ebe8e3c9ed54a11929c0f1ff30da
115,新北市,AF3011505004,新北市,非違規,一般農業使用(含農地水土保持、農業設施、民眾闢設道路等開發案件),121.531170948900000,25.219867774965000,false,https://landchg.nlma.gov.tw/Module/RWD/Web/pub_exhibit.aspx,2026-05-12T08:46:53+08:00,"{""fields"": {""查證結果"": ""非違規"", ""權責單位"": ""新北市"", ""變異類型"": ""一般農業使用(含農地水土保持、農業設施、民眾闢設道路等開發案件)"", ""變異點編號"": ""AF3011505004""}, ""latitude"": ""25.219867774965000"", ""longitude"": ""121.531170948900000"", ""marker_icon"": ""chg.png"", ""query_city"": ""新北市"", ""query_year"": ""115"", ""raw_desc_html"": ""變異點編號：AF3011505004<br/>權責單位：新北市<br/>查證結果：非違規<br/>變異類型：一般農業使用(含農地水土保持、農業設施、民眾闢設道路等開發案件)""}",chg.png,99944e7ac60c280f5cdf0a71f2fa4ed33b5a8acc015eaa73f9fba1727eb00ec3
115,新北市,21511502056,新北市,非違規,已取得出流管制計畫書核定函,121.532305311542000,24.984629862701700,false,https://landchg.nlma.gov.tw/Module/RWD/Web/pub_exhibit.aspx,2026-05-12T08:46:53+08:00,"{""fields"": {""查證結果"": ""非違規"", ""權責單位"": ""新北市"", ""變異類型"": ""已取得出流管制計畫書核定函"", ""變異點編號"": ""21511502056""}, ""latitude"": ""24.984629862701700"", ""longitude"": ""121.532305311542000"", ""marker_icon"": ""chg.png"", ""query_city"": ""新北市"", ""query_year"": ""115"", ""raw_desc_html"": ""變異點編號：21511502056<br/>權責單位：新北市<br/>查證結果：非違規<br/>變異類型：已取得出流管制計畫書核定函""}",chg.png,c6abb12868ae6858026abe609943800986e62742e1099f7f9766ecef21b6cd6d
115,新北市,F0711502018,新北市,非違規,移除建物,121.532305311542000,24.984629862701700,false,https://landchg.nlma.gov.tw/Module/RWD/Web/pub_exhibit.aspx,2026-05-12T08:46:53+08:00,"{""fields"": {""查證結果"": ""非違規"", ""權責單位"": ""新北市"", ""變異類型"": ""移除建物"", ""變異點編號"": ""F0711502018""}, ""latitude"": ""24.984629862701700"", ""longitude"": ""121.532305311542000"", ""marker_icon"": ""chg.png"", ""query_city"": ""新北市"", ""query_year"": ""115"", ""raw_desc_html"": ""變異點編號：F0711502018<br/>權責單位：新北市<br/>查證結果：非違規<br/>變異類型：移除建物""}",chg.png,9a2520648f496aaee617934c954824faf088331014ae3d486d70f7c946e068d0
115,新北市,21111503006,臺北水源特定區管理分署,違規,其他,121.534198837470000,24.769948453558500,true,https://landchg.nlma.gov.tw/Module/RWD/Web/pub_exhibit.aspx,2026-05-12T08:46:53+08:00,"{""fields"": {""查證結果"": ""違規"", ""權責單位"": ""臺北水源特定區管理分署"", ""變異類型"": ""其他"", ""變異點編號"": ""21111503006""}, ""latitude"": ""24.769948453558500"", ""longitude"": ""121.534198837470000"", ""marker_icon"": ""chg_red.png"", ""query_city"": ""新北市"", ""query_year"": ""115"", ""raw_desc_html"": ""變異點編號：21111503006<br/>權責單位：臺北水源特定區管理分署<br/>查證結果：違規<br/>變異類型：其他""}",chg_red.png,776b5d28aba81c11e71d12f67534009b9e94dc826a96f16e0f929c1eee300428
115,新北市,AF3011502030,新北市,非違規,其他,121.534535351596000,25.252457312047700,false,https://landchg.nlma.gov.tw/Module/RWD/Web/pub_exhibit.aspx,2026-05-12T08:46:53+08:00,"{""fields"": {""查證結果"": ""非違規"", ""權責單位"": ""新北市"", ""變異類型"": ""其他"", ""變異點編號"": ""AF3011502030""}, ""latitude"": ""25.252457312047700"", ""longitude"": ""121.534535351596000"", ""marker_icon"": ""chg.png"", ""query_city"": ""新北市"", ""query_year"": ""115"", ""raw_desc_html"": ""變異點編號：AF3011502030<br/>權責單位：新北市<br/>查證結果：非違規<br/>變異類型：其他""}",chg.png,a25fb2f16c748c7cbaed6765d7a9222d62dfb90e94182a4ded174baeebf12d94
115,新北市,21011502009,第十河川分署,已知工程,工程施作,121.534798897159000,24.937555946167600,false,https://landchg.nlma.gov.tw/Module/RWD/Web/pub_exhibit.aspx,2026-05-12T08:46:53+08:00,"{""fields"": {""查證結果"": ""已知工程"", ""權責單位"": ""第十河川分署"", ""變異類型"": ""工程施作"", ""變異點編號"": ""21011502009""}, ""latitude"": ""24.937555946167600"", ""longitude"": ""121.534798897159000"", ""marker_icon"": ""chg.png"", ""query_city"": ""新北市"", ""query_year"": ""115"", ""raw_desc_html"": ""變異點編號：21011502009<br/>權責單位：第十河川分署<br/>查證結果：已知工程<br/>變異類型：工程施作""}",chg.png,38670480ab60253840cb50bacb89a58f73217d051f74518800e1c16b8933b450
115,新北市,21111502004,臺北水源特定區管理分署,已知工程,工程施作,121.534798897159000,24.937555946167600,false,https://landchg.nlma.gov.tw/Module/RWD/Web/pub_exhibit.aspx,2026-05-12T08:46:53+08:00,"{""fields"": {""查證結果"": ""已知工程"", ""權責單位"": ""臺北水源特定區管理分署"", ""變異類型"": ""工程施作"", ""變異點編號"": ""21111502004""}, ""latitude"": ""24.937555946167600"", ""longitude"": ""121.534798897159000"", ""marker_icon"": ""chg.png"", ""query_city"": ""新北市"", ""query_year"": ""115"", ""raw_desc_html"": ""變異點編號：21111502004<br/>權責單位：臺北水源特定區管理分署<br/>查證結果：已知工程<br/>變異類型：工程施作""}",chg.png,dd1a8a3ea11a7cbc3c09b48ce14813ace6dd9b1185bba57aa25a88eb6cb9fa2e
115,新北市,AF3111503096,新北市,違規,違規農業使用,121.535072154833000,25.269831509994300,true,https://landchg.nlma.gov.tw/Module/RWD/Web/pub_exhibit.aspx,2026-05-12T08:46:53+08:00,"{""fields"": {""查證結果"": ""違規"", ""權責單位"": ""新北市"", ""變異類型"": ""違規農業使用"", ""變異點編號"": ""AF3111503096""}, ""latitude"": ""25.269831509994300"", ""longitude"": ""121.535072154833000"", ""marker_icon"": ""chg_red.png"", ""query_city"": ""新北市"", ""query_year"": ""115"", ""raw_desc_html"": ""變異點編號：AF3111503096<br/>權責單位：新北市<br/>查證結果：違規<br/>變異類型：違規農業使用""}",chg_red.png,ec29b13f72c55341f74df797756c01710581518b301ff7e3dc4c093959388b54
115,新北市,AF3011503040,新北市,非違規,其他,121.535262713797000,25.253064463685100,false,https://landchg.nlma.gov.tw/Module/RWD/Web/pub_exhibit.aspx,2026-05-12T08:46:53+08:00,"{""fields"": {""查證結果"": ""非違規"", ""權責單位"": ""新北市"", ""變異類型"": ""其他"", ""變異點編號"": ""AF3011503040""}, ""latitude"": ""25.253064463685100"", ""longitude"": ""121.535262713797000"", ""marker_icon"": ""chg.png"", ""query_city"": ""新北市"", ""query_year"": ""115"", ""raw_desc_html"": ""變異點編號：AF3011503040<br/>權責單位：新北市<br/>查證結果：非違規<br/>變異類型：其他""}",chg.png,22ee8e3556193ca521a7238ce651f56bd09827785ea2013fc662ef197a532a23
115,新北市,AF3111501012,新北市,違規,違規農業使用,121.535275940229000,25.270318604317300,true,https://landchg.nlma.gov.tw/Module/RWD/Web/pub_exhibit.aspx,2026-05-12T08:46:53+08:00,"{""fields"": {""查證結果"": ""違規"", ""權責單位"": ""新北市"", ""變異類型"": ""違規農業使用"", ""變異點編號"": ""AF3111501012""}, ""latitude"": ""25.270318604317300"", ""longitude"": ""121.535275940229000"", ""marker_icon"": ""chg_red.png"", ""query_city"": ""新北市"", ""query_year"": ""115"", ""raw_desc_html"": ""變異點編號：AF3111501012<br/>權責單位：新北市<br/>查證結果：違規<br/>變異類型：違規農業使用""}",chg_red.png,3393680b8943ff32326e5fe705fff17b49c33fee1b2e4463499bc4b8c100bb25
115,新北市,AF3011502029,新北市,非違規,其他,121.535318076055000,25.251919817350400,false,https://landchg.nlma.gov.tw/Module/RWD/Web/pub_exhibit.aspx,2026-05-12T08:46:53+08:00,"{""fields"": {""查證結果"": ""非違規"", ""權責單位"": ""新北市"", ""變異類型"": ""其他"", ""變異點編號"": ""AF3011502029""}, ""latitude"": ""25.251919817350400"", ""longitude"": ""121.535318076055000"", ""marker_icon"": ""chg.png"", ""query_city"": ""新北市"", ""query_year"": ""115"", ""raw_desc_html"": ""變異點編號：AF3011502029<br/>權責單位：新北市<br/>查證結果：非違規<br/>變異類型：其他""}",chg.png,f74073bca563c7ac712dca79b546a28627a22abecd890baa38c5829dbe992446
115,新北市,21111502007,臺北水源特定區管理分署,非違規,整地,121.535361310020000,24.911295873877800,false,https://landchg.nlma.gov.tw/Module/RWD/Web/pub_exhibit.aspx,2026-05-12T08:46:53+08:00,"{""fields"": {""查證結果"": ""非違規"", ""權責單位"": ""臺北水源特定區管理分署"", ""變異類型"": ""整地"", ""變異點編號"": ""21111502007""}, ""latitude"": ""24.911295873877800"", ""longitude"": ""121.535361310020000"", ""marker_icon"": ""chg.png"", ""query_city"": ""新北市"", ""query_year"": ""115"", ""raw_desc_html"": ""變異點編號：21111502007<br/>權責單位：臺北水源特定區管理分署<br/>查證結果：非違規<br/>變異類型：整地""}",chg.png,b6491a813cc9d83499d423366de6a30cf155d55949008e4449de547cb0bdba96
115,新北市,F0711501008,新北市,非違規,移除建物,121.535911014856000,24.979684950819600,false,https://landchg.nlma.gov.tw/Module/RWD/Web/pub_exhibit.aspx,2026-05-12T08:46:53+08:00,"{""fields"": {""查證結果"": ""非違規"", ""權責單位"": ""新北市"", ""變異類型"": ""移除建物"", ""變異點編號"": ""F0711501008""}, ""latitude"": ""24.979684950819600"", ""longitude"": ""121.535911014856000"", ""marker_icon"": ""chg.png"", ""query_city"": ""新北市"", ""query_year"": ""115"", ""raw_desc_html"": ""變異點編號：F0711501008<br/>權責單位：新北市<br/>查證結果：非違規<br/>變異類型：移除建物""}",chg.png,c8db33233ac01b69cb5d5c32f41ec2c3cebccc2db4eaa48ff8909448c7f71d6d
115,新北市,AF3011502028,新北市,違規,其他開挖整地,121.537857005068000,25.231768745136400,true,https://landchg.nlma.gov.tw/Module/RWD/Web/pub_exhibit.aspx,2026-05-12T08:46:53+08:00,"{""fields"": {""查證結果"": ""違規"", ""權責單位"": ""新北市"", ""變異類型"": ""其他開挖整地"", ""變異點編號"": ""AF3011502028""}, ""latitude"": ""25.231768745136400"", ""longitude"": ""121.537857005068000"", ""marker_icon"": ""chg_red.png"", ""query_city"": ""新北市"", ""query_year"": ""115"", ""raw_desc_html"": ""變異點編號：AF3011502028<br/>權責單位：新北市<br/>查證結果：違規<br/>變異類型：其他開挖整地""}",chg_red.png,f7993fc847fe303c324cf25ab6af0590a4b41efe2acfa29208c5981aa2c50404
115,新北市,AF3011502025,新北市,違規,其他開挖整地,121.538417187824000,25.232063022278900,true,https://landchg.nlma.gov.tw/Module/RWD/Web/pub_exhibit.aspx,2026-05-12T08:46:53+08:00,"{""fields"": {""查證結果"": ""違規"", ""權責單位"": ""新北市"", ""變異類型"": ""其他開挖整地"", ""變異點編號"": ""AF3011502025""}, ""latitude"": ""25.232063022278900"", ""longitude"": ""121.538417187824000"", ""marker_icon"": ""chg_red.png"", ""query_city"": ""新北市"", ""query_year"": ""115"", ""raw_desc_html"": ""變異點編號：AF3011502025<br/>權責單位：新北市<br/>查證結果：違規<br/>變異類型：其他開挖整地""}",chg_red.png,5f10aea0a510de1a295fadb8451e044fdb1a528807665e9ad606935858216714
115,新北市,AF3011502026,新北市,違規,其他開挖整地,121.538569966414000,25.231410085255500,true,https://landchg.nlma.gov.tw/Module/RWD/Web/pub_exhibit.aspx,2026-05-12T08:46:53+08:00,"{""fields"": {""查證結果"": ""違規"", ""權責單位"": ""新北市"", ""變異類型"": ""其他開挖整地"", ""變異點編號"": ""AF3011502026""}, ""latitude"": ""25.231410085255500"", ""longitude"": ""121.538569966414000"", ""marker_icon"": ""chg_red.png"", ""query_city"": ""新北市"", ""query_year"": ""115"", ""raw_desc_html"": ""變異點編號：AF3011502026<br/>權責單位：新北市<br/>查證結果：違規<br/>變異類型：其他開挖整地""}",chg_red.png,0c1c2926df33e9bc6757acda962e4922b775c88e4e5cdd198c588d2c45bdaa48
115,新北市,AF3011502024,新北市,違規,其他開挖整地,121.539237371885000,25.244567439691000,true,https://landchg.nlma.gov.tw/Module/RWD/Web/pub_exhibit.aspx,2026-05-12T08:46:53+08:00,"{""fields"": {""查證結果"": ""違規"", ""權責單位"": ""新北市"", ""變異類型"": ""其他開挖整地"", ""變異點編號"": ""AF3011502024""}, ""latitude"": ""25.244567439691000"", ""longitude"": ""121.539237371885000"", ""marker_icon"": ""chg_red.png"", ""query_city"": ""新北市"", ""query_year"": ""115"", ""raw_desc_html"": ""變異點編號：AF3011502024<br/>權責單位：新北市<br/>查證結果：違規<br/>變異類型：其他開挖整地""}",chg_red.png,568be4a9b7e8f4fd31783cd9cf01653546cef6e4c63a1a396d8ec9a04fc19325
115,新北市,AF3011502027,新北市,違規,其他開挖整地,121.539529588954000,25.229096580331400,true,https://landchg.nlma.gov.tw/Module/RWD/Web/pub_exhibit.aspx,2026-05-12T08:46:53+08:00,"{""fields"": {""查證結果"": ""違規"", ""權責單位"": ""新北市"", ""變異類型"": ""其他開挖整地"", ""變異點編號"": ""AF3011502027""}, ""latitude"": ""25.229096580331400"", ""longitude"": ""121.539529588954000"", ""marker_icon"": ""chg_red.png"", ""query_city"": ""新北市"", ""query_year"": ""115"", ""raw_desc_html"": ""變異點編號：AF3011502027<br/>權責單位：新北市<br/>查證結果：違規<br/>變異類型：其他開挖整地""}",chg_red.png,d534aae4640f0d13461ecdc6faa1e22752fbb0d59d18a4c1e28fcb96f3f52e24
115,新北市,AF3011503031,新北市,非違規,一般農業使用(含農地水土保持、農業設施、民眾闢設道路等開發案件),121.539561430571000,25.245417545870300,false,https://landchg.nlma.gov.tw/Module/RWD/Web/pub_exhibit.aspx,2026-05-12T08:46:53+08:00,"{""fields"": {""查證結果"": ""非違規"", ""權責單位"": ""新北市"", ""變異類型"": ""一般農業使用(含農地水土保持、農業設施、民眾闢設道路等開發案件)"", ""變異點編號"": ""AF3011503031""}, ""latitude"": ""25.245417545870300"", ""longitude"": ""121.539561430571000"", ""marker_icon"": ""chg.png"", ""query_city"": ""新北市"", ""query_year"": ""115"", ""raw_desc_html"": ""變異點編號：AF3011503031<br/>權責單位：新北市<br/>查證結果：非違規<br/>變異類型：一般農業使用(含農地水土保持、農業設施、民眾闢設道路等開發案件)""}",chg.png,5bd8410f24148e34c822e39cb15b116fcabfcf2eaac8a9c4cc5f978036815967
115,新北市,AF3011503032,新北市,非違規,一般農業使用(含農地水土保持、農業設施、民眾闢設道路等開發案件),121.539718165642000,25.243916820475500,false,https://landchg.nlma.gov.tw/Module/RWD/Web/pub_exhibit.aspx,2026-05-12T08:46:53+08:00,"{""fields"": {""查證結果"": ""非違規"", ""權責單位"": ""新北市"", ""變異類型"": ""一般農業使用(含農地水土保持、農業設施、民眾闢設道路等開發案件)"", ""變異點編號"": ""AF3011503032""}, ""latitude"": ""25.243916820475500"", ""longitude"": ""121.539718165642000"", ""marker_icon"": ""chg.png"", ""query_city"": ""新北市"", ""query_year"": ""115"", ""raw_desc_html"": ""變異點編號：AF3011503032<br/>權責單位：新北市<br/>查證結果：非違規<br/>變異類型：一般農業使用(含農地水土保持、農業設施、民眾闢設道路等開發案件)""}",chg.png,11b886ff9e9b1ae9e2e604e092793c328f296c872ef6aff90fd1ee973dda4b7a
115,新北市,AF3111503097,新北市,非違規,一般農業使用(含農地水土保持、農業設施、民眾闢設道路等開發案件),121.542830061228000,25.272257340082400,false,https://landchg.nlma.gov.tw/Module/RWD/Web/pub_exhibit.aspx,2026-05-12T08:46:53+08:00,"{""fields"": {""查證結果"": ""非違規"", ""權責單位"": ""新北市"", ""變異類型"": ""一般農業使用(含農地水土保持、農業設施、民眾闢設道路等開發案件)"", ""變異點編號"": ""AF3111503097""}, ""latitude"": ""25.272257340082400"", ""longitude"": ""121.542830061228000"", ""marker_icon"": ""chg.png"", ""query_city"": ""新北市"", ""query_year"": ""115"", ""raw_desc_html"": ""變異點編號：AF3111503097<br/>權責單位：新北市<br/>查證結果：非違規<br/>變異類型：一般農業使用(含農地水土保持、農業設施、民眾闢設道路等開發案件)""}",chg.png,cd659d1d2da0216fd9c724d867440eed3d38d3847647346c85bfac4da3761c8e
115,新北市,AF3111503092,新北市,非違規,一般農業使用(含農地水土保持、農業設施、民眾闢設道路等開發案件),121.543143319791000,25.283389752813000,false,https://landchg.nlma.gov.tw/Module/RWD/Web/pub_exhibit.aspx,2026-05-12T08:46:53+08:00,"{""fields"": {""查證結果"": ""非違規"", ""權責單位"": ""新北市"", ""變異類型"": ""一般農業使用(含農地水土保持、農業設施、民眾闢設道路等開發案件)"", ""變異點編號"": ""AF3111503092""}, ""latitude"": ""25.283389752813000"", ""longitude"": ""121.543143319791000"", ""marker_icon"": ""chg.png"", ""query_city"": ""新北市"", ""query_year"": ""115"", ""raw_desc_html"": ""變異點編號：AF3111503092<br/>權責單位：新北市<br/>查證結果：非違規<br/>變異類型：一般農業使用(含農地水土保持、農業設施、民眾闢設道路等開發案件)""}",chg.png,94653e79f483ff3e6361e2b3087ed2ccf13e9ca7f6ec8cc43e2a91201dc3ea96
115,新北市,21111503007,臺北水源特定區管理分署,違規,其他,121.543820426822000,24.773043019060300,true,https://landchg.nlma.gov.tw/Module/RWD/Web/pub_exhibit.aspx,2026-05-12T08:46:53+08:00,"{""fields"": {""查證結果"": ""違規"", ""權責單位"": ""臺北水源特定區管理分署"", ""變異類型"": ""其他"", ""變異點編號"": ""21111503007""}, ""latitude"": ""24.773043019060300"", ""longitude"": ""121.543820426822000"", ""marker_icon"": ""chg_red.png"", ""query_city"": ""新北市"", ""query_year"": ""115"", ""raw_desc_html"": ""變異點編號：21111503007<br/>權責單位：臺北水源特定區管理分署<br/>查證結果：違規<br/>變異類型：其他""}",chg_red.png,6db43e53ab2ae2fed979395220f11274f0fbdfbfa65f22faca9b580707ca1c79
115,新北市,210115013010,第十河川分署,已知工程,工程施作,121.546112916214000,24.920010864666100,false,https://landchg.nlma.gov.tw/Module/RWD/Web/pub_exhibit.aspx,2026-05-12T08:46:53+08:00,"{""fields"": {""查證結果"": ""已知工程"", ""權責單位"": ""第十河川分署"", ""變異類型"": ""工程施作"", ""變異點編號"": ""210115013010""}, ""latitude"": ""24.920010864666100"", ""longitude"": ""121.546112916214000"", ""marker_icon"": ""chg.png"", ""query_city"": ""新北市"", ""query_year"": ""115"", ""raw_desc_html"": ""變異點編號：210115013010<br/>權責單位：第十河川分署<br/>查證結果：已知工程<br/>變異類型：工程施作""}",chg.png,0b94bf7419b541fda28fa7b569c0a05b33e73b21633efea7784b75e8c3a55874
115,新北市,211115013002,臺北水源特定區管理分署,已知工程,工程施作,121.546112916214000,24.920010864666100,false,https://landchg.nlma.gov.tw/Module/RWD/Web/pub_exhibit.aspx,2026-05-12T08:46:53+08:00,"{""fields"": {""查證結果"": ""已知工程"", ""權責單位"": ""臺北水源特定區管理分署"", ""變異類型"": ""工程施作"", ""變異點編號"": ""211115013002""}, ""latitude"": ""24.920010864666100"", ""longitude"": ""121.546112916214000"", ""marker_icon"": ""chg.png"", ""query_city"": ""新北市"", ""query_year"": ""115"", ""raw_desc_html"": ""變異點編號：211115013002<br/>權責單位：臺北水源特定區管理分署<br/>查證結果：已知工程<br/>變異類型：工程施作""}",chg.png,c9c5dd268b23da82d093015bf4164376b52b1d9313880aa915b4abb0284ec2ec
115,新北市,10111501001,陽明山,違規,整地,121.546217789251000,25.230721039516700,true,https://landchg.nlma.gov.tw/Module/RWD/Web/pub_exhibit.aspx,2026-05-12T08:46:53+08:00,"{""fields"": {""查證結果"": ""違規"", ""權責單位"": ""陽明山"", ""變異類型"": ""整地"", ""變異點編號"": ""10111501001""}, ""latitude"": ""25.230721039516700"", ""longitude"": ""121.546217789251000"", ""marker_icon"": ""chg_red.png"", ""query_city"": ""新北市"", ""query_year"": ""115"", ""raw_desc_html"": ""變異點編號：10111501001<br/>權責單位：陽明山<br/>查證結果：違規<br/>變異類型：整地""}",chg_red.png,43986652f8e4728f537b57d1b21abeb0908c7304e64465a3e8cb5633f10f3840
115,新北市,AF3011501003,新北市,違規,其他開挖整地,121.546217789251000,25.230721039516700,true,https://landchg.nlma.gov.tw/Module/RWD/Web/pub_exhibit.aspx,2026-05-12T08:46:53+08:00,"{""fields"": {""查證結果"": ""違規"", ""權責單位"": ""新北市"", ""變異類型"": ""其他開挖整地"", ""變異點編號"": ""AF3011501003""}, ""latitude"": ""25.230721039516700"", ""longitude"": ""121.546217789251000"", ""marker_icon"": ""chg_red.png"", ""query_city"": ""新北市"", ""query_year"": ""115"", ""raw_desc_html"": ""變異點編號：AF3011501003<br/>權責單位：新北市<br/>查證結果：違規<br/>變異類型：其他開挖整地""}",chg_red.png,5cbed541b872f013df30a0e8666b489181a96fb0739515ddaba45993eae5f081
115,新北市,21111503004,臺北水源特定區管理分署,非違規,其他,121.546376954751000,24.865729167887800,false,https://landchg.nlma.gov.tw/Module/RWD/Web/pub_exhibit.aspx,2026-05-12T08:46:53+08:00,"{""fields"": {""查證結果"": ""非違規"", ""權責單位"": ""臺北水源特定區管理分署"", ""變異類型"": ""其他"", ""變異點編號"": ""21111503004""}, ""latitude"": ""24.865729167887800"", ""longitude"": ""121.546376954751000"", ""marker_icon"": ""chg.png"", ""query_city"": ""新北市"", ""query_year"": ""115"", ""raw_desc_html"": ""變異點編號：21111503004<br/>權責單位：臺北水源特定區管理分署<br/>查證結果：非違規<br/>變異類型：其他""}",chg.png,55ee7794818ed79a540639e9ec65334ac7dee569bbc31914f6e045a76d5d6733
115,新北市,AF3111503093,新北市,非違規,一般農業使用(含農地水土保持、農業設施、民眾闢設道路等開發案件),121.546717991680000,25.287094278777500,false,https://landchg.nlma.gov.tw/Module/RWD/Web/pub_exhibit.aspx,2026-05-12T08:46:53+08:00,"{""fields"": {""查證結果"": ""非違規"", ""權責單位"": ""新北市"", ""變異類型"": ""一般農業使用(含農地水土保持、農業設施、民眾闢設道路等開發案件)"", ""變異點編號"": ""AF3111503093""}, ""latitude"": ""25.287094278777500"", ""longitude"": ""121.546717991680000"", ""marker_icon"": ""chg.png"", ""query_city"": ""新北市"", ""query_year"": ""115"", ""raw_desc_html"": ""變異點編號：AF3111503093<br/>權責單位：新北市<br/>查證結果：非違規<br/>變異類型：一般農業使用(含農地水土保持、農業設施、民眾闢設道路等開發案件)""}",chg.png,253ef190a5671bfcdbb5c7c8ec5923189ef8b707b9e9a4c5b06382295fb4d2af
115,新北市,211115043001,臺北水源特定區管理分署,非違規,整地,121.546958047102000,24.861281319378400,false,https://landchg.nlma.gov.tw/Module/RWD/Web/pub_exhibit.aspx,2026-05-12T08:46:53+08:00,"{""fields"": {""查證結果"": ""非違規"", ""權責單位"": ""臺北水源特定區管理分署"", ""變異類型"": ""整地"", ""變異點編號"": ""211115043001""}, ""latitude"": ""24.861281319378400"", ""longitude"": ""121.546958047102000"", ""marker_icon"": ""chg.png"", ""query_city"": ""新北市"", ""query_year"": ""115"", ""raw_desc_html"": ""變異點編號：211115043001<br/>權責單位：臺北水源特定區管理分署<br/>查證結果：非違規<br/>變異類型：整地""}",chg.png,828a585e392e71d5e099fa99681ac750a86a0cbe4aab307ed769cd816d886aeb
115,新北市,AF3111504055,新北市,違規,違規農業使用,121.549109348576000,25.288733477964200,true,https://landchg.nlma.gov.tw/Module/RWD/Web/pub_exhibit.aspx,2026-05-12T08:46:53+08:00,"{""fields"": {""查證結果"": ""違規"", ""權責單位"": ""新北市"", ""變異類型"": ""違規農業使用"", ""變異點編號"": ""AF3111504055""}, ""latitude"": ""25.288733477964200"", ""longitude"": ""121.549109348576000"", ""marker_icon"": ""chg_red.png"", ""query_city"": ""新北市"", ""query_year"": ""115"", ""raw_desc_html"": ""變異點編號：AF3111504055<br/>權責單位：新北市<br/>查證結果：違規<br/>變異類型：違規農業使用""}",chg_red.png,0e74d022a33bc12b46cef7e963ab3fea0936d2a7bb6e1e4973cefa26bd0a5e83
115,新北市,F3111504003,新北市,非違規,整地,121.549849186661000,25.273683425700600,false,https://landchg.nlma.gov.tw/Module/RWD/Web/pub_exhibit.aspx,2026-05-12T08:46:53+08:00,"{""fields"": {""查證結果"": ""非違規"", ""權責單位"": ""新北市"", ""變異類型"": ""整地"", ""變異點編號"": ""F3111504003""}, ""latitude"": ""25.273683425700600"", ""longitude"": ""121.549849186661000"", ""marker_icon"": ""chg.png"", ""query_city"": ""新北市"", ""query_year"": ""115"", ""raw_desc_html"": ""變異點編號：F3111504003<br/>權責單位：新北市<br/>查證結果：非違規<br/>變異類型：整地""}",chg.png,e9534ca506059c32ec09d579c52e5eaa10a9d8978b2e9791bd4d715f1a5eba31
115,新北市,AF3111504054,新北市,違規,違規農業使用,121.550824674000000,25.277100744094900,true,https://landchg.nlma.gov.tw/Module/RWD/Web/pub_exhibit.aspx,2026-05-12T08:46:53+08:00,"{""fields"": {""查證結果"": ""違規"", ""權責單位"": ""新北市"", ""變異類型"": ""違規農業使用"", ""變異點編號"": ""AF3111504054""}, ""latitude"": ""25.277100744094900"", ""longitude"": ""121.550824674000000"", ""marker_icon"": ""chg_red.png"", ""query_city"": ""新北市"", ""query_year"": ""115"", ""raw_desc_html"": ""變異點編號：AF3111504054<br/>權責單位：新北市<br/>查證結果：違規<br/>變異類型：違規農業使用""}",chg_red.png,09de50f8944635133cd87268c10acdeb557f4e70a2d06c6865eca4c1b718533b
115,新北市,21111504001,臺北水源特定區管理分署,非違規,整地,121.553648428076000,24.881896443461600,false,https://landchg.nlma.gov.tw/Module/RWD/Web/pub_exhibit.aspx,2026-05-12T08:46:53+08:00,"{""fields"": {""查證結果"": ""非違規"", ""權責單位"": ""臺北水源特定區管理分署"", ""變異類型"": ""整地"", ""變異點編號"": ""21111504001""}, ""latitude"": ""24.881896443461600"", ""longitude"": ""121.553648428076000"", ""marker_icon"": ""chg.png"", ""query_city"": ""新北市"", ""query_year"": ""115"", ""raw_desc_html"": ""變異點編號：21111504001<br/>權責單位：臺北水源特定區管理分署<br/>查證結果：非違規<br/>變異類型：整地""}",chg.png,7ee364996d82a30965b96fc48aa9236d622f0b758bbae21f1eceb567094334ce
115,新北市,AF3111503098,新北市,非違規,一般農業使用(含農地水土保持、農業設施、民眾闢設道路等開發案件),121.556620643732000,25.268706745128900,false,https://landchg.nlma.gov.tw/Module/RWD/Web/pub_exhibit.aspx,2026-05-12T08:46:53+08:00,"{""fields"": {""查證結果"": ""非違規"", ""權責單位"": ""新北市"", ""變異類型"": ""一般農業使用(含農地水土保持、農業設施、民眾闢設道路等開發案件)"", ""變異點編號"": ""AF3111503098""}, ""latitude"": ""25.268706745128900"", ""longitude"": ""121.556620643732000"", ""marker_icon"": ""chg.png"", ""query_city"": ""新北市"", ""query_year"": ""115"", ""raw_desc_html"": ""變異點編號：AF3111503098<br/>權責單位：新北市<br/>查證結果：非違規<br/>變異類型：一般農業使用(含農地水土保持、農業設施、民眾闢設道路等開發案件)""}",chg.png,f3242290766b694f52e2cd534efdbfc073abee65dd16e3bda62a012684075864
115,新北市,AF3111504056,新北市,非違規,一般農業使用(含農地水土保持、農業設施、民眾闢設道路等開發案件),121.560044805109000,25.266910168207600,false,https://landchg.nlma.gov.tw/Module/RWD/Web/pub_exhibit.aspx,2026-05-12T08:46:53+08:00,"{""fields"": {""查證結果"": ""非違規"", ""權責單位"": ""新北市"", ""變異類型"": ""一般農業使用(含農地水土保持、農業設施、民眾闢設道路等開發案件)"", ""變異點編號"": ""AF3111504056""}, ""latitude"": ""25.266910168207600"", ""longitude"": ""121.560044805109000"", ""marker_icon"": ""chg.png"", ""query_city"": ""新北市"", ""query_year"": ""115"", ""raw_desc_html"": ""變異點編號：AF3111504056<br/>權責單位：新北市<br/>查證結果：非違規<br/>變異類型：一般農業使用(含農地水土保持、農業設施、民眾闢設道路等開發案件)""}",chg.png,6989b0eafd650647eb5550f9d1747f931b3cf4f4f8f3ae5a7b8b7b9d96d8477c
115,新北市,AF3111501011,新北市,非違規,一般農業使用(含農地水土保持、農業設施、民眾闢設道路等開發案件),121.564852740917000,25.279425306355700,false,https://landchg.nlma.gov.tw/Module/RWD/Web/pub_exhibit.aspx,2026-05-12T08:46:53+08:00,"{""fields"": {""查證結果"": ""非違規"", ""權責單位"": ""新北市"", ""變異類型"": ""一般農業使用(含農地水土保持、農業設施、民眾闢設道路等開發案件)"", ""變異點編號"": ""AF3111501011""}, ""latitude"": ""25.279425306355700"", ""longitude"": ""121.564852740917000"", ""marker_icon"": ""chg.png"", ""query_city"": ""新北市"", ""query_year"": ""115"", ""raw_desc_html"": ""變異點編號：AF3111501011<br/>權責單位：新北市<br/>查證結果：非違規<br/>變異類型：一般農業使用(含農地水土保持、農業設施、民眾闢設道路等開發案件)""}",chg.png,6ed8bcbbbf898e400dad5f3e45158918209e07c10d8627b167ac095a556160e2
115,新北市,AF3111503100,新北市,非違規,一般農業使用(含農地水土保持、農業設施、民眾闢設道路等開發案件),121.565816374802000,25.250637403258000,false,https://landchg.nlma.gov.tw/Module/RWD/Web/pub_exhibit.aspx,2026-05-12T08:46:53+08:00,"{""fields"": {""查證結果"": ""非違規"", ""權責單位"": ""新北市"", ""變異類型"": ""一般農業使用(含農地水土保持、農業設施、民眾闢設道路等開發案件)"", ""變異點編號"": ""AF3111503100""}, ""latitude"": ""25.250637403258000"", ""longitude"": ""121.565816374802000"", ""marker_icon"": ""chg.png"", ""query_city"": ""新北市"", ""query_year"": ""115"", ""raw_desc_html"": ""變異點編號：AF3111503100<br/>權責單位：新北市<br/>查證結果：非違規<br/>變異類型：一般農業使用(含農地水土保持、農業設施、民眾闢設道路等開發案件)""}",chg.png,cf98579e9d7c3b6d732f8d23ce84dc9c997ee43ffb5ede7a255b8fe699af1a09
115,新北市,AF3111503099,新北市,非違規,一般農業使用(含農地水土保持、農業設施、民眾闢設道路等開發案件),121.565825690757000,25.251321291037500,false,https://landchg.nlma.gov.tw/Module/RWD/Web/pub_exhibit.aspx,2026-05-12T08:46:53+08:00,"{""fields"": {""查證結果"": ""非違規"", ""權責單位"": ""新北市"", ""變異類型"": ""一般農業使用(含農地水土保持、農業設施、民眾闢設道路等開發案件)"", ""變異點編號"": ""AF3111503099""}, ""latitude"": ""25.251321291037500"", ""longitude"": ""121.565825690757000"", ""marker_icon"": ""chg.png"", ""query_city"": ""新北市"", ""query_year"": ""115"", ""raw_desc_html"": ""變異點編號：AF3111503099<br/>權責單位：新北市<br/>查證結果：非違規<br/>變異類型：一般農業使用(含農地水土保持、農業設施、民眾闢設道路等開發案件)""}",chg.png,2a19f51a8c4478c5acd57d7f652af9f9cb90ea065a941bcbc7701e5a43c87a6d
115,新北市,AF3111503095,新北市,非違規,一般農業使用(含農地水土保持、農業設施、民眾闢設道路等開發案件),121.570019811889000,25.296885868706400,false,https://landchg.nlma.gov.tw/Module/RWD/Web/pub_exhibit.aspx,2026-05-12T08:46:53+08:00,"{""fields"": {""查證結果"": ""非違規"", ""權責單位"": ""新北市"", ""變異類型"": ""一般農業使用(含農地水土保持、農業設施、民眾闢設道路等開發案件)"", ""變異點編號"": ""AF3111503095""}, ""latitude"": ""25.296885868706400"", ""longitude"": ""121.570019811889000"", ""marker_icon"": ""chg.png"", ""query_city"": ""新北市"", ""query_year"": ""115"", ""raw_desc_html"": ""變異點編號：AF3111503095<br/>權責單位：新北市<br/>查證結果：非違規<br/>變異類型：一般農業使用(含農地水土保持、農業設施、民眾闢設道路等開發案件)""}",chg.png,ed3eb24cf78b3bc7fac926927ae017a802dd63e855b63090ac42ac7e52d19b5c
115,新北市,21011501012,第十河川分署,已知工程,工程施作,121.570992734384000,24.907309922788000,false,https://landchg.nlma.gov.tw/Module/RWD/Web/pub_exhibit.aspx,2026-05-12T08:46:53+08:00,"{""fields"": {""查證結果"": ""已知工程"", ""權責單位"": ""第十河川分署"", ""變異類型"": ""工程施作"", ""變異點編號"": ""21011501012""}, ""latitude"": ""24.907309922788000"", ""longitude"": ""121.570992734384000"", ""marker_icon"": ""chg.png"", ""query_city"": ""新北市"", ""query_year"": ""115"", ""raw_desc_html"": ""變異點編號：21011501012<br/>權責單位：第十河川分署<br/>查證結果：已知工程<br/>變異類型：工程施作""}",chg.png,7e128d4053e8e2c3290719405a557a76da07d82e86a79a3c6b5f4bb029c42a83
115,新北市,21111501004,臺北水源特定區管理分署,非違規,整地,121.570992734384000,24.907309922788000,false,https://landchg.nlma.gov.tw/Module/RWD/Web/pub_exhibit.aspx,2026-05-12T08:46:53+08:00,"{""fields"": {""查證結果"": ""非違規"", ""權責單位"": ""臺北水源特定區管理分署"", ""變異類型"": ""整地"", ""變異點編號"": ""21111501004""}, ""latitude"": ""24.907309922788000"", ""longitude"": ""121.570992734384000"", ""marker_icon"": ""chg.png"", ""query_city"": ""新北市"", ""query_year"": ""115"", ""raw_desc_html"": ""變異點編號：21111501004<br/>權責單位：臺北水源特定區管理分署<br/>查證結果：非違規<br/>變異類型：整地""}",chg.png,9fdc694cf2b73fdc6ef26bac2134a7b7347e68a9353ea1f45210c7585c8b3a26
115,新北市,AF3111503094,新北市,非違規,一般農業使用(含農地水土保持、農業設施、民眾闢設道路等開發案件),121.573445290185000,25.275619423192900,false,https://landchg.nlma.gov.tw/Module/RWD/Web/pub_exhibit.aspx,2026-05-12T08:46:53+08:00,"{""fields"": {""查證結果"": ""非違規"", ""權責單位"": ""新北市"", ""變異類型"": ""一般農業使用(含農地水土保持、農業設施、民眾闢設道路等開發案件)"", ""變異點編號"": ""AF3111503094""}, ""latitude"": ""25.275619423192900"", ""longitude"": ""121.573445290185000"", ""marker_icon"": ""chg.png"", ""query_city"": ""新北市"", ""query_year"": ""115"", ""raw_desc_html"": ""變異點編號：AF3111503094<br/>權責單位：新北市<br/>查證結果：非違規<br/>變異類型：一般農業使用(含農地水土保持、農業設施、民眾闢設道路等開發案件)""}",chg.png,ef8495ca920a9de8863a7e72d1c5247951d54657c907275b8905f4463f05bcad
115,新北市,AF3111503091,新北市,非違規,一般農業使用(含農地水土保持、農業設施、民眾闢設道路等開發案件),121.581987555980000,25.239495176801200,false,https://landchg.nlma.gov.tw/Module/RWD/Web/pub_exhibit.aspx,2026-05-12T08:46:53+08:00,"{""fields"": {""查證結果"": ""非違規"", ""權責單位"": ""新北市"", ""變異類型"": ""一般農業使用(含農地水土保持、農業設施、民眾闢設道路等開發案件)"", ""變異點編號"": ""AF3111503091""}, ""latitude"": ""25.239495176801200"", ""longitude"": ""121.581987555980000"", ""marker_icon"": ""chg.png"", ""query_city"": ""新北市"", ""query_year"": ""115"", ""raw_desc_html"": ""變異點編號：AF3111503091<br/>權責單位：新北市<br/>查證結果：非違規<br/>變異類型：一般農業使用(含農地水土保持、農業設施、民眾闢設道路等開發案件)""}",chg.png,daaf8b0a44ad80b616e32131eb552a02042db0e808ea45c5792a786015708913
115,新北市,AF3111504057,新北市,非違規,一般農業使用(含農地水土保持、農業設施、民眾闢設道路等開發案件),121.594870206737000,25.262368185832000,false,https://landchg.nlma.gov.tw/Module/RWD/Web/pub_exhibit.aspx,2026-05-12T08:46:53+08:00,"{""fields"": {""查證結果"": ""非違規"", ""權責單位"": ""新北市"", ""變異類型"": ""一般農業使用(含農地水土保持、農業設施、民眾闢設道路等開發案件)"", ""變異點編號"": ""AF3111504057""}, ""latitude"": ""25.262368185832000"", ""longitude"": ""121.594870206737000"", ""marker_icon"": ""chg.png"", ""query_city"": ""新北市"", ""query_year"": ""115"", ""raw_desc_html"": ""變異點編號：AF3111504057<br/>權責單位：新北市<br/>查證結果：非違規<br/>變異類型：一般農業使用(含農地水土保持、農業設施、民眾闢設道路等開發案件)""}",chg.png,a11459aa64e00dbbade81ffa99c26f03d3818f37d0312237543103d9d176acce
115,新北市,AF0711501026,新北市,違規,開發建築用地,121.595552295326000,24.940422532454800,true,https://landchg.nlma.gov.tw/Module/RWD/Web/pub_exhibit.aspx,2026-05-12T08:46:53+08:00,"{""fields"": {""查證結果"": ""違規"", ""權責單位"": ""新北市"", ""變異類型"": ""開發建築用地"", ""變異點編號"": ""AF0711501026""}, ""latitude"": ""24.940422532454800"", ""longitude"": ""121.595552295326000"", ""marker_icon"": ""chg_red.png"", ""query_city"": ""新北市"", ""query_year"": ""115"", ""raw_desc_html"": ""變異點編號：AF0711501026<br/>權責單位：新北市<br/>查證結果：違規<br/>變異類型：開發建築用地""}",chg_red.png,f88851ac22073530f0ce5796cb5dd3441db1e3852008a20704128f8e315285c6
115,新北市,10111503005,陽明山,非違規,其他,121.596379942954000,25.216509835345800,false,https://landchg.nlma.gov.tw/Module/RWD/Web/pub_exhibit.aspx,2026-05-12T08:46:53+08:00,"{""fields"": {""查證結果"": ""非違規"", ""權責單位"": ""陽明山"", ""變異類型"": ""其他"", ""變異點編號"": ""10111503005""}, ""latitude"": ""25.216509835345800"", ""longitude"": ""121.596379942954000"", ""marker_icon"": ""chg.png"", ""query_city"": ""新北市"", ""query_year"": ""115"", ""raw_desc_html"": ""變異點編號：10111503005<br/>權責單位：陽明山<br/>查證結果：非違規<br/>變異類型：其他""}",chg.png,948f80411f29d3992180776d43df5fed211ea7fc91f71803fab5b011087f8b30
115,新北市,AF2511503077,新北市,非違規,治山防災工程,121.596379942954000,25.216509835345800,false,https://landchg.nlma.gov.tw/Module/RWD/Web/pub_exhibit.aspx,2026-05-12T08:46:53+08:00,"{""fields"": {""查證結果"": ""非違規"", ""權責單位"": ""新北市"", ""變異類型"": ""治山防災工程"", ""變異點編號"": ""AF2511503077""}, ""latitude"": ""25.216509835345800"", ""longitude"": ""121.596379942954000"", ""marker_icon"": ""chg.png"", ""query_city"": ""新北市"", ""query_year"": ""115"", ""raw_desc_html"": ""變異點編號：AF2511503077<br/>權責單位：新北市<br/>查證結果：非違規<br/>變異類型：治山防災工程""}",chg.png,21c44969026e94565c3393029b8868e778c24c273b182cd4fd04494844141d15
115,新北市,AF2511503073,新北市,違規,違規農業使用,121.598398876050000,25.226539665805100,true,https://landchg.nlma.gov.tw/Module/RWD/Web/pub_exhibit.aspx,2026-05-12T08:46:53+08:00,"{""fields"": {""查證結果"": ""違規"", ""權責單位"": ""新北市"", ""變異類型"": ""違規農業使用"", ""變異點編號"": ""AF2511503073""}, ""latitude"": ""25.226539665805100"", ""longitude"": ""121.598398876050000"", ""marker_icon"": ""chg_red.png"", ""query_city"": ""新北市"", ""query_year"": ""115"", ""raw_desc_html"": ""變異點編號：AF2511503073<br/>權責單位：新北市<br/>查證結果：違規<br/>變異類型：違規農業使用""}",chg_red.png,7cd7e4f77e5cb52aee54b94b180f25ddcbae7aba21829058d71681a4fd1dedb5
115,新北市,AF0911501034,新北市,非違規,無道路可到達,121.602103183622000,25.007800390835800,false,https://landchg.nlma.gov.tw/Module/RWD/Web/pub_exhibit.aspx,2026-05-12T08:46:53+08:00,"{""fields"": {""查證結果"": ""非違規"", ""權責單位"": ""新北市"", ""變異類型"": ""無道路可到達"", ""變異點編號"": ""AF0911501034""}, ""latitude"": ""25.007800390835800"", ""longitude"": ""121.602103183622000"", ""marker_icon"": ""chg.png"", ""query_city"": ""新北市"", ""query_year"": ""115"", ""raw_desc_html"": ""變異點編號：AF0911501034<br/>權責單位：新北市<br/>查證結果：非違規<br/>變異類型：無道路可到達""}",chg.png,cf37fe619e278450da10984eb0f93654429d05b59e3b8b79e4e52f2998853063
115,新北市,AF2511503072,新北市,非違規,一般農業使用(含農地水土保持、農業設施、民眾闢設道路等開發案件),121.602574285435000,25.231945158516300,false,https://landchg.nlma.gov.tw/Module/RWD/Web/pub_exhibit.aspx,2026-05-12T08:46:53+08:00,"{""fields"": {""查證結果"": ""非違規"", ""權責單位"": ""新北市"", ""變異類型"": ""一般農業使用(含農地水土保持、農業設施、民眾闢設道路等開發案件)"", ""變異點編號"": ""AF2511503072""}, ""latitude"": ""25.231945158516300"", ""longitude"": ""121.602574285435000"", ""marker_icon"": ""chg.png"", ""query_city"": ""新北市"", ""query_year"": ""115"", ""raw_desc_html"": ""變異點編號：AF2511503072<br/>權責單位：新北市<br/>查證結果：非違規<br/>變異類型：一般農業使用(含農地水土保持、農業設施、民眾闢設道路等開發案件)""}",chg.png,c4af3ba5b4e58e13bf395942e468aef2af6dae082d70c07cdee45dd1e5df7d68
115,新北市,AF2811503055,新北市,非違規,治山防災工程,121.602592098844000,25.111869705644400,false,https://landchg.nlma.gov.tw/Module/RWD/Web/pub_exhibit.aspx,2026-05-12T08:46:53+08:00,"{""fields"": {""查證結果"": ""非違規"", ""權責單位"": ""新北市"", ""變異類型"": ""治山防災工程"", ""變異點編號"": ""AF2811503055""}, ""latitude"": ""25.111869705644400"", ""longitude"": ""121.602592098844000"", ""marker_icon"": ""chg.png"", ""query_city"": ""新北市"", ""query_year"": ""115"", ""raw_desc_html"": ""變異點編號：AF2811503055<br/>權責單位：新北市<br/>查證結果：非違規<br/>變異類型：治山防災工程""}",chg.png,c4f7678decad19d1302c3fb6defd3e8ec481cfe027cd5943bf5df1942fd6fbea
115,新北市,AF2511503071,新北市,非違規,一般農業使用(含農地水土保持、農業設施、民眾闢設道路等開發案件),121.602712186692000,25.227332700085100,false,https://landchg.nlma.gov.tw/Module/RWD/Web/pub_exhibit.aspx,2026-05-12T08:46:53+08:00,"{""fields"": {""查證結果"": ""非違規"", ""權責單位"": ""新北市"", ""變異類型"": ""一般農業使用(含農地水土保持、農業設施、民眾闢設道路等開發案件)"", ""變異點編號"": ""AF2511503071""}, ""latitude"": ""25.227332700085100"", ""longitude"": ""121.602712186692000"", ""marker_icon"": ""chg.png"", ""query_city"": ""新北市"", ""query_year"": ""115"", ""raw_desc_html"": ""變異點編號：AF2511503071<br/>權責單位：新北市<br/>查證結果：非違規<br/>變異類型：一般農業使用(含農地水土保持、農業設施、民眾闢設道路等開發案件)""}",chg.png,dc82646e80d4050b0f96cbcdd8ec52fb953ea6f2838bb865d16c0fb94adf77ca
115,新北市,80111504024,新北市,非違規,其他,121.604333438689000,25.257163097729100,false,https://landchg.nlma.gov.tw/Module/RWD/Web/pub_exhibit.aspx,2026-05-12T08:46:53+08:00,"{""fields"": {""查證結果"": ""非違規"", ""權責單位"": ""新北市"", ""變異類型"": ""其他"", ""變異點編號"": ""80111504024""}, ""latitude"": ""25.257163097729100"", ""longitude"": ""121.604333438689000"", ""marker_icon"": ""chg.png"", ""query_city"": ""新北市"", ""query_year"": ""115"", ""raw_desc_html"": ""變異點編號：80111504024<br/>權責單位：新北市<br/>查證結果：非違規<br/>變異類型：其他""}",chg.png,7542e7780d371159093a08871b0d64fd39db23c3d41a75796b5df59df18a4926
115,新北市,AF3111504058,新北市,非違規,其他,121.604333438689000,25.257163097729100,false,https://landchg.nlma.gov.tw/Module/RWD/Web/pub_exhibit.aspx,2026-05-12T08:46:53+08:00,"{""fields"": {""查證結果"": ""非違規"", ""權責單位"": ""新北市"", ""變異類型"": ""其他"", ""變異點編號"": ""AF3111504058""}, ""latitude"": ""25.257163097729100"", ""longitude"": ""121.604333438689000"", ""marker_icon"": ""chg.png"", ""query_city"": ""新北市"", ""query_year"": ""115"", ""raw_desc_html"": ""變異點編號：AF3111504058<br/>權責單位：新北市<br/>查證結果：非違規<br/>變異類型：其他""}",chg.png,655dd9c0c33d1f2d2a6709c8aa1d7ecc8a760d12971ed65ef13fbbd7491d6f36
115,新北市,AF2511503079,新北市,非違規,非農業核准開發案件,121.607891423681000,25.192762636916200,false,https://landchg.nlma.gov.tw/Module/RWD/Web/pub_exhibit.aspx,2026-05-12T08:46:53+08:00,"{""fields"": {""查證結果"": ""非違規"", ""權責單位"": ""新北市"", ""變異類型"": ""非農業核准開發案件"", ""變異點編號"": ""AF2511503079""}, ""latitude"": ""25.192762636916200"", ""longitude"": ""121.607891423681000"", ""marker_icon"": ""chg.png"", ""query_city"": ""新北市"", ""query_year"": ""115"", ""raw_desc_html"": ""變異點編號：AF2511503079<br/>權責單位：新北市<br/>查證結果：非違規<br/>變異類型：非農業核准開發案件""}",chg.png,d5aac0eb0ce0644f5825e047f47277e6ab00a04f01ddf93cd7bdb8b9958f5568
115,新北市,AF2811503054,新北市,非違規,其他,121.609440997773000,25.129551023792400,false,https://landchg.nlma.gov.tw/Module/RWD/Web/pub_exhibit.aspx,2026-05-12T08:46:53+08:00,"{""fields"": {""查證結果"": ""非違規"", ""權責單位"": ""新北市"", ""變異類型"": ""其他"", ""變異點編號"": ""AF2811503054""}, ""latitude"": ""25.129551023792400"", ""longitude"": ""121.609440997773000"", ""marker_icon"": ""chg.png"", ""query_city"": ""新北市"", ""query_year"": ""115"", ""raw_desc_html"": ""變異點編號：AF2811503054<br/>權責單位：新北市<br/>查證結果：非違規<br/>變異類型：其他""}",chg.png,8160e6147316e06f781822110436b1cb834e61103ac82d8e0d94c7542c94eac7
115,新北市,AF2811504073,新北市,非違規,無道路可到達,121.609894167380000,25.113364367956300,false,https://landchg.nlma.gov.tw/Module/RWD/Web/pub_exhibit.aspx,2026-05-12T08:46:53+08:00,"{""fields"": {""查證結果"": ""非違規"", ""權責單位"": ""新北市"", ""變異類型"": ""無道路可到達"", ""變異點編號"": ""AF2811504073""}, ""latitude"": ""25.113364367956300"", ""longitude"": ""121.609894167380000"", ""marker_icon"": ""chg.png"", ""query_city"": ""新北市"", ""query_year"": ""115"", ""raw_desc_html"": ""變異點編號：AF2811504073<br/>權責單位：新北市<br/>查證結果：非違規<br/>變異類型：無道路可到達""}",chg.png,007cbdaabc5d228eeb927bc334ece0f57c1160bd0ee72c46d42a1e77a8b0dddb
115,新北市,AF2811504069,新北市,非違規,治山防災工程,121.610576327791000,25.116426812304400,false,https://landchg.nlma.gov.tw/Module/RWD/Web/pub_exhibit.aspx,2026-05-12T08:46:53+08:00,"{""fields"": {""查證結果"": ""非違規"", ""權責單位"": ""新北市"", ""變異類型"": ""治山防災工程"", ""變異點編號"": ""AF2811504069""}, ""latitude"": ""25.116426812304400"", ""longitude"": ""121.610576327791000"", ""marker_icon"": ""chg.png"", ""query_city"": ""新北市"", ""query_year"": ""115"", ""raw_desc_html"": ""變異點編號：AF2811504069<br/>權責單位：新北市<br/>查證結果：非違規<br/>變異類型：治山防災工程""}",chg.png,06884718d2f4dbe14f3744178bc3255e9175494784c28534eaa23972fb543b12
115,新北市,AF2811504070,新北市,非違規,治山防災工程,121.610946471791000,25.116406556958900,false,https://landchg.nlma.gov.tw/Module/RWD/Web/pub_exhibit.aspx,2026-05-12T08:46:53+08:00,"{""fields"": {""查證結果"": ""非違規"", ""權責單位"": ""新北市"", ""變異類型"": ""治山防災工程"", ""變異點編號"": ""AF2811504070""}, ""latitude"": ""25.116406556958900"", ""longitude"": ""121.610946471791000"", ""marker_icon"": ""chg.png"", ""query_city"": ""新北市"", ""query_year"": ""115"", ""raw_desc_html"": ""變異點編號：AF2811504070<br/>權責單位：新北市<br/>查證結果：非違規<br/>變異類型：治山防災工程""}",chg.png,68f2c3a7d73aa753b63ff30ed74c40ca236f86fdc0a0aa833aa9a64538ee34c0
115,新北市,AF2511504086,新北市,非違規,一般農業使用(含農地水土保持、農業設施、民眾闢設道路等開發案件),121.611113086373000,25.210652747724700,false,https://landchg.nlma.gov.tw/Module/RWD/Web/pub_exhibit.aspx,2026-05-12T08:46:53+08:00,"{""fields"": {""查證結果"": ""非違規"", ""權責單位"": ""新北市"", ""變異類型"": ""一般農業使用(含農地水土保持、農業設施、民眾闢設道路等開發案件)"", ""變異點編號"": ""AF2511504086""}, ""latitude"": ""25.210652747724700"", ""longitude"": ""121.611113086373000"", ""marker_icon"": ""chg.png"", ""query_city"": ""新北市"", ""query_year"": ""115"", ""raw_desc_html"": ""變異點編號：AF2511504086<br/>權責單位：新北市<br/>查證結果：非違規<br/>變異類型：一般農業使用(含農地水土保持、農業設施、民眾闢設道路等開發案件)""}",chg.png,3a557199e045eb0ce092dd649ccc55696832a8780066bdd78fa90ff5f4469195
115,新北市,F2511503006,新北市,非違規,新增建物,121.611426675045000,25.226408189980500,false,https://landchg.nlma.gov.tw/Module/RWD/Web/pub_exhibit.aspx,2026-05-12T08:46:53+08:00,"{""fields"": {""查證結果"": ""非違規"", ""權責單位"": ""新北市"", ""變異類型"": ""新增建物"", ""變異點編號"": ""F2511503006""}, ""latitude"": ""25.226408189980500"", ""longitude"": ""121.611426675045000"", ""marker_icon"": ""chg.png"", ""query_city"": ""新北市"", ""query_year"": ""115"", ""raw_desc_html"": ""變異點編號：F2511503006<br/>權責單位：新北市<br/>查證結果：非違規<br/>變異類型：新增建物""}",chg.png,be5b46ee347c09be5d5244f1e38afc05f07a58a2e28bee95d5739609478848ce
115,新北市,AF2511503076,新北市,非違規,治山防災工程,121.613856036903000,25.231413819790900,false,https://landchg.nlma.gov.tw/Module/RWD/Web/pub_exhibit.aspx,2026-05-12T08:46:53+08:00,"{""fields"": {""查證結果"": ""非違規"", ""權責單位"": ""新北市"", ""變異類型"": ""治山防災工程"", ""變異點編號"": ""AF2511503076""}, ""latitude"": ""25.231413819790900"", ""longitude"": ""121.613856036903000"", ""marker_icon"": ""chg.png"", ""query_city"": ""新北市"", ""query_year"": ""115"", ""raw_desc_html"": ""變異點編號：AF2511503076<br/>權責單位：新北市<br/>查證結果：非違規<br/>變異類型：治山防災工程""}",chg.png,8bfc6bbd9558a414b89da161d0aeb03388eaf6c26205fe7a7cc3663a0744d3fd
115,新北市,AF2811504072,新北市,非違規,治山防災工程,121.614160356077000,25.113051108542500,false,https://landchg.nlma.gov.tw/Module/RWD/Web/pub_exhibit.aspx,2026-05-12T08:46:53+08:00,"{""fields"": {""查證結果"": ""非違規"", ""權責單位"": ""新北市"", ""變異類型"": ""治山防災工程"", ""變異點編號"": ""AF2811504072""}, ""latitude"": ""25.113051108542500"", ""longitude"": ""121.614160356077000"", ""marker_icon"": ""chg.png"", ""query_city"": ""新北市"", ""query_year"": ""115"", ""raw_desc_html"": ""變異點編號：AF2811504072<br/>權責單位：新北市<br/>查證結果：非違規<br/>變異類型：治山防災工程""}",chg.png,4ea53f1798f117cc415cb7ca8c2fae7d3b2851a0fe0b9f9a489a8e962da47dce
115,新北市,F2511503007,新北市,違規,新增建物,121.618444497036000,25.223981776816700,true,https://landchg.nlma.gov.tw/Module/RWD/Web/pub_exhibit.aspx,2026-05-12T08:46:53+08:00,"{""fields"": {""查證結果"": ""違規"", ""權責單位"": ""新北市"", ""變異類型"": ""新增建物"", ""變異點編號"": ""F2511503007""}, ""latitude"": ""25.223981776816700"", ""longitude"": ""121.618444497036000"", ""marker_icon"": ""chg_red.png"", ""query_city"": ""新北市"", ""query_year"": ""115"", ""raw_desc_html"": ""變異點編號：F2511503007<br/>權責單位：新北市<br/>查證結果：違規<br/>變異類型：新增建物""}",chg_red.png,50b24ff424291911ede49562561f0d12e1820ce510a7ccbaaf0c0fed320b1568
115,新北市,F2811503008,新北市,非違規,其他,121.618480661205000,25.065586290268300,false,https://landchg.nlma.gov.tw/Module/RWD/Web/pub_exhibit.aspx,2026-05-12T08:46:53+08:00,"{""fields"": {""查證結果"": ""非違規"", ""權責單位"": ""新北市"", ""變異類型"": ""其他"", ""變異點編號"": ""F2811503008""}, ""latitude"": ""25.065586290268300"", ""longitude"": ""121.618480661205000"", ""marker_icon"": ""chg.png"", ""query_city"": ""新北市"", ""query_year"": ""115"", ""raw_desc_html"": ""變異點編號：F2811503008<br/>權責單位：新北市<br/>查證結果：非違規<br/>變異類型：其他""}",chg.png,a81f3d8d11b59135b0b6ca5eab3e197eaff0fcd3164dd7dd2bd79417c3af3ae7
115,新北市,AF2511504084,新北市,非違規,一般農業使用(含農地水土保持、農業設施、民眾闢設道路等開發案件),121.619545605910000,25.244647647134000,false,https://landchg.nlma.gov.tw/Module/RWD/Web/pub_exhibit.aspx,2026-05-12T08:46:53+08:00,"{""fields"": {""查證結果"": ""非違規"", ""權責單位"": ""新北市"", ""變異類型"": ""一般農業使用(含農地水土保持、農業設施、民眾闢設道路等開發案件)"", ""變異點編號"": ""AF2511504084""}, ""latitude"": ""25.244647647134000"", ""longitude"": ""121.619545605910000"", ""marker_icon"": ""chg.png"", ""query_city"": ""新北市"", ""query_year"": ""115"", ""raw_desc_html"": ""變異點編號：AF2511504084<br/>權責單位：新北市<br/>查證結果：非違規<br/>變異類型：一般農業使用(含農地水土保持、農業設施、民眾闢設道路等開發案件)""}",chg.png,d20614407ff13d6a2cffd3eaabffd4a5147fd42e29e732625528b1361d0b9467
115,新北市,AF2511503080,新北市,違規,其他開挖整地,121.620599865679000,25.253123953201500,true,https://landchg.nlma.gov.tw/Module/RWD/Web/pub_exhibit.aspx,2026-05-12T08:46:53+08:00,"{""fields"": {""查證結果"": ""違規"", ""權責單位"": ""新北市"", ""變異類型"": ""其他開挖整地"", ""變異點編號"": ""AF2511503080""}, ""latitude"": ""25.253123953201500"", ""longitude"": ""121.620599865679000"", ""marker_icon"": ""chg_red.png"", ""query_city"": ""新北市"", ""query_year"": ""115"", ""raw_desc_html"": ""變異點編號：AF2511503080<br/>權責單位：新北市<br/>查證結果：違規<br/>變異類型：其他開挖整地""}",chg_red.png,ad282353c810edcacce1a4badf50257d497665a0ced85865fef04aea037faffc
115,新北市,AF2511503075,新北市,違規,其他開挖整地,121.621523481777000,25.247342342315300,true,https://landchg.nlma.gov.tw/Module/RWD/Web/pub_exhibit.aspx,2026-05-12T08:46:53+08:00,"{""fields"": {""查證結果"": ""違規"", ""權責單位"": ""新北市"", ""變異類型"": ""其他開挖整地"", ""變異點編號"": ""AF2511503075""}, ""latitude"": ""25.247342342315300"", ""longitude"": ""121.621523481777000"", ""marker_icon"": ""chg_red.png"", ""query_city"": ""新北市"", ""query_year"": ""115"", ""raw_desc_html"": ""變異點編號：AF2511503075<br/>權責單位：新北市<br/>查證結果：違規<br/>變異類型：其他開挖整地""}",chg_red.png,c615e97a9708d4474b5edd0a69c9bb79ad3fd8fb9729fc81a13145f40424a171
115,新北市,AF2511504085,新北市,違規,未依核定計畫施工,121.621928591447000,25.247089065224000,true,https://landchg.nlma.gov.tw/Module/RWD/Web/pub_exhibit.aspx,2026-05-12T08:46:53+08:00,"{""fields"": {""查證結果"": ""違規"", ""權責單位"": ""新北市"", ""變異類型"": ""未依核定計畫施工"", ""變異點編號"": ""AF2511504085""}, ""latitude"": ""25.247089065224000"", ""longitude"": ""121.621928591447000"", ""marker_icon"": ""chg_red.png"", ""query_city"": ""新北市"", ""query_year"": ""115"", ""raw_desc_html"": ""變異點編號：AF2511504085<br/>權責單位：新北市<br/>查證結果：違規<br/>變異類型：未依核定計畫施工""}",chg_red.png,274926e3c96aa0e67259a7af96cf870ae6a8e6c0d9eece69c17b22f367dbac1a
115,新北市,AF2811504078,新北市,非違規,其他,121.624150582842000,25.048337731431800,false,https://landchg.nlma.gov.tw/Module/RWD/Web/pub_exhibit.aspx,2026-05-12T08:46:53+08:00,"{""fields"": {""查證結果"": ""非違規"", ""權責單位"": ""新北市"", ""變異類型"": ""其他"", ""變異點編號"": ""AF2811504078""}, ""latitude"": ""25.048337731431800"", ""longitude"": ""121.624150582842000"", ""marker_icon"": ""chg.png"", ""query_city"": ""新北市"", ""query_year"": ""115"", ""raw_desc_html"": ""變異點編號：AF2811504078<br/>權責單位：新北市<br/>查證結果：非違規<br/>變異類型：其他""}",chg.png,385f6eda878f9b90ac7aa70b6266c1633fa944bddc50614f97fbe107457bf445
115,新北市,AF2811504071,新北市,非違規,其他,121.624661674732000,25.111359751169000,false,https://landchg.nlma.gov.tw/Module/RWD/Web/pub_exhibit.aspx,2026-05-12T08:46:53+08:00,"{""fields"": {""查證結果"": ""非違規"", ""權責單位"": ""新北市"", ""變異類型"": ""其他"", ""變異點編號"": ""AF2811504071""}, ""latitude"": ""25.111359751169000"", ""longitude"": ""121.624661674732000"", ""marker_icon"": ""chg.png"", ""query_city"": ""新北市"", ""query_year"": ""115"", ""raw_desc_html"": ""變異點編號：AF2811504071<br/>權責單位：新北市<br/>查證結果：非違規<br/>變異類型：其他""}",chg.png,2bd3ac99e308cbf6e927a018df1996014524d4887e18583f23b9e04af1fe586a
115,新北市,AF2511503074,新北市,非違規,一般農業使用(含農地水土保持、農業設施、民眾闢設道路等開發案件),121.625615201595000,25.247998223288400,false,https://landchg.nlma.gov.tw/Module/RWD/Web/pub_exhibit.aspx,2026-05-12T08:46:53+08:00,"{""fields"": {""查證結果"": ""非違規"", ""權責單位"": ""新北市"", ""變異類型"": ""一般農業使用(含農地水土保持、農業設施、民眾闢設道路等開發案件)"", ""變異點編號"": ""AF2511503074""}, ""latitude"": ""25.247998223288400"", ""longitude"": ""121.625615201595000"", ""marker_icon"": ""chg.png"", ""query_city"": ""新北市"", ""query_year"": ""115"", ""raw_desc_html"": ""變異點編號：AF2511503074<br/>權責單位：新北市<br/>查證結果：非違規<br/>變異類型：一般農業使用(含農地水土保持、農業設施、民眾闢設道路等開發案件)""}",chg.png,b5b0bd2f22beae57d5af5b3ca1ad38a7cda91b0d5d941c4e3ef92f8a70ac6656
115,新北市,AF2611503041,新北市,違規,其他開挖整地,121.625926473287000,25.199671839406300,true,https://landchg.nlma.gov.tw/Module/RWD/Web/pub_exhibit.aspx,2026-05-12T08:46:53+08:00,"{""fields"": {""查證結果"": ""違規"", ""權責單位"": ""新北市"", ""變異類型"": ""其他開挖整地"", ""變異點編號"": ""AF2611503041""}, ""latitude"": ""25.199671839406300"", ""longitude"": ""121.625926473287000"", ""marker_icon"": ""chg_red.png"", ""query_city"": ""新北市"", ""query_year"": ""115"", ""raw_desc_html"": ""變異點編號：AF2611503041<br/>權責單位：新北市<br/>查證結果：違規<br/>變異類型：其他開挖整地""}",chg_red.png,059900acfa5f471a40a97a91bf0f9a573fb7c9fdad05f248fb8f804cc691752c
115,新北市,AF2611501029,新北市,違規,其他開挖整地,121.626587069131000,25.199437517443600,true,https://landchg.nlma.gov.tw/Module/RWD/Web/pub_exhibit.aspx,2026-05-12T08:46:53+08:00,"{""fields"": {""查證結果"": ""違規"", ""權責單位"": ""新北市"", ""變異類型"": ""其他開挖整地"", ""變異點編號"": ""AF2611501029""}, ""latitude"": ""25.199437517443600"", ""longitude"": ""121.626587069131000"", ""marker_icon"": ""chg_red.png"", ""query_city"": ""新北市"", ""query_year"": ""115"", ""raw_desc_html"": ""變異點編號：AF2611501029<br/>權責單位：新北市<br/>查證結果：違規<br/>變異類型：其他開挖整地""}",chg_red.png,b7e4f948431d867b49de693cef5cb4468834814fdc1ffaf1311f70dd5f89164a
115,新北市,AF2811504074,新北市,非違規,其他,121.628546342098000,25.113865330817600,false,https://landchg.nlma.gov.tw/Module/RWD/Web/pub_exhibit.aspx,2026-05-12T08:46:53+08:00,"{""fields"": {""查證結果"": ""非違規"", ""權責單位"": ""新北市"", ""變異類型"": ""其他"", ""變異點編號"": ""AF2811504074""}, ""latitude"": ""25.113865330817600"", ""longitude"": ""121.628546342098000"", ""marker_icon"": ""chg.png"", ""query_city"": ""新北市"", ""query_year"": ""115"", ""raw_desc_html"": ""變異點編號：AF2811504074<br/>權責單位：新北市<br/>查證結果：非違規<br/>變異類型：其他""}",chg.png,22cc4119d8205bddf989638dbfdc93fc1ba69c4041ea64e6c1d9496e97cf9b91
115,新北市,AF2811504075,新北市,違規,其他開挖整地,121.630479580507000,25.103673639091900,true,https://landchg.nlma.gov.tw/Module/RWD/Web/pub_exhibit.aspx,2026-05-12T08:46:53+08:00,"{""fields"": {""查證結果"": ""違規"", ""權責單位"": ""新北市"", ""變異類型"": ""其他開挖整地"", ""變異點編號"": ""AF2811504075""}, ""latitude"": ""25.103673639091900"", ""longitude"": ""121.630479580507000"", ""marker_icon"": ""chg_red.png"", ""query_city"": ""新北市"", ""query_year"": ""115"", ""raw_desc_html"": ""變異點編號：AF2811504075<br/>權責單位：新北市<br/>查證結果：違規<br/>變異類型：其他開挖整地""}",chg_red.png,ec73387c2b27d2e424ecacedb11f3d44b747cddad92b274e64614e8833691138
115,新北市,AF2511504087,新北市,非違規,一般農業使用(含農地水土保持、農業設施、民眾闢設道路等開發案件),121.634082622796000,25.214386482116300,false,https://landchg.nlma.gov.tw/Module/RWD/Web/pub_exhibit.aspx,2026-05-12T08:46:53+08:00,"{""fields"": {""查證結果"": ""非違規"", ""權責單位"": ""新北市"", ""變異類型"": ""一般農業使用(含農地水土保持、農業設施、民眾闢設道路等開發案件)"", ""變異點編號"": ""AF2511504087""}, ""latitude"": ""25.214386482116300"", ""longitude"": ""121.634082622796000"", ""marker_icon"": ""chg.png"", ""query_city"": ""新北市"", ""query_year"": ""115"", ""raw_desc_html"": ""變異點編號：AF2511504087<br/>權責單位：新北市<br/>查證結果：非違規<br/>變異類型：一般農業使用(含農地水土保持、農業設施、民眾闢設道路等開發案件)""}",chg.png,17ec75fb6020428de06b7f33b6bec1966df97035748903f58a51da3fd13e9be8
115,新北市,AF2511503078,新北市,非違規,一般農業使用(含農地水土保持、農業設施、民眾闢設道路等開發案件),121.634436239335000,25.215617539084700,false,https://landchg.nlma.gov.tw/Module/RWD/Web/pub_exhibit.aspx,2026-05-12T08:46:53+08:00,"{""fields"": {""查證結果"": ""非違規"", ""權責單位"": ""新北市"", ""變異類型"": ""一般農業使用(含農地水土保持、農業設施、民眾闢設道路等開發案件)"", ""變異點編號"": ""AF2511503078""}, ""latitude"": ""25.215617539084700"", ""longitude"": ""121.634436239335000"", ""marker_icon"": ""chg.png"", ""query_city"": ""新北市"", ""query_year"": ""115"", ""raw_desc_html"": ""變異點編號：AF2511503078<br/>權責單位：新北市<br/>查證結果：非違規<br/>變異類型：一般農業使用(含農地水土保持、農業設施、民眾闢設道路等開發案件)""}",chg.png,32f536922ec1d1579db3cc02f99b0f51bd5f5f8043b5db274b53bd9984dc3551
115,新北市,AF2811504076,新北市,非違規,其他,121.636371446326000,25.094925730008400,false,https://landchg.nlma.gov.tw/Module/RWD/Web/pub_exhibit.aspx,2026-05-12T08:46:53+08:00,"{""fields"": {""查證結果"": ""非違規"", ""權責單位"": ""新北市"", ""變異類型"": ""其他"", ""變異點編號"": ""AF2811504076""}, ""latitude"": ""25.094925730008400"", ""longitude"": ""121.636371446326000"", ""marker_icon"": ""chg.png"", ""query_city"": ""新北市"", ""query_year"": ""115"", ""raw_desc_html"": ""變異點編號：AF2811504076<br/>權責單位：新北市<br/>查證結果：非違規<br/>變異類型：其他""}",chg.png,2e3eaa15103a17fb8e153e1fa5e77da53197bec22a666199435a1e80746f8911
115,新北市,AF2611504068,新北市,非違規,其他,121.637533021988000,25.197871643376900,false,https://landchg.nlma.gov.tw/Module/RWD/Web/pub_exhibit.aspx,2026-05-12T08:46:53+08:00,"{""fields"": {""查證結果"": ""非違規"", ""權責單位"": ""新北市"", ""變異類型"": ""其他"", ""變異點編號"": ""AF2611504068""}, ""latitude"": ""25.197871643376900"", ""longitude"": ""121.637533021988000"", ""marker_icon"": ""chg.png"", ""query_city"": ""新北市"", ""query_year"": ""115"", ""raw_desc_html"": ""變異點編號：AF2611504068<br/>權責單位：新北市<br/>查證結果：非違規<br/>變異類型：其他""}",chg.png,0c29a38d5a3605102fbccc540806e268ecd2157444df5930708704d0b0255f15
115,新北市,80111503016,新北市,違規,其他,121.638642571059000,25.052998095063700,true,https://landchg.nlma.gov.tw/Module/RWD/Web/pub_exhibit.aspx,2026-05-12T08:46:53+08:00,"{""fields"": {""查證結果"": ""違規"", ""權責單位"": ""新北市"", ""變異類型"": ""其他"", ""變異點編號"": ""80111503016""}, ""latitude"": ""25.052998095063700"", ""longitude"": ""121.638642571059000"", ""marker_icon"": ""chg_red.png"", ""query_city"": ""新北市"", ""query_year"": ""115"", ""raw_desc_html"": ""變異點編號：80111503016<br/>權責單位：新北市<br/>查證結果：違規<br/>變異類型：其他""}",chg_red.png,6e8feee9eca6033a08301818ead147b0a2d7214bde32ed252dc7684af8746f19
115,新北市,AF2811503060,新北市,非違規,其他,121.638642571059000,25.052998095063700,false,https://landchg.nlma.gov.tw/Module/RWD/Web/pub_exhibit.aspx,2026-05-12T08:46:53+08:00,"{""fields"": {""查證結果"": ""非違規"", ""權責單位"": ""新北市"", ""變異類型"": ""其他"", ""變異點編號"": ""AF2811503060""}, ""latitude"": ""25.052998095063700"", ""longitude"": ""121.638642571059000"", ""marker_icon"": ""chg.png"", ""query_city"": ""新北市"", ""query_year"": ""115"", ""raw_desc_html"": ""變異點編號：AF2811503060<br/>權責單位：新北市<br/>查證結果：非違規<br/>變異類型：其他""}",chg.png,140b3f1815193e1f651fa28cc6a02f6aa36256b70622d5be18a2f2dd0a7dc5bd
115,新北市,21011503006,第十河川分署,非違規,其他,121.639884118713000,25.230676893324200,false,https://landchg.nlma.gov.tw/Module/RWD/Web/pub_exhibit.aspx,2026-05-12T08:46:53+08:00,"{""fields"": {""查證結果"": ""非違規"", ""權責單位"": ""第十河川分署"", ""變異類型"": ""其他"", ""變異點編號"": ""21011503006""}, ""latitude"": ""25.230676893324200"", ""longitude"": ""121.639884118713000"", ""marker_icon"": ""chg.png"", ""query_city"": ""新北市"", ""query_year"": ""115"", ""raw_desc_html"": ""變異點編號：21011503006<br/>權責單位：第十河川分署<br/>查證結果：非違規<br/>變異類型：其他""}",chg.png,3ce854265122d17479d803740f724e53cadad0ad49971374c1d222fc7dae3bcb
115,新北市,80111503017,新北市,違規,其他,121.639967261101000,25.048983233116400,true,https://landchg.nlma.gov.tw/Module/RWD/Web/pub_exhibit.aspx,2026-05-12T08:46:53+08:00,"{""fields"": {""查證結果"": ""違規"", ""權責單位"": ""新北市"", ""變異類型"": ""其他"", ""變異點編號"": ""80111503017""}, ""latitude"": ""25.048983233116400"", ""longitude"": ""121.639967261101000"", ""marker_icon"": ""chg_red.png"", ""query_city"": ""新北市"", ""query_year"": ""115"", ""raw_desc_html"": ""變異點編號：80111503017<br/>權責單位：新北市<br/>查證結果：違規<br/>變異類型：其他""}",chg_red.png,374a5fa0493e9da59796dedceb43bfc9637ebeb8d2a903125d281c4640738b75
115,新北市,AF2811503061,新北市,非違規,其他,121.639967261101000,25.048983233116400,false,https://landchg.nlma.gov.tw/Module/RWD/Web/pub_exhibit.aspx,2026-05-12T08:46:53+08:00,"{""fields"": {""查證結果"": ""非違規"", ""權責單位"": ""新北市"", ""變異類型"": ""其他"", ""變異點編號"": ""AF2811503061""}, ""latitude"": ""25.048983233116400"", ""longitude"": ""121.639967261101000"", ""marker_icon"": ""chg.png"", ""query_city"": ""新北市"", ""query_year"": ""115"", ""raw_desc_html"": ""變異點編號：AF2811503061<br/>權責單位：新北市<br/>查證結果：非違規<br/>變異類型：其他""}",chg.png,c1bcde636647d26270dc0b7da0e06c9e3b13fa325e905ec5406869f6549282c1
115,新北市,AF2811503059,新北市,非違規,其他,121.640320183068000,25.085223540589700,false,https://landchg.nlma.gov.tw/Module/RWD/Web/pub_exhibit.aspx,2026-05-12T08:46:53+08:00,"{""fields"": {""查證結果"": ""非違規"", ""權責單位"": ""新北市"", ""變異類型"": ""其他"", ""變異點編號"": ""AF2811503059""}, ""latitude"": ""25.085223540589700"", ""longitude"": ""121.640320183068000"", ""marker_icon"": ""chg.png"", ""query_city"": ""新北市"", ""query_year"": ""115"", ""raw_desc_html"": ""變異點編號：AF2811503059<br/>權責單位：新北市<br/>查證結果：非違規<br/>變異類型：其他""}",chg.png,5878971b1af7afbe7290d682aead7e53b551f441cc25d741863b01aea5cd8da5
115,新北市,AF2811503058,新北市,非違規,其他,121.640603467845000,25.074867143220400,false,https://landchg.nlma.gov.tw/Module/RWD/Web/pub_exhibit.aspx,2026-05-12T08:46:53+08:00,"{""fields"": {""查證結果"": ""非違規"", ""權責單位"": ""新北市"", ""變異類型"": ""其他"", ""變異點編號"": ""AF2811503058""}, ""latitude"": ""25.074867143220400"", ""longitude"": ""121.640603467845000"", ""marker_icon"": ""chg.png"", ""query_city"": ""新北市"", ""query_year"": ""115"", ""raw_desc_html"": ""變異點編號：AF2811503058<br/>權責單位：新北市<br/>查證結果：非違規<br/>變異類型：其他""}",chg.png,88a18ed318121d7849767b5365ee8a7a2bece1964e07e99af69b665878c9960e
115,新北市,AF2611501030,新北市,非違規,其他,121.642231581594000,25.182853421630100,false,https://landchg.nlma.gov.tw/Module/RWD/Web/pub_exhibit.aspx,2026-05-12T08:46:53+08:00,"{""fields"": {""查證結果"": ""非違規"", ""權責單位"": ""新北市"", ""變異類型"": ""其他"", ""變異點編號"": ""AF2611501030""}, ""latitude"": ""25.182853421630100"", ""longitude"": ""121.642231581594000"", ""marker_icon"": ""chg.png"", ""query_city"": ""新北市"", ""query_year"": ""115"", ""raw_desc_html"": ""變異點編號：AF2611501030<br/>權責單位：新北市<br/>查證結果：非違規<br/>變異類型：其他""}",chg.png,59cbf691fc872040386c65f88c6b2a4dee454118f0d95e9c4b2f789e904f4e3f
115,新北市,AF2611503047,新北市,非違規,一般農業使用(含農地水土保持、農業設施、民眾闢設道路等開發案件),121.644294525369000,25.154421688164900,false,https://landchg.nlma.gov.tw/Module/RWD/Web/pub_exhibit.aspx,2026-05-12T08:46:53+08:00,"{""fields"": {""查證結果"": ""非違規"", ""權責單位"": ""新北市"", ""變異類型"": ""一般農業使用(含農地水土保持、農業設施、民眾闢設道路等開發案件)"", ""變異點編號"": ""AF2611503047""}, ""latitude"": ""25.154421688164900"", ""longitude"": ""121.644294525369000"", ""marker_icon"": ""chg.png"", ""query_city"": ""新北市"", ""query_year"": ""115"", ""raw_desc_html"": ""變異點編號：AF2611503047<br/>權責單位：新北市<br/>查證結果：非違規<br/>變異類型：一般農業使用(含農地水土保持、農業設施、民眾闢設道路等開發案件)""}",chg.png,2e08c3823f522351f56bda023766c135f6e3235d102fcacd67ecc1c55044e806
115,新北市,AF0911501028,新北市,非違規,其他,121.644656964232000,24.999958226037400,false,https://landchg.nlma.gov.tw/Module/RWD/Web/pub_exhibit.aspx,2026-05-12T08:46:53+08:00,"{""fields"": {""查證結果"": ""非違規"", ""權責單位"": ""新北市"", ""變異類型"": ""其他"", ""變異點編號"": ""AF0911501028""}, ""latitude"": ""24.999958226037400"", ""longitude"": ""121.644656964232000"", ""marker_icon"": ""chg.png"", ""query_city"": ""新北市"", ""query_year"": ""115"", ""raw_desc_html"": ""變異點編號：AF0911501028<br/>權責單位：新北市<br/>查證結果：非違規<br/>變異類型：其他""}",chg.png,253e7e8b63cb8129d5cb002eccd35757150b562b2ba25964833c1192a1a14364
115,新北市,AF2811503056,新北市,非違規,其他,121.645490396917000,25.113207253847600,false,https://landchg.nlma.gov.tw/Module/RWD/Web/pub_exhibit.aspx,2026-05-12T08:46:53+08:00,"{""fields"": {""查證結果"": ""非違規"", ""權責單位"": ""新北市"", ""變異類型"": ""其他"", ""變異點編號"": ""AF2811503056""}, ""latitude"": ""25.113207253847600"", ""longitude"": ""121.645490396917000"", ""marker_icon"": ""chg.png"", ""query_city"": ""新北市"", ""query_year"": ""115"", ""raw_desc_html"": ""變異點編號：AF2811503056<br/>權責單位：新北市<br/>查證結果：非違規<br/>變異類型：其他""}",chg.png,5ad291af2a424b681af3638419290c50fe7b4ec7832c456c742e2984cdcf2663
115,新北市,AF2611503042,新北市,違規,其他開挖整地,121.646290073889000,25.201503306874200,true,https://landchg.nlma.gov.tw/Module/RWD/Web/pub_exhibit.aspx,2026-05-12T08:46:53+08:00,"{""fields"": {""查證結果"": ""違規"", ""權責單位"": ""新北市"", ""變異類型"": ""其他開挖整地"", ""變異點編號"": ""AF2611503042""}, ""latitude"": ""25.201503306874200"", ""longitude"": ""121.646290073889000"", ""marker_icon"": ""chg_red.png"", ""query_city"": ""新北市"", ""query_year"": ""115"", ""raw_desc_html"": ""變異點編號：AF2611503042<br/>權責單位：新北市<br/>查證結果：違規<br/>變異類型：其他開挖整地""}",chg_red.png,dfcbca419113d9c594a76e7c381723bf21204df4ec9125d06338655c6b03dcbe
115,新北市,AF2611503048,新北市,違規,其他開挖整地,121.646806268497000,25.172448650946300,true,https://landchg.nlma.gov.tw/Module/RWD/Web/pub_exhibit.aspx,2026-05-12T08:46:53+08:00,"{""fields"": {""查證結果"": ""違規"", ""權責單位"": ""新北市"", ""變異類型"": ""其他開挖整地"", ""變異點編號"": ""AF2611503048""}, ""latitude"": ""25.172448650946300"", ""longitude"": ""121.646806268497000"", ""marker_icon"": ""chg_red.png"", ""query_city"": ""新北市"", ""query_year"": ""115"", ""raw_desc_html"": ""變異點編號：AF2611503048<br/>權責單位：新北市<br/>查證結果：違規<br/>變異類型：其他開挖整地""}",chg_red.png,c2cff7e27e0b39dcab81d28bad9d741c10bc43aae4cee65251e37bd885946a89
115,新北市,F2611504010,新北市,違規,新增建物,121.647922135408000,25.208103077805300,true,https://landchg.nlma.gov.tw/Module/RWD/Web/pub_exhibit.aspx,2026-05-12T08:46:53+08:00,"{""fields"": {""查證結果"": ""違規"", ""權責單位"": ""新北市"", ""變異類型"": ""新增建物"", ""變異點編號"": ""F2611504010""}, ""latitude"": ""25.208103077805300"", ""longitude"": ""121.647922135408000"", ""marker_icon"": ""chg_red.png"", ""query_city"": ""新北市"", ""query_year"": ""115"", ""raw_desc_html"": ""變異點編號：F2611504010<br/>權責單位：新北市<br/>查證結果：違規<br/>變異類型：新增建物""}",chg_red.png,75bf6016ddab741ff6dc30c2f22e4e5e86e26722c7b8e9025d28f902be1ea2f8
115,新北市,AF0811504090,新北市,非違規,一般農業使用(含農地水土保持、農業設施、民眾闢設道路等開發案件),121.648444468742000,24.994859428844600,false,https://landchg.nlma.gov.tw/Module/RWD/Web/pub_exhibit.aspx,2026-05-12T08:46:53+08:00,"{""fields"": {""查證結果"": ""非違規"", ""權責單位"": ""新北市"", ""變異類型"": ""一般農業使用(含農地水土保持、農業設施、民眾闢設道路等開發案件)"", ""變異點編號"": ""AF0811504090""}, ""latitude"": ""24.994859428844600"", ""longitude"": ""121.648444468742000"", ""marker_icon"": ""chg.png"", ""query_city"": ""新北市"", ""query_year"": ""115"", ""raw_desc_html"": ""變異點編號：AF0811504090<br/>權責單位：新北市<br/>查證結果：非違規<br/>變異類型：一般農業使用(含農地水土保持、農業設施、民眾闢設道路等開發案件)""}",chg.png,8c738c28d119c9ab39a1c5e36915e352c5f05deb7a3c50e8f4bf47e3de364e01
115,新北市,AF2811503057,新北市,非違規,其他,121.648732580552000,25.085283405210300,false,https://landchg.nlma.gov.tw/Module/RWD/Web/pub_exhibit.aspx,2026-05-12T08:46:53+08:00,"{""fields"": {""查證結果"": ""非違規"", ""權責單位"": ""新北市"", ""變異類型"": ""其他"", ""變異點編號"": ""AF2811503057""}, ""latitude"": ""25.085283405210300"", ""longitude"": ""121.648732580552000"", ""marker_icon"": ""chg.png"", ""query_city"": ""新北市"", ""query_year"": ""115"", ""raw_desc_html"": ""變異點編號：AF2811503057<br/>權責單位：新北市<br/>查證結果：非違規<br/>變異類型：其他""}",chg.png,84dc4eeab8b7e622c33ed95ad193ed1f4f5fae805f6127ef90092457e2d233f2
115,新北市,AF2811504079,新北市,非違規,其他,121.648971711309000,25.037227711442800,false,https://landchg.nlma.gov.tw/Module/RWD/Web/pub_exhibit.aspx,2026-05-12T08:46:53+08:00,"{""fields"": {""查證結果"": ""非違規"", ""權責單位"": ""新北市"", ""變異類型"": ""其他"", ""變異點編號"": ""AF2811504079""}, ""latitude"": ""25.037227711442800"", ""longitude"": ""121.648971711309000"", ""marker_icon"": ""chg.png"", ""query_city"": ""新北市"", ""query_year"": ""115"", ""raw_desc_html"": ""變異點編號：AF2811504079<br/>權責單位：新北市<br/>查證結果：非違規<br/>變異類型：其他""}",chg.png,90198d54e02844192606c8a57e71e46db448196770a3635de1ee9fa71c0fa6fa
115,新北市,AF0811503101,新北市,違規,違規農業使用,121.649308880179000,25.015807777946700,true,https://landchg.nlma.gov.tw/Module/RWD/Web/pub_exhibit.aspx,2026-05-12T08:46:53+08:00,"{""fields"": {""查證結果"": ""違規"", ""權責單位"": ""新北市"", ""變異類型"": ""違規農業使用"", ""變異點編號"": ""AF0811503101""}, ""latitude"": ""25.015807777946700"", ""longitude"": ""121.649308880179000"", ""marker_icon"": ""chg_red.png"", ""query_city"": ""新北市"", ""query_year"": ""115"", ""raw_desc_html"": ""變異點編號：AF0811503101<br/>權責單位：新北市<br/>查證結果：違規<br/>變異類型：違規農業使用""}",chg_red.png,e6e84d4635584083aa07158ada6ed6209ee2f2324850770d9051d941ce51acb6
115,新北市,AF0811504093,新北市,非違規,一般農業使用(含農地水土保持、農業設施、民眾闢設道路等開發案件),121.650798460256000,25.000107641197900,false,https://landchg.nlma.gov.tw/Module/RWD/Web/pub_exhibit.aspx,2026-05-12T08:46:53+08:00,"{""fields"": {""查證結果"": ""非違規"", ""權責單位"": ""新北市"", ""變異類型"": ""一般農業使用(含農地水土保持、農業設施、民眾闢設道路等開發案件)"", ""變異點編號"": ""AF0811504093""}, ""latitude"": ""25.000107641197900"", ""longitude"": ""121.650798460256000"", ""marker_icon"": ""chg.png"", ""query_city"": ""新北市"", ""query_year"": ""115"", ""raw_desc_html"": ""變異點編號：AF0811504093<br/>權責單位：新北市<br/>查證結果：非違規<br/>變異類型：一般農業使用(含農地水土保持、農業設施、民眾闢設道路等開發案件)""}",chg.png,8af47f5bcfd0847ca95b34c85ea4c8c40fc59740718e9812ef04c6459a2f2d06
115,新北市,AF2611503045,新北市,違規,其他開挖整地,121.654099487048000,25.179893656971500,true,https://landchg.nlma.gov.tw/Module/RWD/Web/pub_exhibit.aspx,2026-05-12T08:46:53+08:00,"{""fields"": {""查證結果"": ""違規"", ""權責單位"": ""新北市"", ""變異類型"": ""其他開挖整地"", ""變異點編號"": ""AF2611503045""}, ""latitude"": ""25.179893656971500"", ""longitude"": ""121.654099487048000"", ""marker_icon"": ""chg_red.png"", ""query_city"": ""新北市"", ""query_year"": ""115"", ""raw_desc_html"": ""變異點編號：AF2611503045<br/>權責單位：新北市<br/>查證結果：違規<br/>變異類型：其他開挖整地""}",chg_red.png,ad43d63c39bee1c8493b4f0aba18ffcbebda5746c3f6456533f4f5a38c30cdef
115,新北市,AF2611503044,新北市,非違規,其他,121.654458577700000,25.181117133525900,false,https://landchg.nlma.gov.tw/Module/RWD/Web/pub_exhibit.aspx,2026-05-12T08:46:53+08:00,"{""fields"": {""查證結果"": ""非違規"", ""權責單位"": ""新北市"", ""變異類型"": ""其他"", ""變異點編號"": ""AF2611503044""}, ""latitude"": ""25.181117133525900"", ""longitude"": ""121.654458577700000"", ""marker_icon"": ""chg.png"", ""query_city"": ""新北市"", ""query_year"": ""115"", ""raw_desc_html"": ""變異點編號：AF2611503044<br/>權責單位：新北市<br/>查證結果：非違規<br/>變異類型：其他""}",chg.png,9da83aef17524fc76efb9b317b3e8555020bdc7660260669dc33427cc4d1544c
115,新北市,AF2811504077,新北市,非違規,無道路可到達,121.656036497309000,25.076223551119800,false,https://landchg.nlma.gov.tw/Module/RWD/Web/pub_exhibit.aspx,2026-05-12T08:46:53+08:00,"{""fields"": {""查證結果"": ""非違規"", ""權責單位"": ""新北市"", ""變異類型"": ""無道路可到達"", ""變異點編號"": ""AF2811504077""}, ""latitude"": ""25.076223551119800"", ""longitude"": ""121.656036497309000"", ""marker_icon"": ""chg.png"", ""query_city"": ""新北市"", ""query_year"": ""115"", ""raw_desc_html"": ""變異點編號：AF2811504077<br/>權責單位：新北市<br/>查證結果：非違規<br/>變異類型：無道路可到達""}",chg.png,8cb5c681db6283a876e657608eee51c6d6721192bd37b23a6131e7e856fd4bd0
115,新北市,AF0811504091,新北市,非違規,一般農業使用(含農地水土保持、農業設施、民眾闢設道路等開發案件),121.657652192505000,24.970668969963100,false,https://landchg.nlma.gov.tw/Module/RWD/Web/pub_exhibit.aspx,2026-05-12T08:46:53+08:00,"{""fields"": {""查證結果"": ""非違規"", ""權責單位"": ""新北市"", ""變異類型"": ""一般農業使用(含農地水土保持、農業設施、民眾闢設道路等開發案件)"", ""變異點編號"": ""AF0811504091""}, ""latitude"": ""24.970668969963100"", ""longitude"": ""121.657652192505000"", ""marker_icon"": ""chg.png"", ""query_city"": ""新北市"", ""query_year"": ""115"", ""raw_desc_html"": ""變異點編號：AF0811504091<br/>權責單位：新北市<br/>查證結果：非違規<br/>變異類型：一般農業使用(含農地水土保持、農業設施、民眾闢設道路等開發案件)""}",chg.png,4b4372e99d6a13959acd54a767a5e603cdd2bc1dc0b66d14a30dac7f777b55b8
115,新北市,AF2611503051,新北市,違規,其他開挖整地,121.661538954887000,25.163647451860600,true,https://landchg.nlma.gov.tw/Module/RWD/Web/pub_exhibit.aspx,2026-05-12T08:46:53+08:00,"{""fields"": {""查證結果"": ""違規"", ""權責單位"": ""新北市"", ""變異類型"": ""其他開挖整地"", ""變異點編號"": ""AF2611503051""}, ""latitude"": ""25.163647451860600"", ""longitude"": ""121.661538954887000"", ""marker_icon"": ""chg_red.png"", ""query_city"": ""新北市"", ""query_year"": ""115"", ""raw_desc_html"": ""變異點編號：AF2611503051<br/>權責單位：新北市<br/>查證結果：違規<br/>變異類型：其他開挖整地""}",chg_red.png,90361c02b2230f478e2b1d62548ff743edaf57cd099d907fe4facd1f647ba483
115,新北市,AF2611503050,新北市,非違規,其他,121.661745546393000,25.164098687843000,false,https://landchg.nlma.gov.tw/Module/RWD/Web/pub_exhibit.aspx,2026-05-12T08:46:53+08:00,"{""fields"": {""查證結果"": ""非違規"", ""權責單位"": ""新北市"", ""變異類型"": ""其他"", ""變異點編號"": ""AF2611503050""}, ""latitude"": ""25.164098687843000"", ""longitude"": ""121.661745546393000"", ""marker_icon"": ""chg.png"", ""query_city"": ""新北市"", ""query_year"": ""115"", ""raw_desc_html"": ""變異點編號：AF2611503050<br/>權責單位：新北市<br/>查證結果：非違規<br/>變異類型：其他""}",chg.png,c21d41e67394c43c699d94ac34b99b4e04b479e97f185fd3b3961e4274e40568
115,新北市,AF0811504092,新北市,非違規,一般農業使用(含農地水土保持、農業設施、民眾闢設道路等開發案件),121.669800541000000,25.028576823173700,false,https://landchg.nlma.gov.tw/Module/RWD/Web/pub_exhibit.aspx,2026-05-12T08:46:53+08:00,"{""fields"": {""查證結果"": ""非違規"", ""權責單位"": ""新北市"", ""變異類型"": ""一般農業使用(含農地水土保持、農業設施、民眾闢設道路等開發案件)"", ""變異點編號"": ""AF0811504092""}, ""latitude"": ""25.028576823173700"", ""longitude"": ""121.669800541000000"", ""marker_icon"": ""chg.png"", ""query_city"": ""新北市"", ""query_year"": ""115"", ""raw_desc_html"": ""變異點編號：AF0811504092<br/>權責單位：新北市<br/>查證結果：非違規<br/>變異類型：一般農業使用(含農地水土保持、農業設施、民眾闢設道路等開發案件)""}",chg.png,b32f023ad356274676fc5e745f25d8c349c0be614d50923773b1e849379c52d8
115,新北市,AF2611503049,新北市,非違規,治山防災工程,121.676316374359000,25.167633286939600,false,https://landchg.nlma.gov.tw/Module/RWD/Web/pub_exhibit.aspx,2026-05-12T08:46:53+08:00,"{""fields"": {""查證結果"": ""非違規"", ""權責單位"": ""新北市"", ""變異類型"": ""治山防災工程"", ""變異點編號"": ""AF2611503049""}, ""latitude"": ""25.167633286939600"", ""longitude"": ""121.676316374359000"", ""marker_icon"": ""chg.png"", ""query_city"": ""新北市"", ""query_year"": ""115"", ""raw_desc_html"": ""變異點編號：AF2611503049<br/>權責單位：新北市<br/>查證結果：非違規<br/>變異類型：治山防災工程""}",chg.png,bf4cec8b14cac8efbe03f332f22ac21270bcbc2ba5761b708b41d3c80696729b
115,新北市,AF2611503043,新北市,非違規,其他,121.677136329926000,25.202641339893700,false,https://landchg.nlma.gov.tw/Module/RWD/Web/pub_exhibit.aspx,2026-05-12T08:46:53+08:00,"{""fields"": {""查證結果"": ""非違規"", ""權責單位"": ""新北市"", ""變異類型"": ""其他"", ""變異點編號"": ""AF2611503043""}, ""latitude"": ""25.202641339893700"", ""longitude"": ""121.677136329926000"", ""marker_icon"": ""chg.png"", ""query_city"": ""新北市"", ""query_year"": ""115"", ""raw_desc_html"": ""變異點編號：AF2611503043<br/>權責單位：新北市<br/>查證結果：非違規<br/>變異類型：其他""}",chg.png,79a03a2500c785d3551a31408e9e2ed0babe3707243d676987ce17b62d0587fb
115,新北市,AF2611504011,新北市,非違規,其他,121.677778517489000,25.165836971696100,false,https://landchg.nlma.gov.tw/Module/RWD/Web/pub_exhibit.aspx,2026-05-12T08:46:53+08:00,"{""fields"": {""查證結果"": ""非違規"", ""權責單位"": ""新北市"", ""變異類型"": ""其他"", ""變異點編號"": ""AF2611504011""}, ""latitude"": ""25.165836971696100"", ""longitude"": ""121.677778517489000"", ""marker_icon"": ""chg.png"", ""query_city"": ""新北市"", ""query_year"": ""115"", ""raw_desc_html"": ""變異點編號：AF2611504011<br/>權責單位：新北市<br/>查證結果：非違規<br/>變異類型：其他""}",chg.png,dc4e8b08211ce8d8a31f2894bc1083122945946be49324d03133dbcd7376726e
115,新北市,AF2611504010,新北市,非違規,其他,121.678016244428000,25.166465031361700,false,https://landchg.nlma.gov.tw/Module/RWD/Web/pub_exhibit.aspx,2026-05-12T08:46:53+08:00,"{""fields"": {""查證結果"": ""非違規"", ""權責單位"": ""新北市"", ""變異類型"": ""其他"", ""變異點編號"": ""AF2611504010""}, ""latitude"": ""25.166465031361700"", ""longitude"": ""121.678016244428000"", ""marker_icon"": ""chg.png"", ""query_city"": ""新北市"", ""query_year"": ""115"", ""raw_desc_html"": ""變異點編號：AF2611504010<br/>權責單位：新北市<br/>查證結果：非違規<br/>變異類型：其他""}",chg.png,07db9cb4db6168feda27380c4f1343db81fbbaaa396006539add6f0a1f297272
115,新北市,AF2611504009,新北市,非違規,其他,121.679571209002000,25.172235443077400,false,https://landchg.nlma.gov.tw/Module/RWD/Web/pub_exhibit.aspx,2026-05-12T08:46:53+08:00,"{""fields"": {""查證結果"": ""非違規"", ""權責單位"": ""新北市"", ""變異類型"": ""其他"", ""變異點編號"": ""AF2611504009""}, ""latitude"": ""25.172235443077400"", ""longitude"": ""121.679571209002000"", ""marker_icon"": ""chg.png"", ""query_city"": ""新北市"", ""query_year"": ""115"", ""raw_desc_html"": ""變異點編號：AF2611504009<br/>權責單位：新北市<br/>查證結果：非違規<br/>變異類型：其他""}",chg.png,92db414f1c0bc139ee31e9a5269aaf571158fb3e74cc61a43cbd7d1d5659bbfb
115,新北市,AF2811504012,新北市,非違規,其他,121.683546013086000,25.059898025445500,false,https://landchg.nlma.gov.tw/Module/RWD/Web/pub_exhibit.aspx,2026-05-12T08:46:53+08:00,"{""fields"": {""查證結果"": ""非違規"", ""權責單位"": ""新北市"", ""變異類型"": ""其他"", ""變異點編號"": ""AF2811504012""}, ""latitude"": ""25.059898025445500"", ""longitude"": ""121.683546013086000"", ""marker_icon"": ""chg.png"", ""query_city"": ""新北市"", ""query_year"": ""115"", ""raw_desc_html"": ""變異點編號：AF2811504012<br/>權責單位：新北市<br/>查證結果：非違規<br/>變異類型：其他""}",chg.png,ff4df8aa69ef7de95cc1a6793abd9c5cd9136771b2457ce8ca3e016f3942b394
115,新北市,AF2811501031,新北市,非違規,其他,121.685712201891000,25.064020463769700,false,https://landchg.nlma.gov.tw/Module/RWD/Web/pub_exhibit.aspx,2026-05-12T08:46:53+08:00,"{""fields"": {""查證結果"": ""非違規"", ""權責單位"": ""新北市"", ""變異類型"": ""其他"", ""變異點編號"": ""AF2811501031""}, ""latitude"": ""25.064020463769700"", ""longitude"": ""121.685712201891000"", ""marker_icon"": ""chg.png"", ""query_city"": ""新北市"", ""query_year"": ""115"", ""raw_desc_html"": ""變異點編號：AF2811501031<br/>權責單位：新北市<br/>查證結果：非違規<br/>變異類型：其他""}",chg.png,a91ba49f094a87f78449a5b547232e7bc05789004c0afdfcb012718f998358c6
115,新北市,AF2811501032,新北市,非違規,其他,121.686344946213000,25.071545514876400,false,https://landchg.nlma.gov.tw/Module/RWD/Web/pub_exhibit.aspx,2026-05-12T08:46:53+08:00,"{""fields"": {""查證結果"": ""非違規"", ""權責單位"": ""新北市"", ""變異類型"": ""其他"", ""變異點編號"": ""AF2811501032""}, ""latitude"": ""25.071545514876400"", ""longitude"": ""121.686344946213000"", ""marker_icon"": ""chg.png"", ""query_city"": ""新北市"", ""query_year"": ""115"", ""raw_desc_html"": ""變異點編號：AF2811501032<br/>權責單位：新北市<br/>查證結果：非違規<br/>變異類型：其他""}",chg.png,e2d59198bc368917c7be69070a9761e37496b13476a1ef6605735bc093c63c98
115,新北市,AF2611503046,新北市,非違規,其他,121.686894217474000,25.196536658029000,false,https://landchg.nlma.gov.tw/Module/RWD/Web/pub_exhibit.aspx,2026-05-12T08:46:53+08:00,"{""fields"": {""查證結果"": ""非違規"", ""權責單位"": ""新北市"", ""變異類型"": ""其他"", ""變異點編號"": ""AF2611503046""}, ""latitude"": ""25.196536658029000"", ""longitude"": ""121.686894217474000"", ""marker_icon"": ""chg.png"", ""query_city"": ""新北市"", ""query_year"": ""115"", ""raw_desc_html"": ""變異點編號：AF2611503046<br/>權責單位：新北市<br/>查證結果：非違規<br/>變異類型：其他""}",chg.png,c065724cfe54f9b7cfbce43afef82d3030772a92de1a5df4fb681e82793b613c
115,新北市,AF0811502097,新北市,違規,其他開挖整地,121.688953753701000,24.970162454910300,true,https://landchg.nlma.gov.tw/Module/RWD/Web/pub_exhibit.aspx,2026-05-12T08:46:53+08:00,"{""fields"": {""查證結果"": ""違規"", ""權責單位"": ""新北市"", ""變異類型"": ""其他開挖整地"", ""變異點編號"": ""AF0811502097""}, ""latitude"": ""24.970162454910300"", ""longitude"": ""121.688953753701000"", ""marker_icon"": ""chg_red.png"", ""query_city"": ""新北市"", ""query_year"": ""115"", ""raw_desc_html"": ""變異點編號：AF0811502097<br/>權責單位：新北市<br/>查證結果：違規<br/>變異類型：其他開挖整地""}",chg_red.png,5c68ea92b4c26ec290f68947f8aebcd8a9e669ea6bfad7d5101a833c2fbb10fa
115,新北市,AF2811503062,新北市,非違規,其他,121.689358794750000,25.070784309942600,false,https://landchg.nlma.gov.tw/Module/RWD/Web/pub_exhibit.aspx,2026-05-12T08:46:53+08:00,"{""fields"": {""查證結果"": ""非違規"", ""權責單位"": ""新北市"", ""變異類型"": ""其他"", ""變異點編號"": ""AF2811503062""}, ""latitude"": ""25.070784309942600"", ""longitude"": ""121.689358794750000"", ""marker_icon"": ""chg.png"", ""query_city"": ""新北市"", ""query_year"": ""115"", ""raw_desc_html"": ""變異點編號：AF2811503062<br/>權責單位：新北市<br/>查證結果：非違規<br/>變異類型：其他""}",chg.png,f17932421ca00b92d5c455544a2678f4cf29f68010e3e227f653deb1bf472055
115,新北市,21111503002,臺北水源特定區管理分署,非違規,整地,121.692357872978000,24.957072968734500,false,https://landchg.nlma.gov.tw/Module/RWD/Web/pub_exhibit.aspx,2026-05-12T08:46:53+08:00,"{""fields"": {""查證結果"": ""非違規"", ""權責單位"": ""臺北水源特定區管理分署"", ""變異類型"": ""整地"", ""變異點編號"": ""21111503002""}, ""latitude"": ""24.957072968734500"", ""longitude"": ""121.692357872978000"", ""marker_icon"": ""chg.png"", ""query_city"": ""新北市"", ""query_year"": ""115"", ""raw_desc_html"": ""變異點編號：21111503002<br/>權責單位：臺北水源特定區管理分署<br/>查證結果：非違規<br/>變異類型：整地""}",chg.png,a360ca10a3c98348b5055fbb6cb84c5474fb6c4942209884752b063916d1ff12
115,新北市,21111501003,臺北水源特定區管理分署,非違規,整地,121.696222637819000,24.927243669333000,false,https://landchg.nlma.gov.tw/Module/RWD/Web/pub_exhibit.aspx,2026-05-12T08:46:53+08:00,"{""fields"": {""查證結果"": ""非違規"", ""權責單位"": ""臺北水源特定區管理分署"", ""變異類型"": ""整地"", ""變異點編號"": ""21111501003""}, ""latitude"": ""24.927243669333000"", ""longitude"": ""121.696222637819000"", ""marker_icon"": ""chg.png"", ""query_city"": ""新北市"", ""query_year"": ""115"", ""raw_desc_html"": ""變異點編號：21111501003<br/>權責單位：臺北水源特定區管理分署<br/>查證結果：非違規<br/>變異類型：整地""}",chg.png,fbe3de5fdb3a995234ed36723d4ab0efd2225f153514517ca8994011a7c5be75
115,新北市,AF0811503022,新北市,非違規,一般農業使用(含農地水土保持、農業設施、民眾闢設道路等開發案件),121.698376493922000,25.013924030445700,false,https://landchg.nlma.gov.tw/Module/RWD/Web/pub_exhibit.aspx,2026-05-12T08:46:53+08:00,"{""fields"": {""查證結果"": ""非違規"", ""權責單位"": ""新北市"", ""變異類型"": ""一般農業使用(含農地水土保持、農業設施、民眾闢設道路等開發案件)"", ""變異點編號"": ""AF0811503022""}, ""latitude"": ""25.013924030445700"", ""longitude"": ""121.698376493922000"", ""marker_icon"": ""chg.png"", ""query_city"": ""新北市"", ""query_year"": ""115"", ""raw_desc_html"": ""變異點編號：AF0811503022<br/>權責單位：新北市<br/>查證結果：非違規<br/>變異類型：一般農業使用(含農地水土保持、農業設施、民眾闢設道路等開發案件)""}",chg.png,ebc6829f26c960a1928feb545e84735fb93755e59848a697a9ce94907787699d
115,新北市,21111504002,臺北水源特定區管理分署,非違規,整地,121.699688827154000,24.919841333878300,false,https://landchg.nlma.gov.tw/Module/RWD/Web/pub_exhibit.aspx,2026-05-12T08:46:53+08:00,"{""fields"": {""查證結果"": ""非違規"", ""權責單位"": ""臺北水源特定區管理分署"", ""變異類型"": ""整地"", ""變異點編號"": ""21111504002""}, ""latitude"": ""24.919841333878300"", ""longitude"": ""121.699688827154000"", ""marker_icon"": ""chg.png"", ""query_city"": ""新北市"", ""query_year"": ""115"", ""raw_desc_html"": ""變異點編號：21111504002<br/>權責單位：臺北水源特定區管理分署<br/>查證結果：非違規<br/>變異類型：整地""}",chg.png,bc48cbaba30ef76167392879303595bd8f6b2f8ef48e07a00884d26d47bf1164
115,新北市,21111502005,臺北水源特定區管理分署,非違規,整地,121.703703430586000,24.946354287344800,false,https://landchg.nlma.gov.tw/Module/RWD/Web/pub_exhibit.aspx,2026-05-12T08:46:53+08:00,"{""fields"": {""查證結果"": ""非違規"", ""權責單位"": ""臺北水源特定區管理分署"", ""變異類型"": ""整地"", ""變異點編號"": ""21111502005""}, ""latitude"": ""24.946354287344800"", ""longitude"": ""121.703703430586000"", ""marker_icon"": ""chg.png"", ""query_city"": ""新北市"", ""query_year"": ""115"", ""raw_desc_html"": ""變異點編號：21111502005<br/>權責單位：臺北水源特定區管理分署<br/>查證結果：非違規<br/>變異類型：整地""}",chg.png,70d193fe665f25082cf2d83d550a67cbc99c93a9eca79941a6e8d1af5a074cd4
115,新北市,AF2811502041,新北市,非違規,治山防災工程,121.703948157698000,25.055831415610100,false,https://landchg.nlma.gov.tw/Module/RWD/Web/pub_exhibit.aspx,2026-05-12T08:46:53+08:00,"{""fields"": {""查證結果"": ""非違規"", ""權責單位"": ""新北市"", ""變異類型"": ""治山防災工程"", ""變異點編號"": ""AF2811502041""}, ""latitude"": ""25.055831415610100"", ""longitude"": ""121.703948157698000"", ""marker_icon"": ""chg.png"", ""query_city"": ""新北市"", ""query_year"": ""115"", ""raw_desc_html"": ""變異點編號：AF2811502041<br/>權責單位：新北市<br/>查證結果：非違規<br/>變異類型：治山防災工程""}",chg.png,7661c4843e5f2d989528bd3a65b4514b7d212c3a9b3b62f7f24a0f5d2682981c
115,新北市,211115023001,臺北水源特定區管理分署,違規,整地,121.704116623692000,24.934143811691100,true,https://landchg.nlma.gov.tw/Module/RWD/Web/pub_exhibit.aspx,2026-05-12T08:46:53+08:00,"{""fields"": {""查證結果"": ""違規"", ""權責單位"": ""臺北水源特定區管理分署"", ""變異類型"": ""整地"", ""變異點編號"": ""211115023001""}, ""latitude"": ""24.934143811691100"", ""longitude"": ""121.704116623692000"", ""marker_icon"": ""chg_red.png"", ""query_city"": ""新北市"", ""query_year"": ""115"", ""raw_desc_html"": ""變異點編號：211115023001<br/>權責單位：臺北水源特定區管理分署<br/>查證結果：違規<br/>變異類型：整地""}",chg_red.png,787c1df70cc4f8cc8d375fd9982074c120c60afd7d794cc7148f9b7192ff72b9
115,新北市,AF2811502040,新北市,非違規,治山防災工程,121.704751435334000,25.055382799749500,false,https://landchg.nlma.gov.tw/Module/RWD/Web/pub_exhibit.aspx,2026-05-12T08:46:53+08:00,"{""fields"": {""查證結果"": ""非違規"", ""權責單位"": ""新北市"", ""變異類型"": ""治山防災工程"", ""變異點編號"": ""AF2811502040""}, ""latitude"": ""25.055382799749500"", ""longitude"": ""121.704751435334000"", ""marker_icon"": ""chg.png"", ""query_city"": ""新北市"", ""query_year"": ""115"", ""raw_desc_html"": ""變異點編號：AF2811502040<br/>權責單位：新北市<br/>查證結果：非違規<br/>變異類型：治山防災工程""}",chg.png,0a6626436988e91f8979f1724286dd069ce232f5646f34bbd6bf35405cecfedc
115,新北市,21111502008,臺北水源特定區管理分署,非違規,整地,121.706819792746000,24.908010214253500,false,https://landchg.nlma.gov.tw/Module/RWD/Web/pub_exhibit.aspx,2026-05-12T08:46:53+08:00,"{""fields"": {""查證結果"": ""非違規"", ""權責單位"": ""臺北水源特定區管理分署"", ""變異類型"": ""整地"", ""變異點編號"": ""21111502008""}, ""latitude"": ""24.908010214253500"", ""longitude"": ""121.706819792746000"", ""marker_icon"": ""chg.png"", ""query_city"": ""新北市"", ""query_year"": ""115"", ""raw_desc_html"": ""變異點編號：21111502008<br/>權責單位：臺北水源特定區管理分署<br/>查證結果：非違規<br/>變異類型：整地""}",chg.png,35ae9a68d0dbc0ad712d36ce3a115654739ea074d3a00e8e3dea4cff664b79fb
115,新北市,21111502009,臺北水源特定區管理分署,非違規,整地,121.711130263488000,24.915931382755300,false,https://landchg.nlma.gov.tw/Module/RWD/Web/pub_exhibit.aspx,2026-05-12T08:46:53+08:00,"{""fields"": {""查證結果"": ""非違規"", ""權責單位"": ""臺北水源特定區管理分署"", ""變異類型"": ""整地"", ""變異點編號"": ""21111502009""}, ""latitude"": ""24.915931382755300"", ""longitude"": ""121.711130263488000"", ""marker_icon"": ""chg.png"", ""query_city"": ""新北市"", ""query_year"": ""115"", ""raw_desc_html"": ""變異點編號：21111502009<br/>權責單位：臺北水源特定區管理分署<br/>查證結果：非違規<br/>變異類型：整地""}",chg.png,773aa21c7f5f0e9e843f26bf98df6ce573ebaf3800ee636da51c4c9b6addd489
115,新北市,21111503003,臺北水源特定區管理分署,違規,整地,121.728134258062000,24.966489912828500,true,https://landchg.nlma.gov.tw/Module/RWD/Web/pub_exhibit.aspx,2026-05-12T08:46:53+08:00,"{""fields"": {""查證結果"": ""違規"", ""權責單位"": ""臺北水源特定區管理分署"", ""變異類型"": ""整地"", ""變異點編號"": ""21111503003""}, ""latitude"": ""24.966489912828500"", ""longitude"": ""121.728134258062000"", ""marker_icon"": ""chg_red.png"", ""query_city"": ""新北市"", ""query_year"": ""115"", ""raw_desc_html"": ""變異點編號：21111503003<br/>權責單位：臺北水源特定區管理分署<br/>查證結果：違規<br/>變異類型：整地""}",chg_red.png,5c7865784d8f6108d899ce0e6b211981c9c618cb68c51c907a7e770594740e4f
115,新北市,21111502006,臺北水源特定區管理分署,非違規,整地,121.732195861141000,24.943139533187500,false,https://landchg.nlma.gov.tw/Module/RWD/Web/pub_exhibit.aspx,2026-05-12T08:46:53+08:00,"{""fields"": {""查證結果"": ""非違規"", ""權責單位"": ""臺北水源特定區管理分署"", ""變異類型"": ""整地"", ""變異點編號"": ""21111502006""}, ""latitude"": ""24.943139533187500"", ""longitude"": ""121.732195861141000"", ""marker_icon"": ""chg.png"", ""query_city"": ""新北市"", ""query_year"": ""115"", ""raw_desc_html"": ""變異點編號：21111502006<br/>權責單位：臺北水源特定區管理分署<br/>查證結果：非違規<br/>變異類型：整地""}",chg.png,887ee1338362e0b9bbbbf94742339531c95db35aa4a6d72939e043bf1c55812c
115,新北市,21111502002,臺北水源特定區管理分署,違規,傾倒廢棄物、土,121.739608634155000,24.965941618498100,true,https://landchg.nlma.gov.tw/Module/RWD/Web/pub_exhibit.aspx,2026-05-12T08:46:53+08:00,"{""fields"": {""查證結果"": ""違規"", ""權責單位"": ""臺北水源特定區管理分署"", ""變異類型"": ""傾倒廢棄物、土"", ""變異點編號"": ""21111502002""}, ""latitude"": ""24.965941618498100"", ""longitude"": ""121.739608634155000"", ""marker_icon"": ""chg_red.png"", ""query_city"": ""新北市"", ""query_year"": ""115"", ""raw_desc_html"": ""變異點編號：21111502002<br/>權責單位：臺北水源特定區管理分署<br/>查證結果：違規<br/>變異類型：傾倒廢棄物、土""}",chg_red.png,9525b0cf05aa9e0005a8a8f5c0210639f8d6d7be5353792dd1bf2de83160bb32
115,新北市,AF2211502046,新北市,非違規,一般農業使用(含農地水土保持、農業設施、民眾闢設道路等開發案件),121.743656190272000,25.002144423313600,false,https://landchg.nlma.gov.tw/Module/RWD/Web/pub_exhibit.aspx,2026-05-12T08:46:53+08:00,"{""fields"": {""查證結果"": ""非違規"", ""權責單位"": ""新北市"", ""變異類型"": ""一般農業使用(含農地水土保持、農業設施、民眾闢設道路等開發案件)"", ""變異點編號"": ""AF2211502046""}, ""latitude"": ""25.002144423313600"", ""longitude"": ""121.743656190272000"", ""marker_icon"": ""chg.png"", ""query_city"": ""新北市"", ""query_year"": ""115"", ""raw_desc_html"": ""變異點編號：AF2211502046<br/>權責單位：新北市<br/>查證結果：非違規<br/>變異類型：一般農業使用(含農地水土保持、農業設施、民眾闢設道路等開發案件)""}",chg.png,09d1f2c15be232fa25b532d9d6d6aa87304bf9ee6e5a9a145218fcd040327d7b
115,新北市,AF2211503013,新北市,非違規,一般農業使用(含農地水土保持、農業設施、民眾闢設道路等開發案件),121.745077058840000,24.979124514549900,false,https://landchg.nlma.gov.tw/Module/RWD/Web/pub_exhibit.aspx,2026-05-12T08:46:53+08:00,"{""fields"": {""查證結果"": ""非違規"", ""權責單位"": ""新北市"", ""變異類型"": ""一般農業使用(含農地水土保持、農業設施、民眾闢設道路等開發案件)"", ""變異點編號"": ""AF2211503013""}, ""latitude"": ""24.979124514549900"", ""longitude"": ""121.745077058840000"", ""marker_icon"": ""chg.png"", ""query_city"": ""新北市"", ""query_year"": ""115"", ""raw_desc_html"": ""變異點編號：AF2211503013<br/>權責單位：新北市<br/>查證結果：非違規<br/>變異類型：一般農業使用(含農地水土保持、農業設施、民眾闢設道路等開發案件)""}",chg.png,0af681d25e4b3b7da34cf29273ef9fc851237d10608afa3e01612cb3ac4a69aa
115,新北市,21011501013,第十河川分署,不屬於其管轄範圍,其他,121.749180989039000,25.028199330427900,false,https://landchg.nlma.gov.tw/Module/RWD/Web/pub_exhibit.aspx,2026-05-12T08:46:53+08:00,"{""fields"": {""查證結果"": ""不屬於其管轄範圍"", ""權責單位"": ""第十河川分署"", ""變異類型"": ""其他"", ""變異點編號"": ""21011501013""}, ""latitude"": ""25.028199330427900"", ""longitude"": ""121.749180989039000"", ""marker_icon"": ""chg.png"", ""query_city"": ""新北市"", ""query_year"": ""115"", ""raw_desc_html"": ""變異點編號：21011501013<br/>權責單位：第十河川分署<br/>查證結果：不屬於其管轄範圍<br/>變異類型：其他""}",chg.png,baa6110eda4224629005415c582c279f27936f349d8b28fac117157367f4c18f
115,新北市,AF2211501022,新北市,非違規,其他,121.749180989039000,25.028199330427900,false,https://landchg.nlma.gov.tw/Module/RWD/Web/pub_exhibit.aspx,2026-05-12T08:46:53+08:00,"{""fields"": {""查證結果"": ""非違規"", ""權責單位"": ""新北市"", ""變異類型"": ""其他"", ""變異點編號"": ""AF2211501022""}, ""latitude"": ""25.028199330427900"", ""longitude"": ""121.749180989039000"", ""marker_icon"": ""chg.png"", ""query_city"": ""新北市"", ""query_year"": ""115"", ""raw_desc_html"": ""變異點編號：AF2211501022<br/>權責單位：新北市<br/>查證結果：非違規<br/>變異類型：其他""}",chg.png,25b07169fce6a1a3a2e2f737080490d1739128331ff8333dcdbf60d8e0672d6e
115,新北市,21111502003,臺北水源特定區管理分署,違規,整地,121.755407936120000,24.969366379677200,true,https://landchg.nlma.gov.tw/Module/RWD/Web/pub_exhibit.aspx,2026-05-12T08:46:53+08:00,"{""fields"": {""查證結果"": ""違規"", ""權責單位"": ""臺北水源特定區管理分署"", ""變異類型"": ""整地"", ""變異點編號"": ""21111502003""}, ""latitude"": ""24.969366379677200"", ""longitude"": ""121.755407936120000"", ""marker_icon"": ""chg_red.png"", ""query_city"": ""新北市"", ""query_year"": ""115"", ""raw_desc_html"": ""變異點編號：21111502003<br/>權責單位：臺北水源特定區管理分署<br/>查證結果：違規<br/>變異類型：整地""}",chg_red.png,1b72f8fb999ffa9c3fc68fb37280441547af0d6731fc958e32a6df36ddac34aa
115,新北市,AF2111504013,新北市,違規,其他開挖整地,121.759395220585000,25.103627440770900,true,https://landchg.nlma.gov.tw/Module/RWD/Web/pub_exhibit.aspx,2026-05-12T08:46:53+08:00,"{""fields"": {""查證結果"": ""違規"", ""權責單位"": ""新北市"", ""變異類型"": ""其他開挖整地"", ""變異點編號"": ""AF2111504013""}, ""latitude"": ""25.103627440770900"", ""longitude"": ""121.759395220585000"", ""marker_icon"": ""chg_red.png"", ""query_city"": ""新北市"", ""query_year"": ""115"", ""raw_desc_html"": ""變異點編號：AF2111504013<br/>權責單位：新北市<br/>查證結果：違規<br/>變異類型：其他開挖整地""}",chg_red.png,dfe135bd77644d6dae465f0d9c05d30aedd61fec14ae59b10d34fcea750e0021
115,新北市,AF2111504020,新北市,違規,其他開挖整地,121.762381422019000,25.098296301918800,true,https://landchg.nlma.gov.tw/Module/RWD/Web/pub_exhibit.aspx,2026-05-12T08:46:53+08:00,"{""fields"": {""查證結果"": ""違規"", ""權責單位"": ""新北市"", ""變異類型"": ""其他開挖整地"", ""變異點編號"": ""AF2111504020""}, ""latitude"": ""25.098296301918800"", ""longitude"": ""121.762381422019000"", ""marker_icon"": ""chg_red.png"", ""query_city"": ""新北市"", ""query_year"": ""115"", ""raw_desc_html"": ""變異點編號：AF2111504020<br/>權責單位：新北市<br/>查證結果：違規<br/>變異類型：其他開挖整地""}",chg_red.png,e1b91902a5b59c7dca5e0f4c81c1a454676066c116524c6006afe99af6dbddb2
115,新北市,AF2111503063,新北市,非違規,其他,121.766345042211000,25.103029152673100,false,https://landchg.nlma.gov.tw/Module/RWD/Web/pub_exhibit.aspx,2026-05-12T08:46:53+08:00,"{""fields"": {""查證結果"": ""非違規"", ""權責單位"": ""新北市"", ""變異類型"": ""其他"", ""變異點編號"": ""AF2111503063""}, ""latitude"": ""25.103029152673100"", ""longitude"": ""121.766345042211000"", ""marker_icon"": ""chg.png"", ""query_city"": ""新北市"", ""query_year"": ""115"", ""raw_desc_html"": ""變異點編號：AF2111503063<br/>權責單位：新北市<br/>查證結果：非違規<br/>變異類型：其他""}",chg.png,07028050569a0763eb0d7caf7987bc38375b51ff1c8433924324a344b3de52f0
115,新北市,AF2211502045,新北市,非違規,自然裸露地,121.768017021183000,25.037795801457200,false,https://landchg.nlma.gov.tw/Module/RWD/Web/pub_exhibit.aspx,2026-05-12T08:46:53+08:00,"{""fields"": {""查證結果"": ""非違規"", ""權責單位"": ""新北市"", ""變異類型"": ""自然裸露地"", ""變異點編號"": ""AF2211502045""}, ""latitude"": ""25.037795801457200"", ""longitude"": ""121.768017021183000"", ""marker_icon"": ""chg.png"", ""query_city"": ""新北市"", ""query_year"": ""115"", ""raw_desc_html"": ""變異點編號：AF2211502045<br/>權責單位：新北市<br/>查證結果：非違規<br/>變異類型：自然裸露地""}",chg.png,373afef9b0dfc143f50871af54d57537d762ee926d80a31c66f9345f62304f2a
115,新北市,AF2211503014,新北市,非違規,一般農業使用(含農地水土保持、農業設施、民眾闢設道路等開發案件),121.774160374419000,25.037428635143200,false,https://landchg.nlma.gov.tw/Module/RWD/Web/pub_exhibit.aspx,2026-05-12T08:46:53+08:00,"{""fields"": {""查證結果"": ""非違規"", ""權責單位"": ""新北市"", ""變異類型"": ""一般農業使用(含農地水土保持、農業設施、民眾闢設道路等開發案件)"", ""變異點編號"": ""AF2211503014""}, ""latitude"": ""25.037428635143200"", ""longitude"": ""121.774160374419000"", ""marker_icon"": ""chg.png"", ""query_city"": ""新北市"", ""query_year"": ""115"", ""raw_desc_html"": ""變異點編號：AF2211503014<br/>權責單位：新北市<br/>查證結果：非違規<br/>變異類型：一般農業使用(含農地水土保持、農業設施、民眾闢設道路等開發案件)""}",chg.png,108855c77c330a72bf6bb67e3d971feda722da8d2ebd449afe71f0bf23f7f4b1
115,新北市,210115013016,第十河川分署,不屬於其管轄範圍,其他,121.774175003962000,25.037357004650700,false,https://landchg.nlma.gov.tw/Module/RWD/Web/pub_exhibit.aspx,2026-05-12T08:46:53+08:00,"{""fields"": {""查證結果"": ""不屬於其管轄範圍"", ""權責單位"": ""第十河川分署"", ""變異類型"": ""其他"", ""變異點編號"": ""210115013016""}, ""latitude"": ""25.037357004650700"", ""longitude"": ""121.774175003962000"", ""marker_icon"": ""chg.png"", ""query_city"": ""新北市"", ""query_year"": ""115"", ""raw_desc_html"": ""變異點編號：210115013016<br/>權責單位：第十河川分署<br/>查證結果：不屬於其管轄範圍<br/>變異類型：其他""}",chg.png,0f12bc5d6b9c7915178dc4559bab03396a0b04d44e3c59d9c2ddae3c4f6b26eb
115,新北市,AF2211502044,新北市,非違規,一般農業使用(含農地水土保持、農業設施、民眾闢設道路等開發案件),121.775270465412000,25.051740292197000,false,https://landchg.nlma.gov.tw/Module/RWD/Web/pub_exhibit.aspx,2026-05-12T08:46:53+08:00,"{""fields"": {""查證結果"": ""非違規"", ""權責單位"": ""新北市"", ""變異類型"": ""一般農業使用(含農地水土保持、農業設施、民眾闢設道路等開發案件)"", ""變異點編號"": ""AF2211502044""}, ""latitude"": ""25.051740292197000"", ""longitude"": ""121.775270465412000"", ""marker_icon"": ""chg.png"", ""query_city"": ""新北市"", ""query_year"": ""115"", ""raw_desc_html"": ""變異點編號：AF2211502044<br/>權責單位：新北市<br/>查證結果：非違規<br/>變異類型：一般農業使用(含農地水土保持、農業設施、民眾闢設道路等開發案件)""}",chg.png,2a99bbc146d1ff8b042cabc8179353998be2b488d5620da44af67e5d606047fd
115,新北市,21111502010,臺北水源特定區管理分署,非違規,整地,121.776710478100000,24.940225265867100,false,https://landchg.nlma.gov.tw/Module/RWD/Web/pub_exhibit.aspx,2026-05-12T08:46:53+08:00,"{""fields"": {""查證結果"": ""非違規"", ""權責單位"": ""臺北水源特定區管理分署"", ""變異類型"": ""整地"", ""變異點編號"": ""21111502010""}, ""latitude"": ""24.940225265867100"", ""longitude"": ""121.776710478100000"", ""marker_icon"": ""chg.png"", ""query_city"": ""新北市"", ""query_year"": ""115"", ""raw_desc_html"": ""變異點編號：21111502010<br/>權責單位：臺北水源特定區管理分署<br/>查證結果：非違規<br/>變異類型：整地""}",chg.png,02e2c3a681e0d5fe616d1940596cc66a99ded919ba4ebeba7f8e57183ac75acb
115,新北市,21011502011,第十河川分署,非違規,其他,121.780578284586000,25.043152930575300,false,https://landchg.nlma.gov.tw/Module/RWD/Web/pub_exhibit.aspx,2026-05-12T08:46:53+08:00,"{""fields"": {""查證結果"": ""非違規"", ""權責單位"": ""第十河川分署"", ""變異類型"": ""其他"", ""變異點編號"": ""21011502011""}, ""latitude"": ""25.043152930575300"", ""longitude"": ""121.780578284586000"", ""marker_icon"": ""chg.png"", ""query_city"": ""新北市"", ""query_year"": ""115"", ""raw_desc_html"": ""變異點編號：21011502011<br/>權責單位：第十河川分署<br/>查證結果：非違規<br/>變異類型：其他""}",chg.png,7c4761af395349462bde6fb0f9eda68f6573101d25f9890bae722184daee4508
115,新北市,AF2111504021,新北市,違規,設置墳墓,121.783759121498000,25.089917488245900,true,https://landchg.nlma.gov.tw/Module/RWD/Web/pub_exhibit.aspx,2026-05-12T08:46:53+08:00,"{""fields"": {""查證結果"": ""違規"", ""權責單位"": ""新北市"", ""變異類型"": ""設置墳墓"", ""變異點編號"": ""AF2111504021""}, ""latitude"": ""25.089917488245900"", ""longitude"": ""121.783759121498000"", ""marker_icon"": ""chg_red.png"", ""query_city"": ""新北市"", ""query_year"": ""115"", ""raw_desc_html"": ""變異點編號：AF2111504021<br/>權責單位：新北市<br/>查證結果：違規<br/>變異類型：設置墳墓""}",chg_red.png,de3ebb899e371595e0ffa2d72cd60098c3710d0e75db857603fed957dce7d3fa
115,新北市,AF2211503015,新北市,非違規,其他,121.787788923605000,25.044133220764400,false,https://landchg.nlma.gov.tw/Module/RWD/Web/pub_exhibit.aspx,2026-05-12T08:46:53+08:00,"{""fields"": {""查證結果"": ""非違規"", ""權責單位"": ""新北市"", ""變異類型"": ""其他"", ""變異點編號"": ""AF2211503015""}, ""latitude"": ""25.044133220764400"", ""longitude"": ""121.787788923605000"", ""marker_icon"": ""chg.png"", ""query_city"": ""新北市"", ""query_year"": ""115"", ""raw_desc_html"": ""變異點編號：AF2211503015<br/>權責單位：新北市<br/>查證結果：非違規<br/>變異類型：其他""}",chg.png,ceba090424f4e0ff702de696a74350817b54558b43256d401781ea104ca9b7a0
115,新北市,AF2311502072,新北市,非違規,治山防災工程,121.788613968052000,25.019553863671700,false,https://landchg.nlma.gov.tw/Module/RWD/Web/pub_exhibit.aspx,2026-05-12T08:46:53+08:00,"{""fields"": {""查證結果"": ""非違規"", ""權責單位"": ""新北市"", ""變異類型"": ""治山防災工程"", ""變異點編號"": ""AF2311502072""}, ""latitude"": ""25.019553863671700"", ""longitude"": ""121.788613968052000"", ""marker_icon"": ""chg.png"", ""query_city"": ""新北市"", ""query_year"": ""115"", ""raw_desc_html"": ""變異點編號：AF2311502072<br/>權責單位：新北市<br/>查證結果：非違規<br/>變異類型：治山防災工程""}",chg.png,4368b3443f3df773bdb96ccbc36a68e414d5e3d719165d0e87f755f4e81c4cd7
115,新北市,AF2211503067,新北市,非違規,治山防災工程,121.790070591454000,25.067711091877200,false,https://landchg.nlma.gov.tw/Module/RWD/Web/pub_exhibit.aspx,2026-05-12T08:46:53+08:00,"{""fields"": {""查證結果"": ""非違規"", ""權責單位"": ""新北市"", ""變異類型"": ""治山防災工程"", ""變異點編號"": ""AF2211503067""}, ""latitude"": ""25.067711091877200"", ""longitude"": ""121.790070591454000"", ""marker_icon"": ""chg.png"", ""query_city"": ""新北市"", ""query_year"": ""115"", ""raw_desc_html"": ""變異點編號：AF2211503067<br/>權責單位：新北市<br/>查證結果：非違規<br/>變異類型：治山防災工程""}",chg.png,f4b547a03894d98b9ca1d959654d88b9062cfd63c23dd1f890c341ab63d1a3ae
115,新北市,AF2311502073,新北市,非違規,治山防災工程,121.790141276344000,25.017721979790600,false,https://landchg.nlma.gov.tw/Module/RWD/Web/pub_exhibit.aspx,2026-05-12T08:46:53+08:00,"{""fields"": {""查證結果"": ""非違規"", ""權責單位"": ""新北市"", ""變異類型"": ""治山防災工程"", ""變異點編號"": ""AF2311502073""}, ""latitude"": ""25.017721979790600"", ""longitude"": ""121.790141276344000"", ""marker_icon"": ""chg.png"", ""query_city"": ""新北市"", ""query_year"": ""115"", ""raw_desc_html"": ""變異點編號：AF2311502073<br/>權責單位：新北市<br/>查證結果：非違規<br/>變異類型：治山防災工程""}",chg.png,8ae894633dc17b087a3a7d5260a7cfb75fcd89768d4cb9301067b6fca809b565
115,新北市,AF2111504016,新北市,非違規,其他,121.790513483235000,25.105563380974500,false,https://landchg.nlma.gov.tw/Module/RWD/Web/pub_exhibit.aspx,2026-05-12T08:46:53+08:00,"{""fields"": {""查證結果"": ""非違規"", ""權責單位"": ""新北市"", ""變異類型"": ""其他"", ""變異點編號"": ""AF2111504016""}, ""latitude"": ""25.105563380974500"", ""longitude"": ""121.790513483235000"", ""marker_icon"": ""chg.png"", ""query_city"": ""新北市"", ""query_year"": ""115"", ""raw_desc_html"": ""變異點編號：AF2111504016<br/>權責單位：新北市<br/>查證結果：非違規<br/>變異類型：其他""}",chg.png,d43d72e3f6bc32d79c6eaa45cf0df1a9804a74cd0fa591605fa5b36e42265f08
115,新北市,AF2111504015,新北市,非違規,其他,121.796428908294000,25.103342531480000,false,https://landchg.nlma.gov.tw/Module/RWD/Web/pub_exhibit.aspx,2026-05-12T08:46:53+08:00,"{""fields"": {""查證結果"": ""非違規"", ""權責單位"": ""新北市"", ""變異類型"": ""其他"", ""變異點編號"": ""AF2111504015""}, ""latitude"": ""25.103342531480000"", ""longitude"": ""121.796428908294000"", ""marker_icon"": ""chg.png"", ""query_city"": ""新北市"", ""query_year"": ""115"", ""raw_desc_html"": ""變異點編號：AF2111504015<br/>權責單位：新北市<br/>查證結果：非違規<br/>變異類型：其他""}",chg.png,a4968f5390f1caf901ca9d4c412f4380176184d55028b22b8e277bd2639f0e22
115,新北市,AF2111503064,新北市,非違規,其他,121.799637042745000,25.088991606193700,false,https://landchg.nlma.gov.tw/Module/RWD/Web/pub_exhibit.aspx,2026-05-12T08:46:53+08:00,"{""fields"": {""查證結果"": ""非違規"", ""權責單位"": ""新北市"", ""變異類型"": ""其他"", ""變異點編號"": ""AF2111503064""}, ""latitude"": ""25.088991606193700"", ""longitude"": ""121.799637042745000"", ""marker_icon"": ""chg.png"", ""query_city"": ""新北市"", ""query_year"": ""115"", ""raw_desc_html"": ""變異點編號：AF2111503064<br/>權責單位：新北市<br/>查證結果：非違規<br/>變異類型：其他""}",chg.png,ddd10b719e64ba140fefdafd45fb4f16c7736e87fef2971a9159b5ed21122dac
115,新北市,AF2111504022,新北市,非違規,其他,121.801145809856000,25.073860840645500,false,https://landchg.nlma.gov.tw/Module/RWD/Web/pub_exhibit.aspx,2026-05-12T08:46:53+08:00,"{""fields"": {""查證結果"": ""非違規"", ""權責單位"": ""新北市"", ""變異類型"": ""其他"", ""變異點編號"": ""AF2111504022""}, ""latitude"": ""25.073860840645500"", ""longitude"": ""121.801145809856000"", ""marker_icon"": ""chg.png"", ""query_city"": ""新北市"", ""query_year"": ""115"", ""raw_desc_html"": ""變異點編號：AF2111504022<br/>權責單位：新北市<br/>查證結果：非違規<br/>變異類型：其他""}",chg.png,e1ce1b24764b23a090adead14395e0765699690e6febf943eb610c55d8c5d0dd
115,新北市,AF2111503065,新北市,非違規,其他,121.801298239649000,25.076123557737500,false,https://landchg.nlma.gov.tw/Module/RWD/Web/pub_exhibit.aspx,2026-05-12T08:46:53+08:00,"{""fields"": {""查證結果"": ""非違規"", ""權責單位"": ""新北市"", ""變異類型"": ""其他"", ""變異點編號"": ""AF2111503065""}, ""latitude"": ""25.076123557737500"", ""longitude"": ""121.801298239649000"", ""marker_icon"": ""chg.png"", ""query_city"": ""新北市"", ""query_year"": ""115"", ""raw_desc_html"": ""變異點編號：AF2111503065<br/>權責單位：新北市<br/>查證結果：非違規<br/>變異類型：其他""}",chg.png,b59ae07bb7499ae70dcbdbbd53fe0983956fa88662d097fa54e1b74b92b3998f
115,新北市,AF2111504017,新北市,非違規,其他,121.801374132988000,25.110212878413100,false,https://landchg.nlma.gov.tw/Module/RWD/Web/pub_exhibit.aspx,2026-05-12T08:46:53+08:00,"{""fields"": {""查證結果"": ""非違規"", ""權責單位"": ""新北市"", ""變異類型"": ""其他"", ""變異點編號"": ""AF2111504017""}, ""latitude"": ""25.110212878413100"", ""longitude"": ""121.801374132988000"", ""marker_icon"": ""chg.png"", ""query_city"": ""新北市"", ""query_year"": ""115"", ""raw_desc_html"": ""變異點編號：AF2111504017<br/>權責單位：新北市<br/>查證結果：非違規<br/>變異類型：其他""}",chg.png,7418e69b765ec12a22b0e375b18b7c795a4af9e12948f68b3a9b6e9b78ae60ef
115,新北市,AF2111504014,新北市,違規,其他開挖整地,121.801404401500000,25.118855975606600,true,https://landchg.nlma.gov.tw/Module/RWD/Web/pub_exhibit.aspx,2026-05-12T08:46:53+08:00,"{""fields"": {""查證結果"": ""違規"", ""權責單位"": ""新北市"", ""變異類型"": ""其他開挖整地"", ""變異點編號"": ""AF2111504014""}, ""latitude"": ""25.118855975606600"", ""longitude"": ""121.801404401500000"", ""marker_icon"": ""chg_red.png"", ""query_city"": ""新北市"", ""query_year"": ""115"", ""raw_desc_html"": ""變異點編號：AF2111504014<br/>權責單位：新北市<br/>查證結果：違規<br/>變異類型：其他開挖整地""}",chg_red.png,5a01b704fd9b5657d2996071289077be71073e55f40749a6a2ea3c5675555332
115,新北市,AF2311502074,新北市,非違規,一般農業使用(含農地水土保持、農業設施、民眾闢設道路等開發案件),121.811557067612000,25.011971637398900,false,https://landchg.nlma.gov.tw/Module/RWD/Web/pub_exhibit.aspx,2026-05-12T08:46:53+08:00,"{""fields"": {""查證結果"": ""非違規"", ""權責單位"": ""新北市"", ""變異類型"": ""一般農業使用(含農地水土保持、農業設施、民眾闢設道路等開發案件)"", ""變異點編號"": ""AF2311502074""}, ""latitude"": ""25.011971637398900"", ""longitude"": ""121.811557067612000"", ""marker_icon"": ""chg.png"", ""query_city"": ""新北市"", ""query_year"": ""115"", ""raw_desc_html"": ""變異點編號：AF2311502074<br/>權責單位：新北市<br/>查證結果：非違規<br/>變異類型：一般農業使用(含農地水土保持、農業設施、民眾闢設道路等開發案件)""}",chg.png,3dd42abacb18d91f643a0c87830a7ff76f6eb6b8bd036cd03e365e6745e7375a
115,新北市,AF2311504045,新北市,違規,違規農業使用,121.812497332128000,25.011310897842800,true,https://landchg.nlma.gov.tw/Module/RWD/Web/pub_exhibit.aspx,2026-05-12T08:46:53+08:00,"{""fields"": {""查證結果"": ""違規"", ""權責單位"": ""新北市"", ""變異類型"": ""違規農業使用"", ""變異點編號"": ""AF2311504045""}, ""latitude"": ""25.011310897842800"", ""longitude"": ""121.812497332128000"", ""marker_icon"": ""chg_red.png"", ""query_city"": ""新北市"", ""query_year"": ""115"", ""raw_desc_html"": ""變異點編號：AF2311504045<br/>權責單位：新北市<br/>查證結果：違規<br/>變異類型：違規農業使用""}",chg_red.png,eb952b86687f49b2aac9e7ee3dfcf5cd08b575b60b724bfc6a35abd11f631ba0
115,新北市,AF2311502059,新北市,非違規,一般農業使用(含農地水土保持、農業設施、民眾闢設道路等開發案件),121.814626604978000,24.993076766618000,false,https://landchg.nlma.gov.tw/Module/RWD/Web/pub_exhibit.aspx,2026-05-12T08:46:53+08:00,"{""fields"": {""查證結果"": ""非違規"", ""權責單位"": ""新北市"", ""變異類型"": ""一般農業使用(含農地水土保持、農業設施、民眾闢設道路等開發案件)"", ""變異點編號"": ""AF2311502059""}, ""latitude"": ""24.993076766618000"", ""longitude"": ""121.814626604978000"", ""marker_icon"": ""chg.png"", ""query_city"": ""新北市"", ""query_year"": ""115"", ""raw_desc_html"": ""變異點編號：AF2311502059<br/>權責單位：新北市<br/>查證結果：非違規<br/>變異類型：一般農業使用(含農地水土保持、農業設施、民眾闢設道路等開發案件)""}",chg.png,077e6161990ea66592ee7de01e3ba5a84857c719de00dea1251f8d8fd2a49998
115,新北市,AF2311501027,新北市,違規,違規農業使用,121.816545329862000,24.993923923206000,true,https://landchg.nlma.gov.tw/Module/RWD/Web/pub_exhibit.aspx,2026-05-12T08:46:53+08:00,"{""fields"": {""查證結果"": ""違規"", ""權責單位"": ""新北市"", ""變異類型"": ""違規農業使用"", ""變異點編號"": ""AF2311501027""}, ""latitude"": ""24.993923923206000"", ""longitude"": ""121.816545329862000"", ""marker_icon"": ""chg_red.png"", ""query_city"": ""新北市"", ""query_year"": ""115"", ""raw_desc_html"": ""變異點編號：AF2311501027<br/>權責單位：新北市<br/>查證結果：違規<br/>變異類型：違規農業使用""}",chg_red.png,014178d659ead80abdd540b7e7baf0d18383e23639159ea625bdba9e2dccc831
115,新北市,AF2311502060,新北市,非違規,一般農業使用(含農地水土保持、農業設施、民眾闢設道路等開發案件),121.816629816234000,24.994435671177000,false,https://landchg.nlma.gov.tw/Module/RWD/Web/pub_exhibit.aspx,2026-05-12T08:46:53+08:00,"{""fields"": {""查證結果"": ""非違規"", ""權責單位"": ""新北市"", ""變異類型"": ""一般農業使用(含農地水土保持、農業設施、民眾闢設道路等開發案件)"", ""變異點編號"": ""AF2311502060""}, ""latitude"": ""24.994435671177000"", ""longitude"": ""121.816629816234000"", ""marker_icon"": ""chg.png"", ""query_city"": ""新北市"", ""query_year"": ""115"", ""raw_desc_html"": ""變異點編號：AF2311502060<br/>權責單位：新北市<br/>查證結果：非違規<br/>變異類型：一般農業使用(含農地水土保持、農業設施、民眾闢設道路等開發案件)""}",chg.png,d586ac4def33632f26b2687f7cd4d5aeb787ede42698250f1d51fa087eb1d615
115,新北市,AF2311502062,新北市,非違規,一般農業使用(含農地水土保持、農業設施、民眾闢設道路等開發案件),121.817763025287000,25.034181030858200,false,https://landchg.nlma.gov.tw/Module/RWD/Web/pub_exhibit.aspx,2026-05-12T08:46:53+08:00,"{""fields"": {""查證結果"": ""非違規"", ""權責單位"": ""新北市"", ""變異類型"": ""一般農業使用(含農地水土保持、農業設施、民眾闢設道路等開發案件)"", ""變異點編號"": ""AF2311502062""}, ""latitude"": ""25.034181030858200"", ""longitude"": ""121.817763025287000"", ""marker_icon"": ""chg.png"", ""query_city"": ""新北市"", ""query_year"": ""115"", ""raw_desc_html"": ""變異點編號：AF2311502062<br/>權責單位：新北市<br/>查證結果：非違規<br/>變異類型：一般農業使用(含農地水土保持、農業設施、民眾闢設道路等開發案件)""}",chg.png,cf6839401e179d8cd75b74d33f91091b26bbcccc78175829c15565a37a4d31d8
115,新北市,AF2111504019,新北市,非違規,其他,121.821846514930000,25.100975355904900,false,https://landchg.nlma.gov.tw/Module/RWD/Web/pub_exhibit.aspx,2026-05-12T08:46:53+08:00,"{""fields"": {""查證結果"": ""非違規"", ""權責單位"": ""新北市"", ""變異類型"": ""其他"", ""變異點編號"": ""AF2111504019""}, ""latitude"": ""25.100975355904900"", ""longitude"": ""121.821846514930000"", ""marker_icon"": ""chg.png"", ""query_city"": ""新北市"", ""query_year"": ""115"", ""raw_desc_html"": ""變異點編號：AF2111504019<br/>權責單位：新北市<br/>查證結果：非違規<br/>變異類型：其他""}",chg.png,e441133353480643a03a4168376b50927e08ed8ac98330f5f98dcc0d9ea1c373
115,新北市,21011503008,第十河川分署,非違規,其他,121.825035136980000,25.079335004778100,false,https://landchg.nlma.gov.tw/Module/RWD/Web/pub_exhibit.aspx,2026-05-12T08:46:53+08:00,"{""fields"": {""查證結果"": ""非違規"", ""權責單位"": ""第十河川分署"", ""變異類型"": ""其他"", ""變異點編號"": ""21011503008""}, ""latitude"": ""25.079335004778100"", ""longitude"": ""121.825035136980000"", ""marker_icon"": ""chg.png"", ""query_city"": ""新北市"", ""query_year"": ""115"", ""raw_desc_html"": ""變異點編號：21011503008<br/>權責單位：第十河川分署<br/>查證結果：非違規<br/>變異類型：其他""}",chg.png,322e2c1ab920e3b3ee73ddb9be126af80d80df5def5c850ded8fdd4d780fb12b
115,新北市,AF2111504018,新北市,非違規,其他,121.825940653777000,25.105354260664000,false,https://landchg.nlma.gov.tw/Module/RWD/Web/pub_exhibit.aspx,2026-05-12T08:46:53+08:00,"{""fields"": {""查證結果"": ""非違規"", ""權責單位"": ""新北市"", ""變異類型"": ""其他"", ""變異點編號"": ""AF2111504018""}, ""latitude"": ""25.105354260664000"", ""longitude"": ""121.825940653777000"", ""marker_icon"": ""chg.png"", ""query_city"": ""新北市"", ""query_year"": ""115"", ""raw_desc_html"": ""變異點編號：AF2111504018<br/>權責單位：新北市<br/>查證結果：非違規<br/>變異類型：其他""}",chg.png,9881162b880685abefdc48b7c5fb5864e35d9573a8e4cd00a8ea7c523c501006
115,新北市,AF2311503021,新北市,非違規,一般農業使用(含農地水土保持、農業設施、民眾闢設道路等開發案件),121.827627726572000,25.038907214564500,false,https://landchg.nlma.gov.tw/Module/RWD/Web/pub_exhibit.aspx,2026-05-12T08:46:53+08:00,"{""fields"": {""查證結果"": ""非違規"", ""權責單位"": ""新北市"", ""變異類型"": ""一般農業使用(含農地水土保持、農業設施、民眾闢設道路等開發案件)"", ""變異點編號"": ""AF2311503021""}, ""latitude"": ""25.038907214564500"", ""longitude"": ""121.827627726572000"", ""marker_icon"": ""chg.png"", ""query_city"": ""新北市"", ""query_year"": ""115"", ""raw_desc_html"": ""變異點編號：AF2311503021<br/>權責單位：新北市<br/>查證結果：非違規<br/>變異類型：一般農業使用(含農地水土保持、農業設施、民眾闢設道路等開發案件)""}",chg.png,a068c01695387333db9577a0b48f6d0e9ec44b9d398d757a1f2cad089952d27e
115,新北市,AF2311502061,新北市,違規,其他開挖整地,121.829260954594000,25.027353038199000,true,https://landchg.nlma.gov.tw/Module/RWD/Web/pub_exhibit.aspx,2026-05-12T08:46:53+08:00,"{""fields"": {""查證結果"": ""違規"", ""權責單位"": ""新北市"", ""變異類型"": ""其他開挖整地"", ""變異點編號"": ""AF2311502061""}, ""latitude"": ""25.027353038199000"", ""longitude"": ""121.829260954594000"", ""marker_icon"": ""chg_red.png"", ""query_city"": ""新北市"", ""query_year"": ""115"", ""raw_desc_html"": ""變異點編號：AF2311502061<br/>權責單位：新北市<br/>查證結果：違規<br/>變異類型：其他開挖整地""}",chg_red.png,225e4bc21fddc46640c5fb55cdc09e7e2ac0a6fe9ad138ef3b8b1368f1742409
115,新北市,AF2111501033,新北市,違規,其他開挖整地,121.842314563489000,25.115553500457600,true,https://landchg.nlma.gov.tw/Module/RWD/Web/pub_exhibit.aspx,2026-05-12T08:46:53+08:00,"{""fields"": {""查證結果"": ""違規"", ""權責單位"": ""新北市"", ""變異類型"": ""其他開挖整地"", ""變異點編號"": ""AF2111501033""}, ""latitude"": ""25.115553500457600"", ""longitude"": ""121.842314563489000"", ""marker_icon"": ""chg_red.png"", ""query_city"": ""新北市"", ""query_year"": ""115"", ""raw_desc_html"": ""變異點編號：AF2111501033<br/>權責單位：新北市<br/>查證結果：違規<br/>變異類型：其他開挖整地""}",chg_red.png,1f84bb0c15751a24dfb595bdd4a8c6e6f7a8b96144dadbf58e502b9252f435a6
115,新北市,AF2311503018,新北市,非違規,一般農業使用(含農地水土保持、農業設施、民眾闢設道路等開發案件),121.842579185065000,25.080469421738900,false,https://landchg.nlma.gov.tw/Module/RWD/Web/pub_exhibit.aspx,2026-05-12T08:46:53+08:00,"{""fields"": {""查證結果"": ""非違規"", ""權責單位"": ""新北市"", ""變異類型"": ""一般農業使用(含農地水土保持、農業設施、民眾闢設道路等開發案件)"", ""變異點編號"": ""AF2311503018""}, ""latitude"": ""25.080469421738900"", ""longitude"": ""121.842579185065000"", ""marker_icon"": ""chg.png"", ""query_city"": ""新北市"", ""query_year"": ""115"", ""raw_desc_html"": ""變異點編號：AF2311503018<br/>權責單位：新北市<br/>查證結果：非違規<br/>變異類型：一般農業使用(含農地水土保持、農業設施、民眾闢設道路等開發案件)""}",chg.png,9b485f7c10498ef1f7545d5f1ff3c3a62185bd730237ecc9438849727c8dcbc1
115,新北市,AF2311504041,新北市,非違規,一般農業使用(含農地水土保持、農業設施、民眾闢設道路等開發案件),121.848689054412000,25.064477229381500,false,https://landchg.nlma.gov.tw/Module/RWD/Web/pub_exhibit.aspx,2026-05-12T08:46:53+08:00,"{""fields"": {""查證結果"": ""非違規"", ""權責單位"": ""新北市"", ""變異類型"": ""一般農業使用(含農地水土保持、農業設施、民眾闢設道路等開發案件)"", ""變異點編號"": ""AF2311504041""}, ""latitude"": ""25.064477229381500"", ""longitude"": ""121.848689054412000"", ""marker_icon"": ""chg.png"", ""query_city"": ""新北市"", ""query_year"": ""115"", ""raw_desc_html"": ""變異點編號：AF2311504041<br/>權責單位：新北市<br/>查證結果：非違規<br/>變異類型：一般農業使用(含農地水土保持、農業設施、民眾闢設道路等開發案件)""}",chg.png,7aeac1b6afbd4594bb386f29e31190d0914a944e31bc1bb2513dc9eb51d14789
115,新北市,AF2311504040,新北市,非違規,一般農業使用(含農地水土保持、農業設施、民眾闢設道路等開發案件),121.854402985095000,25.077970346750700,false,https://landchg.nlma.gov.tw/Module/RWD/Web/pub_exhibit.aspx,2026-05-12T08:46:53+08:00,"{""fields"": {""查證結果"": ""非違規"", ""權責單位"": ""新北市"", ""變異類型"": ""一般農業使用(含農地水土保持、農業設施、民眾闢設道路等開發案件)"", ""變異點編號"": ""AF2311504040""}, ""latitude"": ""25.077970346750700"", ""longitude"": ""121.854402985095000"", ""marker_icon"": ""chg.png"", ""query_city"": ""新北市"", ""query_year"": ""115"", ""raw_desc_html"": ""變異點編號：AF2311504040<br/>權責單位：新北市<br/>查證結果：非違規<br/>變異類型：一般農業使用(含農地水土保持、農業設施、民眾闢設道路等開發案件)""}",chg.png,49f8ca961c21a533f05a6cd1bcf222d52ef2396e2bfe75191a660b2b0e4846f4
115,新北市,AF2311502066,新北市,非違規,一般農業使用(含農地水土保持、農業設施、民眾闢設道路等開發案件),121.858674314446000,25.039115431935500,false,https://landchg.nlma.gov.tw/Module/RWD/Web/pub_exhibit.aspx,2026-05-12T08:46:53+08:00,"{""fields"": {""查證結果"": ""非違規"", ""權責單位"": ""新北市"", ""變異類型"": ""一般農業使用(含農地水土保持、農業設施、民眾闢設道路等開發案件)"", ""變異點編號"": ""AF2311502066""}, ""latitude"": ""25.039115431935500"", ""longitude"": ""121.858674314446000"", ""marker_icon"": ""chg.png"", ""query_city"": ""新北市"", ""query_year"": ""115"", ""raw_desc_html"": ""變異點編號：AF2311502066<br/>權責單位：新北市<br/>查證結果：非違規<br/>變異類型：一般農業使用(含農地水土保持、農業設施、民眾闢設道路等開發案件)""}",chg.png,60e7ae663f707e5af11cb2755cd8d46ae30c88055806580110484686632c146c
115,新北市,AF2311504089,新北市,非違規,其他,121.867321471672000,25.031647898696400,false,https://landchg.nlma.gov.tw/Module/RWD/Web/pub_exhibit.aspx,2026-05-12T08:46:53+08:00,"{""fields"": {""查證結果"": ""非違規"", ""權責單位"": ""新北市"", ""變異類型"": ""其他"", ""變異點編號"": ""AF2311504089""}, ""latitude"": ""25.031647898696400"", ""longitude"": ""121.867321471672000"", ""marker_icon"": ""chg.png"", ""query_city"": ""新北市"", ""query_year"": ""115"", ""raw_desc_html"": ""變異點編號：AF2311504089<br/>權責單位：新北市<br/>查證結果：非違規<br/>變異類型：其他""}",chg.png,f0e8d8f56906c00d9e0ab45bf962beb4428721ca7c97a3f9d8ecda0520d7430e
115,新北市,AF2311502076,新北市,非違規,一般農業使用(含農地水土保持、農業設施、民眾闢設道路等開發案件),121.870265907425000,25.005479796983000,false,https://landchg.nlma.gov.tw/Module/RWD/Web/pub_exhibit.aspx,2026-05-12T08:46:53+08:00,"{""fields"": {""查證結果"": ""非違規"", ""權責單位"": ""新北市"", ""變異類型"": ""一般農業使用(含農地水土保持、農業設施、民眾闢設道路等開發案件)"", ""變異點編號"": ""AF2311502076""}, ""latitude"": ""25.005479796983000"", ""longitude"": ""121.870265907425000"", ""marker_icon"": ""chg.png"", ""query_city"": ""新北市"", ""query_year"": ""115"", ""raw_desc_html"": ""變異點編號：AF2311502076<br/>權責單位：新北市<br/>查證結果：非違規<br/>變異類型：一般農業使用(含農地水土保持、農業設施、民眾闢設道路等開發案件)""}",chg.png,0dd96d866d19bcae7450bbad40afa65126f49107889e3837885edc4e36d7deb0
115,新北市,31111502005,農業部林業保育署宜蘭分署,非違規,其他,121.871069436118000,24.971797920807100,false,https://landchg.nlma.gov.tw/Module/RWD/Web/pub_exhibit.aspx,2026-05-12T08:46:53+08:00,"{""fields"": {""查證結果"": ""非違規"", ""權責單位"": ""農業部林業保育署宜蘭分署"", ""變異類型"": ""其他"", ""變異點編號"": ""31111502005""}, ""latitude"": ""24.971797920807100"", ""longitude"": ""121.871069436118000"", ""marker_icon"": ""chg.png"", ""query_city"": ""新北市"", ""query_year"": ""115"", ""raw_desc_html"": ""變異點編號：31111502005<br/>權責單位：農業部林業保育署宜蘭分署<br/>查證結果：非違規<br/>變異類型：其他""}",chg.png,f8a7bb48f07a711b04369706d3feac52384e0901b892f161dde3a4c5d76f2ef0
115,新北市,AF2311502065,新北市,非違規,其他,121.871247003479000,25.028052301351300,false,https://landchg.nlma.gov.tw/Module/RWD/Web/pub_exhibit.aspx,2026-05-12T08:46:53+08:00,"{""fields"": {""查證結果"": ""非違規"", ""權責單位"": ""新北市"", ""變異類型"": ""其他"", ""變異點編號"": ""AF2311502065""}, ""latitude"": ""25.028052301351300"", ""longitude"": ""121.871247003479000"", ""marker_icon"": ""chg.png"", ""query_city"": ""新北市"", ""query_year"": ""115"", ""raw_desc_html"": ""變異點編號：AF2311502065<br/>權責單位：新北市<br/>查證結果：非違規<br/>變異類型：其他""}",chg.png,31df0d2f966e88d97b4ce6b9890d51690f57ef367fa3a2f24ce33e8db6ffe2ee
115,新北市,31111502004,農業部林業保育署宜蘭分署,非違規,其他,121.871422095146000,24.971791334643900,false,https://landchg.nlma.gov.tw/Module/RWD/Web/pub_exhibit.aspx,2026-05-12T08:46:53+08:00,"{""fields"": {""查證結果"": ""非違規"", ""權責單位"": ""農業部林業保育署宜蘭分署"", ""變異類型"": ""其他"", ""變異點編號"": ""31111502004""}, ""latitude"": ""24.971791334643900"", ""longitude"": ""121.871422095146000"", ""marker_icon"": ""chg.png"", ""query_city"": ""新北市"", ""query_year"": ""115"", ""raw_desc_html"": ""變異點編號：31111502004<br/>權責單位：農業部林業保育署宜蘭分署<br/>查證結果：非違規<br/>變異類型：其他""}",chg.png,635e2c52b7c277a58ce4d31ae5e78fdaefa738b0889c5443b560a803f7f5e41c
115,新北市,AF2311502067,新北市,非違規,其他,121.871598647958000,25.027522670346500,false,https://landchg.nlma.gov.tw/Module/RWD/Web/pub_exhibit.aspx,2026-05-12T08:46:53+08:00,"{""fields"": {""查證結果"": ""非違規"", ""權責單位"": ""新北市"", ""變異類型"": ""其他"", ""變異點編號"": ""AF2311502067""}, ""latitude"": ""25.027522670346500"", ""longitude"": ""121.871598647958000"", ""marker_icon"": ""chg.png"", ""query_city"": ""新北市"", ""query_year"": ""115"", ""raw_desc_html"": ""變異點編號：AF2311502067<br/>權責單位：新北市<br/>查證結果：非違規<br/>變異類型：其他""}",chg.png,b467d84c3ee1452c74ef10cbc5ae533cbc713e34ab6b68e2981ba251cabaad7b
115,新北市,AF2311503019,新北市,非違規,一般農業使用(含農地水土保持、農業設施、民眾闢設道路等開發案件),121.873303605411000,25.080043743543100,false,https://landchg.nlma.gov.tw/Module/RWD/Web/pub_exhibit.aspx,2026-05-12T08:46:53+08:00,"{""fields"": {""查證結果"": ""非違規"", ""權責單位"": ""新北市"", ""變異類型"": ""一般農業使用(含農地水土保持、農業設施、民眾闢設道路等開發案件)"", ""變異點編號"": ""AF2311503019""}, ""latitude"": ""25.080043743543100"", ""longitude"": ""121.873303605411000"", ""marker_icon"": ""chg.png"", ""query_city"": ""新北市"", ""query_year"": ""115"", ""raw_desc_html"": ""變異點編號：AF2311503019<br/>權責單位：新北市<br/>查證結果：非違規<br/>變異類型：一般農業使用(含農地水土保持、農業設施、民眾闢設道路等開發案件)""}",chg.png,cd325e9a4d18320bde2d164d47be60fb8b9b552cbe13712eef4bb72f10c1a175
115,新北市,AF2311502075,新北市,非違規,其他,121.875702565495000,25.019997475754000,false,https://landchg.nlma.gov.tw/Module/RWD/Web/pub_exhibit.aspx,2026-05-12T08:46:53+08:00,"{""fields"": {""查證結果"": ""非違規"", ""權責單位"": ""新北市"", ""變異類型"": ""其他"", ""變異點編號"": ""AF2311502075""}, ""latitude"": ""25.019997475754000"", ""longitude"": ""121.875702565495000"", ""marker_icon"": ""chg.png"", ""query_city"": ""新北市"", ""query_year"": ""115"", ""raw_desc_html"": ""變異點編號：AF2311502075<br/>權責單位：新北市<br/>查證結果：非違規<br/>變異類型：其他""}",chg.png,74849c5dc3bc9e2c61117bbe9320e4f060d07562cf55efb0d226376119c9d03d
115,新北市,AF2311502064,新北市,非違規,一般農業使用(含農地水土保持、農業設施、民眾闢設道路等開發案件),121.876035961774000,25.031653083221600,false,https://landchg.nlma.gov.tw/Module/RWD/Web/pub_exhibit.aspx,2026-05-12T08:46:53+08:00,"{""fields"": {""查證結果"": ""非違規"", ""權責單位"": ""新北市"", ""變異類型"": ""一般農業使用(含農地水土保持、農業設施、民眾闢設道路等開發案件)"", ""變異點編號"": ""AF2311502064""}, ""latitude"": ""25.031653083221600"", ""longitude"": ""121.876035961774000"", ""marker_icon"": ""chg.png"", ""query_city"": ""新北市"", ""query_year"": ""115"", ""raw_desc_html"": ""變異點編號：AF2311502064<br/>權責單位：新北市<br/>查證結果：非違規<br/>變異類型：一般農業使用(含農地水土保持、農業設施、民眾闢設道路等開發案件)""}",chg.png,558f6d69638cbd66a955aee78f5b9535bd9c42ad7c302453e40a78541607ec32
115,新北市,AF2311502063,新北市,非違規,一般農業使用(含農地水土保持、農業設施、民眾闢設道路等開發案件),121.876119990862000,25.032210716296500,false,https://landchg.nlma.gov.tw/Module/RWD/Web/pub_exhibit.aspx,2026-05-12T08:46:53+08:00,"{""fields"": {""查證結果"": ""非違規"", ""權責單位"": ""新北市"", ""變異類型"": ""一般農業使用(含農地水土保持、農業設施、民眾闢設道路等開發案件)"", ""變異點編號"": ""AF2311502063""}, ""latitude"": ""25.032210716296500"", ""longitude"": ""121.876119990862000"", ""marker_icon"": ""chg.png"", ""query_city"": ""新北市"", ""query_year"": ""115"", ""raw_desc_html"": ""變異點編號：AF2311502063<br/>權責單位：新北市<br/>查證結果：非違規<br/>變異類型：一般農業使用(含農地水土保持、農業設施、民眾闢設道路等開發案件)""}",chg.png,ed939127051cdb798df358ec7e2de53ac2e8d395e6394433452b62dc741226c5
115,新北市,AF2311504044,新北市,非違規,一般農業使用(含農地水土保持、農業設施、民眾闢設道路等開發案件),121.876410213217000,25.057772640332100,false,https://landchg.nlma.gov.tw/Module/RWD/Web/pub_exhibit.aspx,2026-05-12T08:46:53+08:00,"{""fields"": {""查證結果"": ""非違規"", ""權責單位"": ""新北市"", ""變異類型"": ""一般農業使用(含農地水土保持、農業設施、民眾闢設道路等開發案件)"", ""變異點編號"": ""AF2311504044""}, ""latitude"": ""25.057772640332100"", ""longitude"": ""121.876410213217000"", ""marker_icon"": ""chg.png"", ""query_city"": ""新北市"", ""query_year"": ""115"", ""raw_desc_html"": ""變異點編號：AF2311504044<br/>權責單位：新北市<br/>查證結果：非違規<br/>變異類型：一般農業使用(含農地水土保持、農業設施、民眾闢設道路等開發案件)""}",chg.png,59e6c9e12fbf420cf841afaf9264930a65bc527ad0f765381a3546c01e96cd0a
115,新北市,AF2311504042,新北市,非違規,一般農業使用(含農地水土保持、農業設施、民眾闢設道路等開發案件),121.876656013838000,25.071674968921500,false,https://landchg.nlma.gov.tw/Module/RWD/Web/pub_exhibit.aspx,2026-05-12T08:46:53+08:00,"{""fields"": {""查證結果"": ""非違規"", ""權責單位"": ""新北市"", ""變異類型"": ""一般農業使用(含農地水土保持、農業設施、民眾闢設道路等開發案件)"", ""變異點編號"": ""AF2311504042""}, ""latitude"": ""25.071674968921500"", ""longitude"": ""121.876656013838000"", ""marker_icon"": ""chg.png"", ""query_city"": ""新北市"", ""query_year"": ""115"", ""raw_desc_html"": ""變異點編號：AF2311504042<br/>權責單位：新北市<br/>查證結果：非違規<br/>變異類型：一般農業使用(含農地水土保持、農業設施、民眾闢設道路等開發案件)""}",chg.png,c521e293c6cfb1c2d37e800c4b73b7602fc27034312a1be78c7f83e0d30efdd7
115,新北市,AF2311504043,新北市,違規,違規農業使用,121.878751996771000,25.066266687949600,true,https://landchg.nlma.gov.tw/Module/RWD/Web/pub_exhibit.aspx,2026-05-12T08:46:53+08:00,"{""fields"": {""查證結果"": ""違規"", ""權責單位"": ""新北市"", ""變異類型"": ""違規農業使用"", ""變異點編號"": ""AF2311504043""}, ""latitude"": ""25.066266687949600"", ""longitude"": ""121.878751996771000"", ""marker_icon"": ""chg_red.png"", ""query_city"": ""新北市"", ""query_year"": ""115"", ""raw_desc_html"": ""變異點編號：AF2311504043<br/>權責單位：新北市<br/>查證結果：違規<br/>變異類型：違規農業使用""}",chg_red.png,4079efc8f6cc4f614c9c8c7e4f2b796205f7fc1685070bf04f5fd17fcfdc84fa
115,新北市,AF2311503020,新北市,非違規,一般農業使用(含農地水土保持、農業設施、民眾闢設道路等開發案件),121.882917981591000,25.069230828438800,false,https://landchg.nlma.gov.tw/Module/RWD/Web/pub_exhibit.aspx,2026-05-12T08:46:53+08:00,"{""fields"": {""查證結果"": ""非違規"", ""權責單位"": ""新北市"", ""變異類型"": ""一般農業使用(含農地水土保持、農業設施、民眾闢設道路等開發案件)"", ""變異點編號"": ""AF2311503020""}, ""latitude"": ""25.069230828438800"", ""longitude"": ""121.882917981591000"", ""marker_icon"": ""chg.png"", ""query_city"": ""新北市"", ""query_year"": ""115"", ""raw_desc_html"": ""變異點編號：AF2311503020<br/>權責單位：新北市<br/>查證結果：非違規<br/>變異類型：一般農業使用(含農地水土保持、農業設施、民眾闢設道路等開發案件)""}",chg.png,49ac9cf55a5e05bc5f17e97903bcdea812a91cc233663998c6bb6539657df7cf
115,新北市,AF2311502070,新北市,非違規,其他,121.885321848445000,25.024582433376300,false,https://landchg.nlma.gov.tw/Module/RWD/Web/pub_exhibit.aspx,2026-05-12T08:46:53+08:00,"{""fields"": {""查證結果"": ""非違規"", ""權責單位"": ""新北市"", ""變異類型"": ""其他"", ""變異點編號"": ""AF2311502070""}, ""latitude"": ""25.024582433376300"", ""longitude"": ""121.885321848445000"", ""marker_icon"": ""chg.png"", ""query_city"": ""新北市"", ""query_year"": ""115"", ""raw_desc_html"": ""變異點編號：AF2311502070<br/>權責單位：新北市<br/>查證結果：非違規<br/>變異類型：其他""}",chg.png,02d20723291abae9f3143bd596d476a336e5b2bb3115adf8058d5b44c9083023
115,新北市,AF2311502068,新北市,非違規,其他,121.886452453340000,25.023916590642400,false,https://landchg.nlma.gov.tw/Module/RWD/Web/pub_exhibit.aspx,2026-05-12T08:46:53+08:00,"{""fields"": {""查證結果"": ""非違規"", ""權責單位"": ""新北市"", ""變異類型"": ""其他"", ""變異點編號"": ""AF2311502068""}, ""latitude"": ""25.023916590642400"", ""longitude"": ""121.886452453340000"", ""marker_icon"": ""chg.png"", ""query_city"": ""新北市"", ""query_year"": ""115"", ""raw_desc_html"": ""變異點編號：AF2311502068<br/>權責單位：新北市<br/>查證結果：非違規<br/>變異類型：其他""}",chg.png,354e6c12cc9ad443e313c2e6b6dcc133bfaa22e876d556ae3580975471c740f9
115,新北市,AF2411502053,新北市,非違規,非農業核准開發案件,121.887717679000000,25.008662700946800,false,https://landchg.nlma.gov.tw/Module/RWD/Web/pub_exhibit.aspx,2026-05-12T08:46:53+08:00,"{""fields"": {""查證結果"": ""非違規"", ""權責單位"": ""新北市"", ""變異類型"": ""非農業核准開發案件"", ""變異點編號"": ""AF2411502053""}, ""latitude"": ""25.008662700946800"", ""longitude"": ""121.887717679000000"", ""marker_icon"": ""chg.png"", ""query_city"": ""新北市"", ""query_year"": ""115"", ""raw_desc_html"": ""變異點編號：AF2411502053<br/>權責單位：新北市<br/>查證結果：非違規<br/>變異類型：非農業核准開發案件""}",chg.png,f92c0a462b7562c432e47681335487d9e4ca3051851a5a58525a144a631b125a
115,新北市,AF2311504088,新北市,非違規,一般農業使用(含農地水土保持、農業設施、民眾闢設道路等開發案件),121.888037226922000,25.057148997158200,false,https://landchg.nlma.gov.tw/Module/RWD/Web/pub_exhibit.aspx,2026-05-12T08:46:53+08:00,"{""fields"": {""查證結果"": ""非違規"", ""權責單位"": ""新北市"", ""變異類型"": ""一般農業使用(含農地水土保持、農業設施、民眾闢設道路等開發案件)"", ""變異點編號"": ""AF2311504088""}, ""latitude"": ""25.057148997158200"", ""longitude"": ""121.888037226922000"", ""marker_icon"": ""chg.png"", ""query_city"": ""新北市"", ""query_year"": ""115"", ""raw_desc_html"": ""變異點編號：AF2311504088<br/>權責單位：新北市<br/>查證結果：非違規<br/>變異類型：一般農業使用(含農地水土保持、農業設施、民眾闢設道路等開發案件)""}",chg.png,101985c2d339a63c7a502b96f5942d252149f52cc534245da8daa329ea2b039c
115,新北市,AF2311502069,新北市,非違規,其他,121.888097301003000,25.023833351091200,false,https://landchg.nlma.gov.tw/Module/RWD/Web/pub_exhibit.aspx,2026-05-12T08:46:53+08:00,"{""fields"": {""查證結果"": ""非違規"", ""權責單位"": ""新北市"", ""變異類型"": ""其他"", ""變異點編號"": ""AF2311502069""}, ""latitude"": ""25.023833351091200"", ""longitude"": ""121.888097301003000"", ""marker_icon"": ""chg.png"", ""query_city"": ""新北市"", ""query_year"": ""115"", ""raw_desc_html"": ""變異點編號：AF2311502069<br/>權責單位：新北市<br/>查證結果：非違規<br/>變異類型：其他""}",chg.png,22d3be107460f8ee188740b417d73c0a3a2eba50fe7c319663f265bf83ae53b5
115,新北市,AF2411503017,新北市,非違規,一般農業使用(含農地水土保持、農業設施、民眾闢設道路等開發案件),121.890503488323000,25.020447367900600,false,https://landchg.nlma.gov.tw/Module/RWD/Web/pub_exhibit.aspx,2026-05-12T08:46:53+08:00,"{""fields"": {""查證結果"": ""非違規"", ""權責單位"": ""新北市"", ""變異類型"": ""一般農業使用(含農地水土保持、農業設施、民眾闢設道路等開發案件)"", ""變異點編號"": ""AF2411503017""}, ""latitude"": ""25.020447367900600"", ""longitude"": ""121.890503488323000"", ""marker_icon"": ""chg.png"", ""query_city"": ""新北市"", ""query_year"": ""115"", ""raw_desc_html"": ""變異點編號：AF2411503017<br/>權責單位：新北市<br/>查證結果：非違規<br/>變異類型：一般農業使用(含農地水土保持、農業設施、民眾闢設道路等開發案件)""}",chg.png,9c5798cee112826ca60c85320caa72dccb2f521d410ac45cd1b23b4a00fd5cea
115,新北市,AF2311502071,新北市,非違規,其他,121.892332649755000,25.024834594369500,false,https://landchg.nlma.gov.tw/Module/RWD/Web/pub_exhibit.aspx,2026-05-12T08:46:53+08:00,"{""fields"": {""查證結果"": ""非違規"", ""權責單位"": ""新北市"", ""變異類型"": ""其他"", ""變異點編號"": ""AF2311502071""}, ""latitude"": ""25.024834594369500"", ""longitude"": ""121.892332649755000"", ""marker_icon"": ""chg.png"", ""query_city"": ""新北市"", ""query_year"": ""115"", ""raw_desc_html"": ""變異點編號：AF2311502071<br/>權責單位：新北市<br/>查證結果：非違規<br/>變異類型：其他""}",chg.png,7c14bee8b3816cf15a3d5b3ceacd82fc0e5cb3130bc560b181f9b9ccf575960a
115,新北市,AF2411504081,新北市,非違規,一般農業使用(含農地水土保持、農業設施、民眾闢設道路等開發案件),121.894445532663000,25.051401661684200,false,https://landchg.nlma.gov.tw/Module/RWD/Web/pub_exhibit.aspx,2026-05-12T08:46:53+08:00,"{""fields"": {""查證結果"": ""非違規"", ""權責單位"": ""新北市"", ""變異類型"": ""一般農業使用(含農地水土保持、農業設施、民眾闢設道路等開發案件)"", ""變異點編號"": ""AF2411504081""}, ""latitude"": ""25.051401661684200"", ""longitude"": ""121.894445532663000"", ""marker_icon"": ""chg.png"", ""query_city"": ""新北市"", ""query_year"": ""115"", ""raw_desc_html"": ""變異點編號：AF2411504081<br/>權責單位：新北市<br/>查證結果：非違規<br/>變異類型：一般農業使用(含農地水土保持、農業設施、民眾闢設道路等開發案件)""}",chg.png,c5641bfb07a7c1b5af5c79b8bd15297bbbbd5d7116d2f3c725677f9863c3d921
115,新北市,AF2411504080,新北市,非違規,一般農業使用(含農地水土保持、農業設施、民眾闢設道路等開發案件),121.896368043986000,25.061000787074500,false,https://landchg.nlma.gov.tw/Module/RWD/Web/pub_exhibit.aspx,2026-05-12T08:46:53+08:00,"{""fields"": {""查證結果"": ""非違規"", ""權責單位"": ""新北市"", ""變異類型"": ""一般農業使用(含農地水土保持、農業設施、民眾闢設道路等開發案件)"", ""變異點編號"": ""AF2411504080""}, ""latitude"": ""25.061000787074500"", ""longitude"": ""121.896368043986000"", ""marker_icon"": ""chg.png"", ""query_city"": ""新北市"", ""query_year"": ""115"", ""raw_desc_html"": ""變異點編號：AF2411504080<br/>權責單位：新北市<br/>查證結果：非違規<br/>變異類型：一般農業使用(含農地水土保持、農業設施、民眾闢設道路等開發案件)""}",chg.png,94116bc311f85d03b24bcd27cf75a4ae60cf826394ca7a683f1dda183761b33d
115,新北市,AF2411503016,新北市,非違規,無道路可到達,121.898914120780000,24.983864030139900,false,https://landchg.nlma.gov.tw/Module/RWD/Web/pub_exhibit.aspx,2026-05-12T08:46:53+08:00,"{""fields"": {""查證結果"": ""非違規"", ""權責單位"": ""新北市"", ""變異類型"": ""無道路可到達"", ""變異點編號"": ""AF2411503016""}, ""latitude"": ""24.983864030139900"", ""longitude"": ""121.898914120780000"", ""marker_icon"": ""chg.png"", ""query_city"": ""新北市"", ""query_year"": ""115"", ""raw_desc_html"": ""變異點編號：AF2411503016<br/>權責單位：新北市<br/>查證結果：非違規<br/>變異類型：無道路可到達""}",chg.png,48afdd103c0c129c14b421b5fabe0b7ef26692d57af7506388678cd2815c6b44
115,新北市,AF2411501023,新北市,非違規,一般農業使用(含農地水土保持、農業設施、民眾闢設道路等開發案件),121.901790920369000,25.076479713118900,false,https://landchg.nlma.gov.tw/Module/RWD/Web/pub_exhibit.aspx,2026-05-12T08:46:53+08:00,"{""fields"": {""查證結果"": ""非違規"", ""權責單位"": ""新北市"", ""變異類型"": ""一般農業使用(含農地水土保持、農業設施、民眾闢設道路等開發案件)"", ""變異點編號"": ""AF2411501023""}, ""latitude"": ""25.076479713118900"", ""longitude"": ""121.901790920369000"", ""marker_icon"": ""chg.png"", ""query_city"": ""新北市"", ""query_year"": ""115"", ""raw_desc_html"": ""變異點編號：AF2411501023<br/>權責單位：新北市<br/>查證結果：非違規<br/>變異類型：一般農業使用(含農地水土保持、農業設施、民眾闢設道路等開發案件)""}",chg.png,8ab98dcda76189b41dad83fbb12afce68ef739fb59cfb47ccfcf42afe9694172
115,新北市,AF2411502052,新北市,非違規,一般農業使用(含農地水土保持、農業設施、民眾闢設道路等開發案件),121.904011961014000,25.076821359450700,false,https://landchg.nlma.gov.tw/Module/RWD/Web/pub_exhibit.aspx,2026-05-12T08:46:53+08:00,"{""fields"": {""查證結果"": ""非違規"", ""權責單位"": ""新北市"", ""變異類型"": ""一般農業使用(含農地水土保持、農業設施、民眾闢設道路等開發案件)"", ""變異點編號"": ""AF2411502052""}, ""latitude"": ""25.076821359450700"", ""longitude"": ""121.904011961014000"", ""marker_icon"": ""chg.png"", ""query_city"": ""新北市"", ""query_year"": ""115"", ""raw_desc_html"": ""變異點編號：AF2411502052<br/>權責單位：新北市<br/>查證結果：非違規<br/>變異類型：一般農業使用(含農地水土保持、農業設施、民眾闢設道路等開發案件)""}",chg.png,7db140626c5408b05f0eb8d8e776cea9a7b40fe8dd301bf0238ff2bf17742d19
115,新北市,AF2411501024,新北市,非違規,一般農業使用(含農地水土保持、農業設施、民眾闢設道路等開發案件),121.905956135867000,25.069882627439300,false,https://landchg.nlma.gov.tw/Module/RWD/Web/pub_exhibit.aspx,2026-05-12T08:46:53+08:00,"{""fields"": {""查證結果"": ""非違規"", ""權責單位"": ""新北市"", ""變異類型"": ""一般農業使用(含農地水土保持、農業設施、民眾闢設道路等開發案件)"", ""變異點編號"": ""AF2411501024""}, ""latitude"": ""25.069882627439300"", ""longitude"": ""121.905956135867000"", ""marker_icon"": ""chg.png"", ""query_city"": ""新北市"", ""query_year"": ""115"", ""raw_desc_html"": ""變異點編號：AF2411501024<br/>權責單位：新北市<br/>查證結果：非違規<br/>變異類型：一般農業使用(含農地水土保持、農業設施、民眾闢設道路等開發案件)""}",chg.png,7be791030c507f30c9552cb57245243cb3e5c0f108b6f728883490973c65fbab
115,新北市,AF2411502054,新北市,非違規,非農業核准開發案件,121.920749491843000,25.019211557996400,false,https://landchg.nlma.gov.tw/Module/RWD/Web/pub_exhibit.aspx,2026-05-12T08:46:53+08:00,"{""fields"": {""查證結果"": ""非違規"", ""權責單位"": ""新北市"", ""變異類型"": ""非農業核准開發案件"", ""變異點編號"": ""AF2411502054""}, ""latitude"": ""25.019211557996400"", ""longitude"": ""121.920749491843000"", ""marker_icon"": ""chg.png"", ""query_city"": ""新北市"", ""query_year"": ""115"", ""raw_desc_html"": ""變異點編號：AF2411502054<br/>權責單位：新北市<br/>查證結果：非違規<br/>變異類型：非農業核准開發案件""}",chg.png,4c0164aa54eaadf90680ad37464d198d392bd4794f3f5baa9684717c5d9a88cc
115,新北市,F2411502019,新北市,非違規,整地,121.921011837306000,25.019228275766900,false,https://landchg.nlma.gov.tw/Module/RWD/Web/pub_exhibit.aspx,2026-05-12T08:46:53+08:00,"{""fields"": {""查證結果"": ""非違規"", ""權責單位"": ""新北市"", ""變異類型"": ""整地"", ""變異點編號"": ""F2411502019""}, ""latitude"": ""25.019228275766900"", ""longitude"": ""121.921011837306000"", ""marker_icon"": ""chg.png"", ""query_city"": ""新北市"", ""query_year"": ""115"", ""raw_desc_html"": ""變異點編號：F2411502019<br/>權責單位：新北市<br/>查證結果：非違規<br/>變異類型：整地""}",chg.png,e73cd47b9c2eb2b246e20530e6a47bed47256a4ab8853f2d36ff6d3b76382aef
115,新北市,AF2411501025,新北市,非違規,一般農業使用(含農地水土保持、農業設施、民眾闢設道路等開發案件),121.922125894305000,25.054755045216900,false,https://landchg.nlma.gov.tw/Module/RWD/Web/pub_exhibit.aspx,2026-05-12T08:46:53+08:00,"{""fields"": {""查證結果"": ""非違規"", ""權責單位"": ""新北市"", ""變異類型"": ""一般農業使用(含農地水土保持、農業設施、民眾闢設道路等開發案件)"", ""變異點編號"": ""AF2411501025""}, ""latitude"": ""25.054755045216900"", ""longitude"": ""121.922125894305000"", ""marker_icon"": ""chg.png"", ""query_city"": ""新北市"", ""query_year"": ""115"", ""raw_desc_html"": ""變異點編號：AF2411501025<br/>權責單位：新北市<br/>查證結果：非違規<br/>變異類型：一般農業使用(含農地水土保持、農業設施、民眾闢設道路等開發案件)""}",chg.png,7f5b3d5997f0e1a195e7210c63d2f02441dbf4b281722c8a8b22ed07eec359c6
115,新北市,F2411501009,新北市,違規,其他,121.927681306677000,25.064912792118700,true,https://landchg.nlma.gov.tw/Module/RWD/Web/pub_exhibit.aspx,2026-05-12T08:46:53+08:00,"{""fields"": {""查證結果"": ""違規"", ""權責單位"": ""新北市"", ""變異類型"": ""其他"", ""變異點編號"": ""F2411501009""}, ""latitude"": ""25.064912792118700"", ""longitude"": ""121.927681306677000"", ""marker_icon"": ""chg_red.png"", ""query_city"": ""新北市"", ""query_year"": ""115"", ""raw_desc_html"": ""變異點編號：F2411501009<br/>權責單位：新北市<br/>查證結果：違規<br/>變異類型：其他""}",chg_red.png,5981a6c12f2b760d4798a69d532a16870c698f3a76752f8f77633d34e9e43704
115,新北市,AF2411504039,新北市,非違規,無道路可到達,121.947849315398000,25.005397353827600,false,https://landchg.nlma.gov.tw/Module/RWD/Web/pub_exhibit.aspx,2026-05-12T08:46:53+08:00,"{""fields"": {""查證結果"": ""非違規"", ""權責單位"": ""新北市"", ""變異類型"": ""無道路可到達"", ""變異點編號"": ""AF2411504039""}, ""latitude"": ""25.005397353827600"", ""longitude"": ""121.947849315398000"", ""marker_icon"": ""chg.png"", ""query_city"": ""新北市"", ""query_year"": ""115"", ""raw_desc_html"": ""變異點編號：AF2411504039<br/>權責單位：新北市<br/>查證結果：非違規<br/>變異類型：無道路可到達""}",chg.png,5998ecd68c5bb79700fe1807baefc7fcfd1a6cfa6a3e8681a4ff8f898747b242
115,新北市,AF2411504001,新北市,非違規,治山防災工程,121.997748751103000,25.016597845601500,false,https://landchg.nlma.gov.tw/Module/RWD/Web/pub_exhibit.aspx,2026-05-12T08:46:53+08:00,"{""fields"": {""查證結果"": ""非違規"", ""權責單位"": ""新北市"", ""變異類型"": ""治山防災工程"", ""變異點編號"": ""AF2411504001""}, ""latitude"": ""25.016597845601500"", ""longitude"": ""121.997748751103000"", ""marker_icon"": ""chg.png"", ""query_city"": ""新北市"", ""query_year"": ""115"", ""raw_desc_html"": ""變異點編號：AF2411504001<br/>權責單位：新北市<br/>查證結果：非違規<br/>變異類型：治山防災工程""}",chg.png,f2adbf0b8d73700747b3b6e16688ddccae0167a3a2c2c6737ac4e529c6bc7c53
115,桃園市,H1111501031,桃園市,非違規,整地,120.991829172676000,24.935949061136500,false,https://landchg.nlma.gov.tw/Module/RWD/Web/pub_exhibit.aspx,2026-05-12T08:47:08+08:00,"{""fields"": {""查證結果"": ""非違規"", ""權責單位"": ""桃園市"", ""變異類型"": ""整地"", ""變異點編號"": ""H1111501031""}, ""latitude"": ""24.935949061136500"", ""longitude"": ""120.991829172676000"", ""marker_icon"": ""chg.png"", ""query_city"": ""桃園市"", ""query_year"": ""115"", ""raw_desc_html"": ""變異點編號：H1111501031<br/>權責單位：桃園市<br/>查證結果：非違規<br/>變異類型：整地""}",chg.png,7505f24039ec4fc13ef888e5ee73e98ec09abf9fcf95ffac45f08ff7c9eb852a
115,桃園市,H1111504013,桃園市,非違規,新增建物,121.014809235449000,24.964509324088900,false,https://landchg.nlma.gov.tw/Module/RWD/Web/pub_exhibit.aspx,2026-05-12T08:47:08+08:00,"{""fields"": {""查證結果"": ""非違規"", ""權責單位"": ""桃園市"", ""變異類型"": ""新增建物"", ""變異點編號"": ""H1111504013""}, ""latitude"": ""24.964509324088900"", ""longitude"": ""121.014809235449000"", ""marker_icon"": ""chg.png"", ""query_city"": ""桃園市"", ""query_year"": ""115"", ""raw_desc_html"": ""變異點編號：H1111504013<br/>權責單位：桃園市<br/>查證結果：非違規<br/>變異類型：新增建物""}",chg.png,89ee8b75268b9531774673fd5da6b269078485f7618ca65ebbffab0a6d2939b4
115,桃園市,H1111501040,桃園市,違規,堆置土石方,121.017296344522000,24.968053394688400,true,https://landchg.nlma.gov.tw/Module/RWD/Web/pub_exhibit.aspx,2026-05-12T08:47:08+08:00,"{""fields"": {""查證結果"": ""違規"", ""權責單位"": ""桃園市"", ""變異類型"": ""堆置土石方"", ""變異點編號"": ""H1111501040""}, ""latitude"": ""24.968053394688400"", ""longitude"": ""121.017296344522000"", ""marker_icon"": ""chg_red.png"", ""query_city"": ""桃園市"", ""query_year"": ""115"", ""raw_desc_html"": ""變異點編號：H1111501040<br/>權責單位：桃園市<br/>查證結果：違規<br/>變異類型：堆置土石方""}",chg_red.png,14b5e92ea0c98b64863ed084b41eff2337325c09903ca4e2adba21a7498cc34a
115,桃園市,H1111501032,桃園市,違規,其他,121.017447216952000,24.974178189081600,true,https://landchg.nlma.gov.tw/Module/RWD/Web/pub_exhibit.aspx,2026-05-12T08:47:08+08:00,"{""fields"": {""查證結果"": ""違規"", ""權責單位"": ""桃園市"", ""變異類型"": ""其他"", ""變異點編號"": ""H1111501032""}, ""latitude"": ""24.974178189081600"", ""longitude"": ""121.017447216952000"", ""marker_icon"": ""chg_red.png"", ""query_city"": ""桃園市"", ""query_year"": ""115"", ""raw_desc_html"": ""變異點編號：H1111501032<br/>權責單位：桃園市<br/>查證結果：違規<br/>變異類型：其他""}",chg_red.png,b17149f5ab5ae417227cd2c5c8b83d8d36f88a67ffba886d2796ba96257be447
115,桃園市,H1111504014,桃園市,違規,新增建物,121.019570297429000,24.954508922441300,true,https://landchg.nlma.gov.tw/Module/RWD/Web/pub_exhibit.aspx,2026-05-12T08:47:08+08:00,"{""fields"": {""查證結果"": ""違規"", ""權責單位"": ""桃園市"", ""變異類型"": ""新增建物"", ""變異點編號"": ""H1111504014""}, ""latitude"": ""24.954508922441300"", ""longitude"": ""121.019570297429000"", ""marker_icon"": ""chg_red.png"", ""query_city"": ""桃園市"", ""query_year"": ""115"", ""raw_desc_html"": ""變異點編號：H1111504014<br/>權責單位：桃園市<br/>查證結果：違規<br/>變異類型：新增建物""}",chg_red.png,53495374636cfd96c434dfdee3dc21634e6947ddbc061f5c5a876aba25ec6a25
115,桃園市,H1111504005,桃園市,非違規,其他,121.023646694880000,24.997110403537800,false,https://landchg.nlma.gov.tw/Module/RWD/Web/pub_exhibit.aspx,2026-05-12T08:47:08+08:00,"{""fields"": {""查證結果"": ""非違規"", ""權責單位"": ""桃園市"", ""變異類型"": ""其他"", ""變異點編號"": ""H1111504005""}, ""latitude"": ""24.997110403537800"", ""longitude"": ""121.023646694880000"", ""marker_icon"": ""chg.png"", ""query_city"": ""桃園市"", ""query_year"": ""115"", ""raw_desc_html"": ""變異點編號：H1111504005<br/>權責單位：桃園市<br/>查證結果：非違規<br/>變異類型：其他""}",chg.png,be004309f7020020b8f71fa66823165a076ab6d87c6c3d501323c718537524bc
115,桃園市,H1111504076,桃園市,違規,新增建物,121.025772656946000,25.000303059445100,true,https://landchg.nlma.gov.tw/Module/RWD/Web/pub_exhibit.aspx,2026-05-12T08:47:08+08:00,"{""fields"": {""查證結果"": ""違規"", ""權責單位"": ""桃園市"", ""變異類型"": ""新增建物"", ""變異點編號"": ""H1111504076""}, ""latitude"": ""25.000303059445100"", ""longitude"": ""121.025772656946000"", ""marker_icon"": ""chg_red.png"", ""query_city"": ""桃園市"", ""query_year"": ""115"", ""raw_desc_html"": ""變異點編號：H1111504076<br/>權責單位：桃園市<br/>查證結果：違規<br/>變異類型：新增建物""}",chg_red.png,6744c829b0ac4640e48acdb7023e0fefb36c732528733b836c2e376a8c340740
115,桃園市,H1111504006,桃園市,違規,新增建物,121.027844737769000,24.995523739530600,true,https://landchg.nlma.gov.tw/Module/RWD/Web/pub_exhibit.aspx,2026-05-12T08:47:08+08:00,"{""fields"": {""查證結果"": ""違規"", ""權責單位"": ""桃園市"", ""變異類型"": ""新增建物"", ""變異點編號"": ""H1111504006""}, ""latitude"": ""24.995523739530600"", ""longitude"": ""121.027844737769000"", ""marker_icon"": ""chg_red.png"", ""query_city"": ""桃園市"", ""query_year"": ""115"", ""raw_desc_html"": ""變異點編號：H1111504006<br/>權責單位：桃園市<br/>查證結果：違規<br/>變異類型：新增建物""}",chg_red.png,debdd4030ed979459e0a41c5341288ce1000ed9fba77739a0b51902446a47d9d
115,桃園市,H1111501054,桃園市,非違規,整地,121.031097673977000,24.944690282947100,false,https://landchg.nlma.gov.tw/Module/RWD/Web/pub_exhibit.aspx,2026-05-12T08:47:08+08:00,"{""fields"": {""查證結果"": ""非違規"", ""權責單位"": ""桃園市"", ""變異類型"": ""整地"", ""變異點編號"": ""H1111501054""}, ""latitude"": ""24.944690282947100"", ""longitude"": ""121.031097673977000"", ""marker_icon"": ""chg.png"", ""query_city"": ""桃園市"", ""query_year"": ""115"", ""raw_desc_html"": ""變異點編號：H1111501054<br/>權責單位：桃園市<br/>查證結果：非違規<br/>變異類型：整地""}",chg.png,73a3fc24c107ed663e51db4aebf05a5298ac5777e692f78363bef7bbc51a244c
115,桃園市,80111503006,桃園市,違規,新增水域(漁塭或水塘),121.034109343657000,25.003045714682900,true,https://landchg.nlma.gov.tw/Module/RWD/Web/pub_exhibit.aspx,2026-05-12T08:47:08+08:00,"{""fields"": {""查證結果"": ""違規"", ""權責單位"": ""桃園市"", ""變異類型"": ""新增水域(漁塭或水塘)"", ""變異點編號"": ""80111503006""}, ""latitude"": ""25.003045714682900"", ""longitude"": ""121.034109343657000"", ""marker_icon"": ""chg_red.png"", ""query_city"": ""桃園市"", ""query_year"": ""115"", ""raw_desc_html"": ""變異點編號：80111503006<br/>權責單位：桃園市<br/>查證結果：違規<br/>變異類型：新增水域(漁塭或水塘)""}",chg_red.png,bd73a1695d32c7da4a73f66c6dbe56f0d5c949fc99ef4594e05a2286cf5be981
115,桃園市,H1111503001,桃園市,非違規,新增建物,121.035375921866000,24.978813899231500,false,https://landchg.nlma.gov.tw/Module/RWD/Web/pub_exhibit.aspx,2026-05-12T08:47:08+08:00,"{""fields"": {""查證結果"": ""非違規"", ""權責單位"": ""桃園市"", ""變異類型"": ""新增建物"", ""變異點編號"": ""H1111503001""}, ""latitude"": ""24.978813899231500"", ""longitude"": ""121.035375921866000"", ""marker_icon"": ""chg.png"", ""query_city"": ""桃園市"", ""query_year"": ""115"", ""raw_desc_html"": ""變異點編號：H1111503001<br/>權責單位：桃園市<br/>查證結果：非違規<br/>變異類型：新增建物""}",chg.png,1150cb562c7a80ba2e8aa80e2ea02aff913911023614e6f91aa771d34b1f37a0
115,桃園市,H1111504078,桃園市,違規,其他,121.038465957369000,25.009408164711700,true,https://landchg.nlma.gov.tw/Module/RWD/Web/pub_exhibit.aspx,2026-05-12T08:47:08+08:00,"{""fields"": {""查證結果"": ""違規"", ""權責單位"": ""桃園市"", ""變異類型"": ""其他"", ""變異點編號"": ""H1111504078""}, ""latitude"": ""25.009408164711700"", ""longitude"": ""121.038465957369000"", ""marker_icon"": ""chg_red.png"", ""query_city"": ""桃園市"", ""query_year"": ""115"", ""raw_desc_html"": ""變異點編號：H1111504078<br/>權責單位：桃園市<br/>查證結果：違規<br/>變異類型：其他""}",chg_red.png,85ad69fd609b717df840b44add4459a9afcb860800415bb69d59802f0f9cf6c8
115,桃園市,H1111504077,桃園市,非違規,新增建物,121.039177371822000,25.010509484986500,false,https://landchg.nlma.gov.tw/Module/RWD/Web/pub_exhibit.aspx,2026-05-12T08:47:08+08:00,"{""fields"": {""查證結果"": ""非違規"", ""權責單位"": ""桃園市"", ""變異類型"": ""新增建物"", ""變異點編號"": ""H1111504077""}, ""latitude"": ""25.010509484986500"", ""longitude"": ""121.039177371822000"", ""marker_icon"": ""chg.png"", ""query_city"": ""桃園市"", ""query_year"": ""115"", ""raw_desc_html"": ""變異點編號：H1111504077<br/>權責單位：桃園市<br/>查證結果：非違規<br/>變異類型：新增建物""}",chg.png,8748ef606be7a931b6093b5894e01230ad9f8e69ec58507ba56f67f371739182
115,桃園市,H1111501055,桃園市,違規,堆置土石方,121.043414420298000,24.944602628730900,true,https://landchg.nlma.gov.tw/Module/RWD/Web/pub_exhibit.aspx,2026-05-12T08:47:08+08:00,"{""fields"": {""查證結果"": ""違規"", ""權責單位"": ""桃園市"", ""變異類型"": ""堆置土石方"", ""變異點編號"": ""H1111501055""}, ""latitude"": ""24.944602628730900"", ""longitude"": ""121.043414420298000"", ""marker_icon"": ""chg_red.png"", ""query_city"": ""桃園市"", ""query_year"": ""115"", ""raw_desc_html"": ""變異點編號：H1111501055<br/>權責單位：桃園市<br/>查證結果：違規<br/>變異類型：堆置土石方""}",chg_red.png,4df724b195f3a6a48b47bfde0ff349e7aa1fa0fc97f03bd236e9866858cb883a
115,桃園市,H1111501056,桃園市,非違規,整地,121.047767908817000,24.945653722729100,false,https://landchg.nlma.gov.tw/Module/RWD/Web/pub_exhibit.aspx,2026-05-12T08:47:08+08:00,"{""fields"": {""查證結果"": ""非違規"", ""權責單位"": ""桃園市"", ""變異類型"": ""整地"", ""變異點編號"": ""H1111501056""}, ""latitude"": ""24.945653722729100"", ""longitude"": ""121.047767908817000"", ""marker_icon"": ""chg.png"", ""query_city"": ""桃園市"", ""query_year"": ""115"", ""raw_desc_html"": ""變異點編號：H1111501056<br/>權責單位：桃園市<br/>查證結果：非違規<br/>變異類型：整地""}",chg.png,4632bcbc5accc32a0e8c46f1152beb5ff0d18f5d0152d46cf7d098597709d8e9
115,桃園市,80111501039,桃園市,非違規,新增建物,121.049600928576000,25.018192977522000,false,https://landchg.nlma.gov.tw/Module/RWD/Web/pub_exhibit.aspx,2026-05-12T08:47:08+08:00,"{""fields"": {""查證結果"": ""非違規"", ""權責單位"": ""桃園市"", ""變異類型"": ""新增建物"", ""變異點編號"": ""80111501039""}, ""latitude"": ""25.018192977522000"", ""longitude"": ""121.049600928576000"", ""marker_icon"": ""chg.png"", ""query_city"": ""桃園市"", ""query_year"": ""115"", ""raw_desc_html"": ""變異點編號：80111501039<br/>權責單位：桃園市<br/>查證結果：非違規<br/>變異類型：新增建物""}",chg.png,0098ef41742fadab882f878f25a2a68e9b2b490043d857434386434fe8252d84
115,桃園市,H1111501057,桃園市,非違規,整地,121.056426707804000,24.939555199093300,false,https://landchg.nlma.gov.tw/Module/RWD/Web/pub_exhibit.aspx,2026-05-12T08:47:08+08:00,"{""fields"": {""查證結果"": ""非違規"", ""權責單位"": ""桃園市"", ""變異類型"": ""整地"", ""變異點編號"": ""H1111501057""}, ""latitude"": ""24.939555199093300"", ""longitude"": ""121.056426707804000"", ""marker_icon"": ""chg.png"", ""query_city"": ""桃園市"", ""query_year"": ""115"", ""raw_desc_html"": ""變異點編號：H1111501057<br/>權責單位：桃園市<br/>查證結果：非違規<br/>變異類型：整地""}",chg.png,09d7c4d9299b3d203dfe07535bdb45cc6336e7183ca896f6d66b895b27ff69ed
115,桃園市,H1111501041,桃園市,違規,其他,121.056778136920000,24.959421239746000,true,https://landchg.nlma.gov.tw/Module/RWD/Web/pub_exhibit.aspx,2026-05-12T08:47:08+08:00,"{""fields"": {""查證結果"": ""違規"", ""權責單位"": ""桃園市"", ""變異類型"": ""其他"", ""變異點編號"": ""H1111501041""}, ""latitude"": ""24.959421239746000"", ""longitude"": ""121.056778136920000"", ""marker_icon"": ""chg_red.png"", ""query_city"": ""桃園市"", ""query_year"": ""115"", ""raw_desc_html"": ""變異點編號：H1111501041<br/>權責單位：桃園市<br/>查證結果：違規<br/>變異類型：其他""}",chg_red.png,f7b393a40817c041ebc4a12c54dedb7c6526f410c19547fee5f5293f2b174b85
115,桃園市,H0411501006,桃園市,非違規,整地,121.059848031542000,24.906176649076800,false,https://landchg.nlma.gov.tw/Module/RWD/Web/pub_exhibit.aspx,2026-05-12T08:47:08+08:00,"{""fields"": {""查證結果"": ""非違規"", ""權責單位"": ""桃園市"", ""變異類型"": ""整地"", ""變異點編號"": ""H0411501006""}, ""latitude"": ""24.906176649076800"", ""longitude"": ""121.059848031542000"", ""marker_icon"": ""chg.png"", ""query_city"": ""桃園市"", ""query_year"": ""115"", ""raw_desc_html"": ""變異點編號：H0411501006<br/>權責單位：桃園市<br/>查證結果：非違規<br/>變異類型：整地""}",chg.png,c04b23d6c1197a60ef305c83a31f47c91e83388faf37c45dfef2156265ade4e3
115,桃園市,H1111501033,桃園市,非違規,整地,121.061452049107000,24.976957843174600,false,https://landchg.nlma.gov.tw/Module/RWD/Web/pub_exhibit.aspx,2026-05-12T08:47:08+08:00,"{""fields"": {""查證結果"": ""非違規"", ""權責單位"": ""桃園市"", ""變異類型"": ""整地"", ""變異點編號"": ""H1111501033""}, ""latitude"": ""24.976957843174600"", ""longitude"": ""121.061452049107000"", ""marker_icon"": ""chg.png"", ""query_city"": ""桃園市"", ""query_year"": ""115"", ""raw_desc_html"": ""變異點編號：H1111501033<br/>權責單位：桃園市<br/>查證結果：非違規<br/>變異類型：整地""}",chg.png,29be247a67d2bcb321ae2eb6cc78e71eed10e4834515cbf8bf092c8042877fa3
115,桃園市,H1211501099,桃園市,違規,新增建物,121.061648225354000,25.021261510254700,true,https://landchg.nlma.gov.tw/Module/RWD/Web/pub_exhibit.aspx,2026-05-12T08:47:08+08:00,"{""fields"": {""查證結果"": ""違規"", ""權責單位"": ""桃園市"", ""變異類型"": ""新增建物"", ""變異點編號"": ""H1211501099""}, ""latitude"": ""25.021261510254700"", ""longitude"": ""121.061648225354000"", ""marker_icon"": ""chg_red.png"", ""query_city"": ""桃園市"", ""query_year"": ""115"", ""raw_desc_html"": ""變異點編號：H1211501099<br/>權責單位：桃園市<br/>查證結果：違規<br/>變異類型：新增建物""}",chg_red.png,fdcce5e501b2a816dd847755f8881125881fb63e1ac6296454346087a67cfc0a
115,桃園市,80111504015,桃園市,違規,堆置土石方,121.061917385551000,24.932346605807000,true,https://landchg.nlma.gov.tw/Module/RWD/Web/pub_exhibit.aspx,2026-05-12T08:47:08+08:00,"{""fields"": {""查證結果"": ""違規"", ""權責單位"": ""桃園市"", ""變異類型"": ""堆置土石方"", ""變異點編號"": ""80111504015""}, ""latitude"": ""24.932346605807000"", ""longitude"": ""121.061917385551000"", ""marker_icon"": ""chg_red.png"", ""query_city"": ""桃園市"", ""query_year"": ""115"", ""raw_desc_html"": ""變異點編號：80111504015<br/>權責單位：桃園市<br/>查證結果：違規<br/>變異類型：堆置土石方""}",chg_red.png,3d342048fe28e1cc66d3ff653bf6a2ed29e00fb077a76d5426a4ce075cf52a8e
115,桃園市,H1211501086,桃園市,違規,新增建物,121.062799326908000,25.026552614406100,true,https://landchg.nlma.gov.tw/Module/RWD/Web/pub_exhibit.aspx,2026-05-12T08:47:08+08:00,"{""fields"": {""查證結果"": ""違規"", ""權責單位"": ""桃園市"", ""變異類型"": ""新增建物"", ""變異點編號"": ""H1211501086""}, ""latitude"": ""25.026552614406100"", ""longitude"": ""121.062799326908000"", ""marker_icon"": ""chg_red.png"", ""query_city"": ""桃園市"", ""query_year"": ""115"", ""raw_desc_html"": ""變異點編號：H1211501086<br/>權責單位：桃園市<br/>查證結果：違規<br/>變異類型：新增建物""}",chg_red.png,adc80812c56dd3c6f41b8bce767fb80095337d254eef5835d5cbb2f8a8c61428
115,桃園市,H1211504066,桃園市,違規,其他,121.062862484775000,25.026010187294200,true,https://landchg.nlma.gov.tw/Module/RWD/Web/pub_exhibit.aspx,2026-05-12T08:47:08+08:00,"{""fields"": {""查證結果"": ""違規"", ""權責單位"": ""桃園市"", ""變異類型"": ""其他"", ""變異點編號"": ""H1211504066""}, ""latitude"": ""25.026010187294200"", ""longitude"": ""121.062862484775000"", ""marker_icon"": ""chg_red.png"", ""query_city"": ""桃園市"", ""query_year"": ""115"", ""raw_desc_html"": ""變異點編號：H1211504066<br/>權責單位：桃園市<br/>查證結果：違規<br/>變異類型：其他""}",chg_red.png,f75b6e784ace0b376a42e7b99deb6b5200ccb77a3a3c21d785b847982c218a94
115,桃園市,H0411504028,桃園市,違規,新增建物,121.063666874624000,24.921921574851700,true,https://landchg.nlma.gov.tw/Module/RWD/Web/pub_exhibit.aspx,2026-05-12T08:47:08+08:00,"{""fields"": {""查證結果"": ""違規"", ""權責單位"": ""桃園市"", ""變異類型"": ""新增建物"", ""變異點編號"": ""H0411504028""}, ""latitude"": ""24.921921574851700"", ""longitude"": ""121.063666874624000"", ""marker_icon"": ""chg_red.png"", ""query_city"": ""桃園市"", ""query_year"": ""115"", ""raw_desc_html"": ""變異點編號：H0411504028<br/>權責單位：桃園市<br/>查證結果：違規<br/>變異類型：新增建物""}",chg_red.png,b9fd2df2862bdf5ea02418cc3c58ea2bf68e444964900ba9b09ecc0b5138e9d5
115,桃園市,H0411504032,桃園市,違規,堆置土石方,121.064264367999000,24.910498656562700,true,https://landchg.nlma.gov.tw/Module/RWD/Web/pub_exhibit.aspx,2026-05-12T08:47:08+08:00,"{""fields"": {""查證結果"": ""違規"", ""權責單位"": ""桃園市"", ""變異類型"": ""堆置土石方"", ""變異點編號"": ""H0411504032""}, ""latitude"": ""24.910498656562700"", ""longitude"": ""121.064264367999000"", ""marker_icon"": ""chg_red.png"", ""query_city"": ""桃園市"", ""query_year"": ""115"", ""raw_desc_html"": ""變異點編號：H0411504032<br/>權責單位：桃園市<br/>查證結果：違規<br/>變異類型：堆置土石方""}",chg_red.png,ee393bd2a9a12621c4e7624d68bfef74b7849d6cba1f607bb5ace001db784a4f
115,桃園市,80111501037,桃園市,非違規,新增建物,121.065273139234000,24.934307748295800,false,https://landchg.nlma.gov.tw/Module/RWD/Web/pub_exhibit.aspx,2026-05-12T08:47:08+08:00,"{""fields"": {""查證結果"": ""非違規"", ""權責單位"": ""桃園市"", ""變異類型"": ""新增建物"", ""變異點編號"": ""80111501037""}, ""latitude"": ""24.934307748295800"", ""longitude"": ""121.065273139234000"", ""marker_icon"": ""chg.png"", ""query_city"": ""桃園市"", ""query_year"": ""115"", ""raw_desc_html"": ""變異點編號：80111501037<br/>權責單位：桃園市<br/>查證結果：非違規<br/>變異類型：新增建物""}",chg.png,97d7e70f3451b9ef8c8e47af323c07c98d878531588c657b2595851d79c3e481
115,桃園市,H0411504021,桃園市,非違規,新增建物,121.065899272508000,24.938256598916600,false,https://landchg.nlma.gov.tw/Module/RWD/Web/pub_exhibit.aspx,2026-05-12T08:47:08+08:00,"{""fields"": {""查證結果"": ""非違規"", ""權責單位"": ""桃園市"", ""變異類型"": ""新增建物"", ""變異點編號"": ""H0411504021""}, ""latitude"": ""24.938256598916600"", ""longitude"": ""121.065899272508000"", ""marker_icon"": ""chg.png"", ""query_city"": ""桃園市"", ""query_year"": ""115"", ""raw_desc_html"": ""變異點編號：H0411504021<br/>權責單位：桃園市<br/>查證結果：非違規<br/>變異類型：新增建物""}",chg.png,623ad146c27fd094acd3b0a499188befa843cbce70527c85b6ac1daafeb033f2
115,桃園市,H1111504019,桃園市,非違規,整地,121.066866788891000,24.946111894120900,false,https://landchg.nlma.gov.tw/Module/RWD/Web/pub_exhibit.aspx,2026-05-12T08:47:08+08:00,"{""fields"": {""查證結果"": ""非違規"", ""權責單位"": ""桃園市"", ""變異類型"": ""整地"", ""變異點編號"": ""H1111504019""}, ""latitude"": ""24.946111894120900"", ""longitude"": ""121.066866788891000"", ""marker_icon"": ""chg.png"", ""query_city"": ""桃園市"", ""query_year"": ""115"", ""raw_desc_html"": ""變異點編號：H1111504019<br/>權責單位：桃園市<br/>查證結果：非違規<br/>變異類型：整地""}",chg.png,4a9cffdabafc0a847ff8bada58bc03f0c0f88e8227dfcf1154e89442814e9bc0
115,桃園市,H0411504033,桃園市,非違規,新增建物,121.067587206686000,24.909497273241800,false,https://landchg.nlma.gov.tw/Module/RWD/Web/pub_exhibit.aspx,2026-05-12T08:47:08+08:00,"{""fields"": {""查證結果"": ""非違規"", ""權責單位"": ""桃園市"", ""變異類型"": ""新增建物"", ""變異點編號"": ""H0411504033""}, ""latitude"": ""24.909497273241800"", ""longitude"": ""121.067587206686000"", ""marker_icon"": ""chg.png"", ""query_city"": ""桃園市"", ""query_year"": ""115"", ""raw_desc_html"": ""變異點編號：H0411504033<br/>權責單位：桃園市<br/>查證結果：非違規<br/>變異類型：新增建物""}",chg.png,ed1b0299fbb6a23427c48970f6cb9e20af52e71e3b7558be5b60ab235a529351
115,桃園市,H1111501042,桃園市,非違規,整地,121.067666585073000,24.952238913673600,false,https://landchg.nlma.gov.tw/Module/RWD/Web/pub_exhibit.aspx,2026-05-12T08:47:08+08:00,"{""fields"": {""查證結果"": ""非違規"", ""權責單位"": ""桃園市"", ""變異類型"": ""整地"", ""變異點編號"": ""H1111501042""}, ""latitude"": ""24.952238913673600"", ""longitude"": ""121.067666585073000"", ""marker_icon"": ""chg.png"", ""query_city"": ""桃園市"", ""query_year"": ""115"", ""raw_desc_html"": ""變異點編號：H1111501042<br/>權責單位：桃園市<br/>查證結果：非違規<br/>變異類型：整地""}",chg.png,0d31c1d656375cf6d2b6ec9a22516f0036c682255e43d926ea97e25b9263f8c2
115,桃園市,H1111501034,桃園市,非違規,整地,121.068456907709000,24.980226332850300,false,https://landchg.nlma.gov.tw/Module/RWD/Web/pub_exhibit.aspx,2026-05-12T08:47:08+08:00,"{""fields"": {""查證結果"": ""非違規"", ""權責單位"": ""桃園市"", ""變異類型"": ""整地"", ""變異點編號"": ""H1111501034""}, ""latitude"": ""24.980226332850300"", ""longitude"": ""121.068456907709000"", ""marker_icon"": ""chg.png"", ""query_city"": ""桃園市"", ""query_year"": ""115"", ""raw_desc_html"": ""變異點編號：H1111501034<br/>權責單位：桃園市<br/>查證結果：非違規<br/>變異類型：整地""}",chg.png,dd76c8dbda91a168609d6edf026775ca89edb32eb52ce2e71711d44e5ddd049a
115,桃園市,H1211504080,桃園市,違規,其他,121.069942272201000,25.019538159210900,true,https://landchg.nlma.gov.tw/Module/RWD/Web/pub_exhibit.aspx,2026-05-12T08:47:08+08:00,"{""fields"": {""查證結果"": ""違規"", ""權責單位"": ""桃園市"", ""變異類型"": ""其他"", ""變異點編號"": ""H1211504080""}, ""latitude"": ""25.019538159210900"", ""longitude"": ""121.069942272201000"", ""marker_icon"": ""chg_red.png"", ""query_city"": ""桃園市"", ""query_year"": ""115"", ""raw_desc_html"": ""變異點編號：H1211504080<br/>權責單位：桃園市<br/>查證結果：違規<br/>變異類型：其他""}",chg_red.png,b1a61a7ddc7081cd7bde279e3ff46f996bc67965375e285746aa0413f72a71a9
115,桃園市,H1211504079,桃園市,違規,新增建物,121.072783013470000,25.017307940484100,true,https://landchg.nlma.gov.tw/Module/RWD/Web/pub_exhibit.aspx,2026-05-12T08:47:08+08:00,"{""fields"": {""查證結果"": ""違規"", ""權責單位"": ""桃園市"", ""變異類型"": ""新增建物"", ""變異點編號"": ""H1211504079""}, ""latitude"": ""25.017307940484100"", ""longitude"": ""121.072783013470000"", ""marker_icon"": ""chg_red.png"", ""query_city"": ""桃園市"", ""query_year"": ""115"", ""raw_desc_html"": ""變異點編號：H1211504079<br/>權責單位：桃園市<br/>查證結果：違規<br/>變異類型：新增建物""}",chg_red.png,9dfad2687a8b721158bf8de96f4b81e385e78178d0d350f9fd8bf33359dd5baa
115,桃園市,H0411504020,桃園市,違規,堆置土石方,121.072994422545000,24.944157080496500,true,https://landchg.nlma.gov.tw/Module/RWD/Web/pub_exhibit.aspx,2026-05-12T08:47:08+08:00,"{""fields"": {""查證結果"": ""違規"", ""權責單位"": ""桃園市"", ""變異類型"": ""堆置土石方"", ""變異點編號"": ""H0411504020""}, ""latitude"": ""24.944157080496500"", ""longitude"": ""121.072994422545000"", ""marker_icon"": ""chg_red.png"", ""query_city"": ""桃園市"", ""query_year"": ""115"", ""raw_desc_html"": ""變異點編號：H0411504020<br/>權責單位：桃園市<br/>查證結果：違規<br/>變異類型：堆置土石方""}",chg_red.png,06d163c393eb2025d25cf8f0fcfd36bb085ac2a36f3e1452e462a8c91b2f85df
115,桃園市,H0411504034,桃園市,非違規,自然植被改變,121.074196781575000,24.908861814769400,false,https://landchg.nlma.gov.tw/Module/RWD/Web/pub_exhibit.aspx,2026-05-12T08:47:08+08:00,"{""fields"": {""查證結果"": ""非違規"", ""權責單位"": ""桃園市"", ""變異類型"": ""自然植被改變"", ""變異點編號"": ""H0411504034""}, ""latitude"": ""24.908861814769400"", ""longitude"": ""121.074196781575000"", ""marker_icon"": ""chg.png"", ""query_city"": ""桃園市"", ""query_year"": ""115"", ""raw_desc_html"": ""變異點編號：H0411504034<br/>權責單位：桃園市<br/>查證結果：非違規<br/>變異類型：自然植被改變""}",chg.png,84973c12362440fe1a6099ca799426842bdd9d253a468d5693b218b9021b2538
115,桃園市,H1111501035,桃園市,非違規,整地,121.075216652340000,24.982408907866500,false,https://landchg.nlma.gov.tw/Module/RWD/Web/pub_exhibit.aspx,2026-05-12T08:47:08+08:00,"{""fields"": {""查證結果"": ""非違規"", ""權責單位"": ""桃園市"", ""變異類型"": ""整地"", ""變異點編號"": ""H1111501035""}, ""latitude"": ""24.982408907866500"", ""longitude"": ""121.075216652340000"", ""marker_icon"": ""chg.png"", ""query_city"": ""桃園市"", ""query_year"": ""115"", ""raw_desc_html"": ""變異點編號：H1111501035<br/>權責單位：桃園市<br/>查證結果：非違規<br/>變異類型：整地""}",chg.png,af7c220b239a0139643edb72851e6d5c699afdb6df484fbc389c4e51ec809c48
115,桃園市,H0411504031,桃園市,非違規,新增建物,121.076511478522000,24.912673024642900,false,https://landchg.nlma.gov.tw/Module/RWD/Web/pub_exhibit.aspx,2026-05-12T08:47:08+08:00,"{""fields"": {""查證結果"": ""非違規"", ""權責單位"": ""桃園市"", ""變異類型"": ""新增建物"", ""變異點編號"": ""H0411504031""}, ""latitude"": ""24.912673024642900"", ""longitude"": ""121.076511478522000"", ""marker_icon"": ""chg.png"", ""query_city"": ""桃園市"", ""query_year"": ""115"", ""raw_desc_html"": ""變異點編號：H0411504031<br/>權責單位：桃園市<br/>查證結果：非違規<br/>變異類型：新增建物""}",chg.png,4348f16e3a1694da9d20339f05d0918041ffe4e5b29b90d036d9de21e629e062
115,桃園市,H1111504008,桃園市,違規,其他,121.076624573936000,24.977415880972500,true,https://landchg.nlma.gov.tw/Module/RWD/Web/pub_exhibit.aspx,2026-05-12T08:47:08+08:00,"{""fields"": {""查證結果"": ""違規"", ""權責單位"": ""桃園市"", ""變異類型"": ""其他"", ""變異點編號"": ""H1111504008""}, ""latitude"": ""24.977415880972500"", ""longitude"": ""121.076624573936000"", ""marker_icon"": ""chg_red.png"", ""query_city"": ""桃園市"", ""query_year"": ""115"", ""raw_desc_html"": ""變異點編號：H1111504008<br/>權責單位：桃園市<br/>查證結果：違規<br/>變異類型：其他""}",chg_red.png,203ecf0875189de37bfe32dd2779da64f97372814e46b36ae5ddab8f42330dad
115,桃園市,H0411504029,桃園市,違規,新增建物,121.077519198590000,24.919810026153200,true,https://landchg.nlma.gov.tw/Module/RWD/Web/pub_exhibit.aspx,2026-05-12T08:47:08+08:00,"{""fields"": {""查證結果"": ""違規"", ""權責單位"": ""桃園市"", ""變異類型"": ""新增建物"", ""變異點編號"": ""H0411504029""}, ""latitude"": ""24.919810026153200"", ""longitude"": ""121.077519198590000"", ""marker_icon"": ""chg_red.png"", ""query_city"": ""桃園市"", ""query_year"": ""115"", ""raw_desc_html"": ""變異點編號：H0411504029<br/>權責單位：桃園市<br/>查證結果：違規<br/>變異類型：新增建物""}",chg_red.png,bc657f8abdbd7fb04d53d33524149b5dbb8f48b8bb4a8e11fd370824a640aed2
115,桃園市,H0411503057,桃園市,違規,堆置土石方,121.077826009163000,24.903373739725900,true,https://landchg.nlma.gov.tw/Module/RWD/Web/pub_exhibit.aspx,2026-05-12T08:47:08+08:00,"{""fields"": {""查證結果"": ""違規"", ""權責單位"": ""桃園市"", ""變異類型"": ""堆置土石方"", ""變異點編號"": ""H0411503057""}, ""latitude"": ""24.903373739725900"", ""longitude"": ""121.077826009163000"", ""marker_icon"": ""chg_red.png"", ""query_city"": ""桃園市"", ""query_year"": ""115"", ""raw_desc_html"": ""變異點編號：H0411503057<br/>權責單位：桃園市<br/>查證結果：違規<br/>變異類型：堆置土石方""}",chg_red.png,f408a33f27b5946f449a3a165129133227d39f5ddeed3c08aa74c643e9a17bba
115,桃園市,H0411504030,桃園市,違規,新增建物,121.080991281886000,24.919917939242200,true,https://landchg.nlma.gov.tw/Module/RWD/Web/pub_exhibit.aspx,2026-05-12T08:47:08+08:00,"{""fields"": {""查證結果"": ""違規"", ""權責單位"": ""桃園市"", ""變異類型"": ""新增建物"", ""變異點編號"": ""H0411504030""}, ""latitude"": ""24.919917939242200"", ""longitude"": ""121.080991281886000"", ""marker_icon"": ""chg_red.png"", ""query_city"": ""桃園市"", ""query_year"": ""115"", ""raw_desc_html"": ""變異點編號：H0411504030<br/>權責單位：桃園市<br/>查證結果：違規<br/>變異類型：新增建物""}",chg_red.png,253536d234275d52c6a62c450bb5b1492d74741b06b5eaaf6e0373c2b522c503
115,桃園市,H0411504026,桃園市,非違規,自然植被改變,121.088054681315000,24.932863125970900,false,https://landchg.nlma.gov.tw/Module/RWD/Web/pub_exhibit.aspx,2026-05-12T08:47:08+08:00,"{""fields"": {""查證結果"": ""非違規"", ""權責單位"": ""桃園市"", ""變異類型"": ""自然植被改變"", ""變異點編號"": ""H0411504026""}, ""latitude"": ""24.932863125970900"", ""longitude"": ""121.088054681315000"", ""marker_icon"": ""chg.png"", ""query_city"": ""桃園市"", ""query_year"": ""115"", ""raw_desc_html"": ""變異點編號：H0411504026<br/>權責單位：桃園市<br/>查證結果：非違規<br/>變異類型：自然植被改變""}",chg.png,80bdde5c134deca4b018f9c1cac370a690609c3e7463ae5c13db32071b66f050
115,桃園市,H0411503010,桃園市,違規,自然植被改變,121.088883190676000,24.931826006797700,true,https://landchg.nlma.gov.tw/Module/RWD/Web/pub_exhibit.aspx,2026-05-12T08:47:08+08:00,"{""fields"": {""查證結果"": ""違規"", ""權責單位"": ""桃園市"", ""變異類型"": ""自然植被改變"", ""變異點編號"": ""H0411503010""}, ""latitude"": ""24.931826006797700"", ""longitude"": ""121.088883190676000"", ""marker_icon"": ""chg_red.png"", ""query_city"": ""桃園市"", ""query_year"": ""115"", ""raw_desc_html"": ""變異點編號：H0411503010<br/>權責單位：桃園市<br/>查證結果：違規<br/>變異類型：自然植被改變""}",chg_red.png,cd97ca382858b530b2649cfacd955e55a1c788c30c33c558fa8b8549423d1c12
115,桃園市,H0411504025,桃園市,違規,新增建物,121.089277146492000,24.947358141354200,true,https://landchg.nlma.gov.tw/Module/RWD/Web/pub_exhibit.aspx,2026-05-12T08:47:08+08:00,"{""fields"": {""查證結果"": ""違規"", ""權責單位"": ""桃園市"", ""變異類型"": ""新增建物"", ""變異點編號"": ""H0411504025""}, ""latitude"": ""24.947358141354200"", ""longitude"": ""121.089277146492000"", ""marker_icon"": ""chg_red.png"", ""query_city"": ""桃園市"", ""query_year"": ""115"", ""raw_desc_html"": ""變異點編號：H0411504025<br/>權責單位：桃園市<br/>查證結果：違規<br/>變異類型：新增建物""}",chg_red.png,77ebb8ed789ce9c3f426f08d2107d191bdadc1c03cd4f4ab473debeb3a36b88c
115,桃園市,H1211504067,桃園市,非違規,其他,121.089996688813000,25.042768875157300,false,https://landchg.nlma.gov.tw/Module/RWD/Web/pub_exhibit.aspx,2026-05-12T08:47:08+08:00,"{""fields"": {""查證結果"": ""非違規"", ""權責單位"": ""桃園市"", ""變異類型"": ""其他"", ""變異點編號"": ""H1211504067""}, ""latitude"": ""25.042768875157300"", ""longitude"": ""121.089996688813000"", ""marker_icon"": ""chg.png"", ""query_city"": ""桃園市"", ""query_year"": ""115"", ""raw_desc_html"": ""變異點編號：H1211504067<br/>權責單位：桃園市<br/>查證結果：非違規<br/>變異類型：其他""}",chg.png,273f5afa18c476e5a340c3f3bd299cc3d794cf3f8397ad5f7f6464f35577026a
115,桃園市,H1211504081,桃園市,非違規,其他,121.090553545556000,25.019876849341800,false,https://landchg.nlma.gov.tw/Module/RWD/Web/pub_exhibit.aspx,2026-05-12T08:47:08+08:00,"{""fields"": {""查證結果"": ""非違規"", ""權責單位"": ""桃園市"", ""變異類型"": ""其他"", ""變異點編號"": ""H1211504081""}, ""latitude"": ""25.019876849341800"", ""longitude"": ""121.090553545556000"", ""marker_icon"": ""chg.png"", ""query_city"": ""桃園市"", ""query_year"": ""115"", ""raw_desc_html"": ""變異點編號：H1211504081<br/>權責單位：桃園市<br/>查證結果：非違規<br/>變異類型：其他""}",chg.png,2a7f237f76651293321b8171181207bfa84c4135e434be3962205d38eee7dfed
115,桃園市,H1211501088,桃園市,非違規,整地,121.092637706593000,25.036342060898800,false,https://landchg.nlma.gov.tw/Module/RWD/Web/pub_exhibit.aspx,2026-05-12T08:47:08+08:00,"{""fields"": {""查證結果"": ""非違規"", ""權責單位"": ""桃園市"", ""變異類型"": ""整地"", ""變異點編號"": ""H1211501088""}, ""latitude"": ""25.036342060898800"", ""longitude"": ""121.092637706593000"", ""marker_icon"": ""chg.png"", ""query_city"": ""桃園市"", ""query_year"": ""115"", ""raw_desc_html"": ""變異點編號：H1211501088<br/>權責單位：桃園市<br/>查證結果：非違規<br/>變異類型：整地""}",chg.png,e4c1c46f3a0dbe5d45714c3a1226ae22f4b785a49f0a7b21d44579ade3fed13d
115,桃園市,H1111501036,桃園市,非違規,整地,121.095053771929000,24.991726681261600,false,https://landchg.nlma.gov.tw/Module/RWD/Web/pub_exhibit.aspx,2026-05-12T08:47:08+08:00,"{""fields"": {""查證結果"": ""非違規"", ""權責單位"": ""桃園市"", ""變異類型"": ""整地"", ""變異點編號"": ""H1111501036""}, ""latitude"": ""24.991726681261600"", ""longitude"": ""121.095053771929000"", ""marker_icon"": ""chg.png"", ""query_city"": ""桃園市"", ""query_year"": ""115"", ""raw_desc_html"": ""變異點編號：H1111501036<br/>權責單位：桃園市<br/>查證結果：非違規<br/>變異類型：整地""}",chg.png,72c03c00cdbe7677f51a26336fffc3f60c5bbfafa9fc21e0e2ba393adaef3069
115,桃園市,H0411501059,桃園市,非違規,作物變化,121.095456065007000,24.938804861761400,false,https://landchg.nlma.gov.tw/Module/RWD/Web/pub_exhibit.aspx,2026-05-12T08:47:08+08:00,"{""fields"": {""查證結果"": ""非違規"", ""權責單位"": ""桃園市"", ""變異類型"": ""作物變化"", ""變異點編號"": ""H0411501059""}, ""latitude"": ""24.938804861761400"", ""longitude"": ""121.095456065007000"", ""marker_icon"": ""chg.png"", ""query_city"": ""桃園市"", ""query_year"": ""115"", ""raw_desc_html"": ""變異點編號：H0411501059<br/>權責單位：桃園市<br/>查證結果：非違規<br/>變異類型：作物變化""}",chg.png,7a031481b60ee5ff37dc0e7a3beee59aca18acb75066f31ac9020973d2566fb8
115,桃園市,80111504021,桃園市,非違規,其他,121.097357779646000,25.050199208650700,false,https://landchg.nlma.gov.tw/Module/RWD/Web/pub_exhibit.aspx,2026-05-12T08:47:08+08:00,"{""fields"": {""查證結果"": ""非違規"", ""權責單位"": ""桃園市"", ""變異類型"": ""其他"", ""變異點編號"": ""80111504021""}, ""latitude"": ""25.050199208650700"", ""longitude"": ""121.097357779646000"", ""marker_icon"": ""chg.png"", ""query_city"": ""桃園市"", ""query_year"": ""115"", ""raw_desc_html"": ""變異點編號：80111504021<br/>權責單位：桃園市<br/>查證結果：非違規<br/>變異類型：其他""}",chg.png,db178f8ca188f748fb30210ce469c5baf8927f6182c563577a27256af7a85b1f
115,桃園市,H0411504036,桃園市,非違規,自然植被改變,121.097434508772000,24.904708354286000,false,https://landchg.nlma.gov.tw/Module/RWD/Web/pub_exhibit.aspx,2026-05-12T08:47:08+08:00,"{""fields"": {""查證結果"": ""非違規"", ""權責單位"": ""桃園市"", ""變異類型"": ""自然植被改變"", ""變異點編號"": ""H0411504036""}, ""latitude"": ""24.904708354286000"", ""longitude"": ""121.097434508772000"", ""marker_icon"": ""chg.png"", ""query_city"": ""桃園市"", ""query_year"": ""115"", ""raw_desc_html"": ""變異點編號：H0411504036<br/>權責單位：桃園市<br/>查證結果：非違規<br/>變異類型：自然植被改變""}",chg.png,9aa104996278a10d8f9c5790bcad2a1819f68c59652666eab90ca7a123ef6ef0
115,桃園市,H1211505034,桃園市,非違規,其他,121.098446252376000,25.033719157302300,false,https://landchg.nlma.gov.tw/Module/RWD/Web/pub_exhibit.aspx,2026-05-12T08:47:08+08:00,"{""fields"": {""查證結果"": ""非違規"", ""權責單位"": ""桃園市"", ""變異類型"": ""其他"", ""變異點編號"": ""H1211505034""}, ""latitude"": ""25.033719157302300"", ""longitude"": ""121.098446252376000"", ""marker_icon"": ""chg.png"", ""query_city"": ""桃園市"", ""query_year"": ""115"", ""raw_desc_html"": ""變異點編號：H1211505034<br/>權責單位：桃園市<br/>查證結果：非違規<br/>變異類型：其他""}",chg.png,dd12c40f30240aac2ab2f03fe04d406e700926813a799ebd00b518fd2961157f
115,桃園市,H0411504015,桃園市,非違規,作物變化,121.098562131361000,24.953385817737500,false,https://landchg.nlma.gov.tw/Module/RWD/Web/pub_exhibit.aspx,2026-05-12T08:47:08+08:00,"{""fields"": {""查證結果"": ""非違規"", ""權責單位"": ""桃園市"", ""變異類型"": ""作物變化"", ""變異點編號"": ""H0411504015""}, ""latitude"": ""24.953385817737500"", ""longitude"": ""121.098562131361000"", ""marker_icon"": ""chg.png"", ""query_city"": ""桃園市"", ""query_year"": ""115"", ""raw_desc_html"": ""變異點編號：H0411504015<br/>權責單位：桃園市<br/>查證結果：非違規<br/>變異類型：作物變化""}",chg.png,d866c9c1993cee6529606e28165d215bcaf0ed81f1df7672df0d1c45ef96a0a0
115,桃園市,H0411501060,桃園市,違規,堆置土石方,121.098740512028000,24.932052894376100,true,https://landchg.nlma.gov.tw/Module/RWD/Web/pub_exhibit.aspx,2026-05-12T08:47:08+08:00,"{""fields"": {""查證結果"": ""違規"", ""權責單位"": ""桃園市"", ""變異類型"": ""堆置土石方"", ""變異點編號"": ""H0411501060""}, ""latitude"": ""24.932052894376100"", ""longitude"": ""121.098740512028000"", ""marker_icon"": ""chg_red.png"", ""query_city"": ""桃園市"", ""query_year"": ""115"", ""raw_desc_html"": ""變異點編號：H0411501060<br/>權責單位：桃園市<br/>查證結果：違規<br/>變異類型：堆置土石方""}",chg_red.png,db7e438e0891330b3062ee06658b8acbed1f9fd29782bdadb0cf2fbffa990dbf
115,桃園市,H0411504035,桃園市,非違規,自然植被改變,121.099043328208000,24.903909598374500,false,https://landchg.nlma.gov.tw/Module/RWD/Web/pub_exhibit.aspx,2026-05-12T08:47:08+08:00,"{""fields"": {""查證結果"": ""非違規"", ""權責單位"": ""桃園市"", ""變異類型"": ""自然植被改變"", ""變異點編號"": ""H0411504035""}, ""latitude"": ""24.903909598374500"", ""longitude"": ""121.099043328208000"", ""marker_icon"": ""chg.png"", ""query_city"": ""桃園市"", ""query_year"": ""115"", ""raw_desc_html"": ""變異點編號：H0411504035<br/>權責單位：桃園市<br/>查證結果：非違規<br/>變異類型：自然植被改變""}",chg.png,29be4ebb51bf971537b8113d24af35c3cd647225310d23c3161dc0bf0fadf67e
115,桃園市,H0411503011,桃園市,違規,自然植被改變,121.101043713981000,24.928684821027500,true,https://landchg.nlma.gov.tw/Module/RWD/Web/pub_exhibit.aspx,2026-05-12T08:47:08+08:00,"{""fields"": {""查證結果"": ""違規"", ""權責單位"": ""桃園市"", ""變異類型"": ""自然植被改變"", ""變異點編號"": ""H0411503011""}, ""latitude"": ""24.928684821027500"", ""longitude"": ""121.101043713981000"", ""marker_icon"": ""chg_red.png"", ""query_city"": ""桃園市"", ""query_year"": ""115"", ""raw_desc_html"": ""變異點編號：H0411503011<br/>權責單位：桃園市<br/>查證結果：違規<br/>變異類型：自然植被改變""}",chg_red.png,696b88da0b7c78bc90e9143ddaeaf451eed9ac3f68066e5cf67c349499188e86
115,桃園市,H1211501087,桃園市,違規,新增建物,121.101562353315000,25.041229867236100,true,https://landchg.nlma.gov.tw/Module/RWD/Web/pub_exhibit.aspx,2026-05-12T08:47:08+08:00,"{""fields"": {""查證結果"": ""違規"", ""權責單位"": ""桃園市"", ""變異類型"": ""新增建物"", ""變異點編號"": ""H1211501087""}, ""latitude"": ""25.041229867236100"", ""longitude"": ""121.101562353315000"", ""marker_icon"": ""chg_red.png"", ""query_city"": ""桃園市"", ""query_year"": ""115"", ""raw_desc_html"": ""變異點編號：H1211501087<br/>權責單位：桃園市<br/>查證結果：違規<br/>變異類型：新增建物""}",chg_red.png,a168962f364e5fbc31b8227ddde177b0a6c8a732182bf50c188e1951dc012602
115,桃園市,H1211504068,桃園市,非違規,其他,121.102518588464000,25.033691166436100,false,https://landchg.nlma.gov.tw/Module/RWD/Web/pub_exhibit.aspx,2026-05-12T08:47:08+08:00,"{""fields"": {""查證結果"": ""非違規"", ""權責單位"": ""桃園市"", ""變異類型"": ""其他"", ""變異點編號"": ""H1211504068""}, ""latitude"": ""25.033691166436100"", ""longitude"": ""121.102518588464000"", ""marker_icon"": ""chg.png"", ""query_city"": ""桃園市"", ""query_year"": ""115"", ""raw_desc_html"": ""變異點編號：H1211504068<br/>權責單位：桃園市<br/>查證結果：非違規<br/>變異類型：其他""}",chg.png,d65ef9eea76a683e7f0e22c66602d8d6362185c44af18eff8e5cc104c8a743ef
115,桃園市,H1111501038,桃園市,違規,新增建物,121.104402492041000,24.986658533048900,true,https://landchg.nlma.gov.tw/Module/RWD/Web/pub_exhibit.aspx,2026-05-12T08:47:08+08:00,"{""fields"": {""查證結果"": ""違規"", ""權責單位"": ""桃園市"", ""變異類型"": ""新增建物"", ""變異點編號"": ""H1111501038""}, ""latitude"": ""24.986658533048900"", ""longitude"": ""121.104402492041000"", ""marker_icon"": ""chg_red.png"", ""query_city"": ""桃園市"", ""query_year"": ""115"", ""raw_desc_html"": ""變異點編號：H1111501038<br/>權責單位：桃園市<br/>查證結果：違規<br/>變異類型：新增建物""}",chg_red.png,7e2d6b0aeaa5b898ac135a878817bd6a5a1127e8f35bc6e7f0bff69ddc613a7d
115,桃園市,H1111501037,桃園市,非違規,整地,121.105839588948000,24.986896617623300,false,https://landchg.nlma.gov.tw/Module/RWD/Web/pub_exhibit.aspx,2026-05-12T08:47:08+08:00,"{""fields"": {""查證結果"": ""非違規"", ""權責單位"": ""桃園市"", ""變異類型"": ""整地"", ""變異點編號"": ""H1111501037""}, ""latitude"": ""24.986896617623300"", ""longitude"": ""121.105839588948000"", ""marker_icon"": ""chg.png"", ""query_city"": ""桃園市"", ""query_year"": ""115"", ""raw_desc_html"": ""變異點編號：H1111501037<br/>權責單位：桃園市<br/>查證結果：非違規<br/>變異類型：整地""}",chg.png,18118115889a7bf43d0d44d80731c7382858a5bcefa0f1d6f5821649d4d1d54d
115,桃園市,H0411504023,桃園市,違規,堆置土石方,121.107534971773000,24.943889912060900,true,https://landchg.nlma.gov.tw/Module/RWD/Web/pub_exhibit.aspx,2026-05-12T08:47:08+08:00,"{""fields"": {""查證結果"": ""違規"", ""權責單位"": ""桃園市"", ""變異類型"": ""堆置土石方"", ""變異點編號"": ""H0411504023""}, ""latitude"": ""24.943889912060900"", ""longitude"": ""121.107534971773000"", ""marker_icon"": ""chg_red.png"", ""query_city"": ""桃園市"", ""query_year"": ""115"", ""raw_desc_html"": ""變異點編號：H0411504023<br/>權責單位：桃園市<br/>查證結果：違規<br/>變異類型：堆置土石方""}",chg_red.png,3a6317cdef4873cfd83df78124fbf3fca4548ddd08c94b1737edd2374082fdf6
115,桃園市,H0411504024,桃園市,違規,堆置土石方,121.107745247420000,24.930514421958400,true,https://landchg.nlma.gov.tw/Module/RWD/Web/pub_exhibit.aspx,2026-05-12T08:47:08+08:00,"{""fields"": {""查證結果"": ""違規"", ""權責單位"": ""桃園市"", ""變異類型"": ""堆置土石方"", ""變異點編號"": ""H0411504024""}, ""latitude"": ""24.930514421958400"", ""longitude"": ""121.107745247420000"", ""marker_icon"": ""chg_red.png"", ""query_city"": ""桃園市"", ""query_year"": ""115"", ""raw_desc_html"": ""變異點編號：H0411504024<br/>權責單位：桃園市<br/>查證結果：違規<br/>變異類型：堆置土石方""}",chg_red.png,cdd26ddc85fb35ec86ddf02984444231784e0f5ca998bc5630b533eabb1d71da
115,桃園市,H1111501043,桃園市,違規,自然植被改變,121.108141569289000,24.966777384054400,true,https://landchg.nlma.gov.tw/Module/RWD/Web/pub_exhibit.aspx,2026-05-12T08:47:08+08:00,"{""fields"": {""查證結果"": ""違規"", ""權責單位"": ""桃園市"", ""變異類型"": ""自然植被改變"", ""變異點編號"": ""H1111501043""}, ""latitude"": ""24.966777384054400"", ""longitude"": ""121.108141569289000"", ""marker_icon"": ""chg_red.png"", ""query_city"": ""桃園市"", ""query_year"": ""115"", ""raw_desc_html"": ""變異點編號：H1111501043<br/>權責單位：桃園市<br/>查證結果：違規<br/>變異類型：自然植被改變""}",chg_red.png,25c5bb3d11756af03b5031933f724ec949bd04b598681815125f42e3201dfcc3
115,桃園市,H1211504071,桃園市,非違規,其他,121.108811219540000,25.028454451549100,false,https://landchg.nlma.gov.tw/Module/RWD/Web/pub_exhibit.aspx,2026-05-12T08:47:08+08:00,"{""fields"": {""查證結果"": ""非違規"", ""權責單位"": ""桃園市"", ""變異類型"": ""其他"", ""變異點編號"": ""H1211504071""}, ""latitude"": ""25.028454451549100"", ""longitude"": ""121.108811219540000"", ""marker_icon"": ""chg.png"", ""query_city"": ""桃園市"", ""query_year"": ""115"", ""raw_desc_html"": ""變異點編號：H1211504071<br/>權責單位：桃園市<br/>查證結果：非違規<br/>變異類型：其他""}",chg.png,d468166818ad31ddfa44356c36dfaa7e0f42fbb40d65d9d5d27bf4938c41640f
115,桃園市,H1211505005,桃園市,非違規,其他,121.110798463779000,24.989838967940200,false,https://landchg.nlma.gov.tw/Module/RWD/Web/pub_exhibit.aspx,2026-05-12T08:47:08+08:00,"{""fields"": {""查證結果"": ""非違規"", ""權責單位"": ""桃園市"", ""變異類型"": ""其他"", ""變異點編號"": ""H1211505005""}, ""latitude"": ""24.989838967940200"", ""longitude"": ""121.110798463779000"", ""marker_icon"": ""chg.png"", ""query_city"": ""桃園市"", ""query_year"": ""115"", ""raw_desc_html"": ""變異點編號：H1211505005<br/>權責單位：桃園市<br/>查證結果：非違規<br/>變異類型：其他""}",chg.png,398b193bfc4137389a355375ae143fdf5f483d781e2660da6103ee0d7c5bbca8
115,桃園市,H1111501045,桃園市,違規,新增建物,121.110817797451000,24.956996103794600,true,https://landchg.nlma.gov.tw/Module/RWD/Web/pub_exhibit.aspx,2026-05-12T08:47:08+08:00,"{""fields"": {""查證結果"": ""違規"", ""權責單位"": ""桃園市"", ""變異類型"": ""新增建物"", ""變異點編號"": ""H1111501045""}, ""latitude"": ""24.956996103794600"", ""longitude"": ""121.110817797451000"", ""marker_icon"": ""chg_red.png"", ""query_city"": ""桃園市"", ""query_year"": ""115"", ""raw_desc_html"": ""變異點編號：H1111501045<br/>權責單位：桃園市<br/>查證結果：違規<br/>變異類型：新增建物""}",chg_red.png,881bfcc0a24d40d762e7ccb12adc8e0830a4180952319802d1f711bb7ebe8c08
115,桃園市,H1211504070,桃園市,非違規,整地,121.111033510202000,25.033443248547600,false,https://landchg.nlma.gov.tw/Module/RWD/Web/pub_exhibit.aspx,2026-05-12T08:47:08+08:00,"{""fields"": {""查證結果"": ""非違規"", ""權責單位"": ""桃園市"", ""變異類型"": ""整地"", ""變異點編號"": ""H1211504070""}, ""latitude"": ""25.033443248547600"", ""longitude"": ""121.111033510202000"", ""marker_icon"": ""chg.png"", ""query_city"": ""桃園市"", ""query_year"": ""115"", ""raw_desc_html"": ""變異點編號：H1211504070<br/>權責單位：桃園市<br/>查證結果：非違規<br/>變異類型：整地""}",chg.png,c9d8ba93651645d36224c1ffc3bd61e788f3e75140912ec1c0ebbd40c51d1d6a
115,桃園市,H0411504037,桃園市,違規,堆置土石方,121.111422739670000,24.915725848345200,true,https://landchg.nlma.gov.tw/Module/RWD/Web/pub_exhibit.aspx,2026-05-12T08:47:08+08:00,"{""fields"": {""查證結果"": ""違規"", ""權責單位"": ""桃園市"", ""變異類型"": ""堆置土石方"", ""變異點編號"": ""H0411504037""}, ""latitude"": ""24.915725848345200"", ""longitude"": ""121.111422739670000"", ""marker_icon"": ""chg_red.png"", ""query_city"": ""桃園市"", ""query_year"": ""115"", ""raw_desc_html"": ""變異點編號：H0411504037<br/>權責單位：桃園市<br/>查證結果：違規<br/>變異類型：堆置土石方""}",chg_red.png,cf52223d77ce9535f1687ce920440eb7bd8a47306f8072187a737f5bc57fff69
115,桃園市,AH0411504018,桃園市,非違規,休閒農業開發案件,121.111424271803000,24.896615936276600,false,https://landchg.nlma.gov.tw/Module/RWD/Web/pub_exhibit.aspx,2026-05-12T08:47:08+08:00,"{""fields"": {""查證結果"": ""非違規"", ""權責單位"": ""桃園市"", ""變異類型"": ""休閒農業開發案件"", ""變異點編號"": ""AH0411504018""}, ""latitude"": ""24.896615936276600"", ""longitude"": ""121.111424271803000"", ""marker_icon"": ""chg.png"", ""query_city"": ""桃園市"", ""query_year"": ""115"", ""raw_desc_html"": ""變異點編號：AH0411504018<br/>權責單位：桃園市<br/>查證結果：非違規<br/>變異類型：休閒農業開發案件""}",chg.png,9c50f59181e303766ab8ad9903bb018b77537bf5a3f1ed419329fadc8ceaea04
115,桃園市,H0411504108,桃園市,違規,傾倒廢棄物,121.113301906333000,24.945212375172800,true,https://landchg.nlma.gov.tw/Module/RWD/Web/pub_exhibit.aspx,2026-05-12T08:47:08+08:00,"{""fields"": {""查證結果"": ""違規"", ""權責單位"": ""桃園市"", ""變異類型"": ""傾倒廢棄物"", ""變異點編號"": ""H0411504108""}, ""latitude"": ""24.945212375172800"", ""longitude"": ""121.113301906333000"", ""marker_icon"": ""chg_red.png"", ""query_city"": ""桃園市"", ""query_year"": ""115"", ""raw_desc_html"": ""變異點編號：H0411504108<br/>權責單位：桃園市<br/>查證結果：違規<br/>變異類型：傾倒廢棄物""}",chg_red.png,b82c3bc1eee8c0d220221d147d9e1759f04ce345bb0ac7055b388483a9269b01
115,桃園市,H0411504113,桃園市,非違規,新增建物,121.113410558915000,24.928034089373100,false,https://landchg.nlma.gov.tw/Module/RWD/Web/pub_exhibit.aspx,2026-05-12T08:47:08+08:00,"{""fields"": {""查證結果"": ""非違規"", ""權責單位"": ""桃園市"", ""變異類型"": ""新增建物"", ""變異點編號"": ""H0411504113""}, ""latitude"": ""24.928034089373100"", ""longitude"": ""121.113410558915000"", ""marker_icon"": ""chg.png"", ""query_city"": ""桃園市"", ""query_year"": ""115"", ""raw_desc_html"": ""變異點編號：H0411504113<br/>權責單位：桃園市<br/>查證結果：非違規<br/>變異類型：新增建物""}",chg.png,ccd340853ba61881cd6ca3cc5526360686f8b7269c02d2995fe2d88ab1752dc9
115,桃園市,H1111501044,桃園市,違規,其他,121.118428874906000,24.969072776063800,true,https://landchg.nlma.gov.tw/Module/RWD/Web/pub_exhibit.aspx,2026-05-12T08:47:08+08:00,"{""fields"": {""查證結果"": ""違規"", ""權責單位"": ""桃園市"", ""變異類型"": ""其他"", ""變異點編號"": ""H1111501044""}, ""latitude"": ""24.969072776063800"", ""longitude"": ""121.118428874906000"", ""marker_icon"": ""chg_red.png"", ""query_city"": ""桃園市"", ""query_year"": ""115"", ""raw_desc_html"": ""變異點編號：H1111501044<br/>權責單位：桃園市<br/>查證結果：違規<br/>變異類型：其他""}",chg_red.png,8ee691736a44311e6bc962b6f3f06b5842743362cc26485d6b186b2cc563da8f
115,桃園市,H12115043003,桃園市,非違規,其他,121.119311427971000,25.036092684999000,false,https://landchg.nlma.gov.tw/Module/RWD/Web/pub_exhibit.aspx,2026-05-12T08:47:08+08:00,"{""fields"": {""查證結果"": ""非違規"", ""權責單位"": ""桃園市"", ""變異類型"": ""其他"", ""變異點編號"": ""H12115043003""}, ""latitude"": ""25.036092684999000"", ""longitude"": ""121.119311427971000"", ""marker_icon"": ""chg.png"", ""query_city"": ""桃園市"", ""query_year"": ""115"", ""raw_desc_html"": ""變異點編號：H12115043003<br/>權責單位：桃園市<br/>查證結果：非違規<br/>變異類型：其他""}",chg.png,33f9c92cd629fd523c56614516e22d6325468d9b51f0ad3736717d646fe31e38
115,桃園市,H0411504038,桃園市,非違規,作物變化,121.119530660413000,24.899282109044300,false,https://landchg.nlma.gov.tw/Module/RWD/Web/pub_exhibit.aspx,2026-05-12T08:47:08+08:00,"{""fields"": {""查證結果"": ""非違規"", ""權責單位"": ""桃園市"", ""變異類型"": ""作物變化"", ""變異點編號"": ""H0411504038""}, ""latitude"": ""24.899282109044300"", ""longitude"": ""121.119530660413000"", ""marker_icon"": ""chg.png"", ""query_city"": ""桃園市"", ""query_year"": ""115"", ""raw_desc_html"": ""變異點編號：H0411504038<br/>權責單位：桃園市<br/>查證結果：非違規<br/>變異類型：作物變化""}",chg.png,867e234c04271b8694e043b5fefed838790d7ade16824ee6f5c9282de94cfba0
115,桃園市,H0411501001,桃園市,違規,堆置土石方,121.120160568216000,24.941364172811200,true,https://landchg.nlma.gov.tw/Module/RWD/Web/pub_exhibit.aspx,2026-05-12T08:47:08+08:00,"{""fields"": {""查證結果"": ""違規"", ""權責單位"": ""桃園市"", ""變異類型"": ""堆置土石方"", ""變異點編號"": ""H0411501001""}, ""latitude"": ""24.941364172811200"", ""longitude"": ""121.120160568216000"", ""marker_icon"": ""chg_red.png"", ""query_city"": ""桃園市"", ""query_year"": ""115"", ""raw_desc_html"": ""變異點編號：H0411501001<br/>權責單位：桃園市<br/>查證結果：違規<br/>變異類型：堆置土石方""}",chg_red.png,2d2219ed9b433a0d77210fb348ae9a145ac87f3ea4a5af57f7210c873f91c92d
115,桃園市,H0411503051,桃園市,非違規,自然植被改變,121.120327849902000,24.931985108924000,false,https://landchg.nlma.gov.tw/Module/RWD/Web/pub_exhibit.aspx,2026-05-12T08:47:08+08:00,"{""fields"": {""查證結果"": ""非違規"", ""權責單位"": ""桃園市"", ""變異類型"": ""自然植被改變"", ""變異點編號"": ""H0411503051""}, ""latitude"": ""24.931985108924000"", ""longitude"": ""121.120327849902000"", ""marker_icon"": ""chg.png"", ""query_city"": ""桃園市"", ""query_year"": ""115"", ""raw_desc_html"": ""變異點編號：H0411503051<br/>權責單位：桃園市<br/>查證結果：非違規<br/>變異類型：自然植被改變""}",chg.png,74d3b6b2f66fd2726f9e0383bbd2592cd81013d3c173ad7a9b1a5d511a03fba3
115,桃園市,H0411503050,桃園市,非違規,新增建物,121.121200938595000,24.941975371284900,false,https://landchg.nlma.gov.tw/Module/RWD/Web/pub_exhibit.aspx,2026-05-12T08:47:08+08:00,"{""fields"": {""查證結果"": ""非違規"", ""權責單位"": ""桃園市"", ""變異類型"": ""新增建物"", ""變異點編號"": ""H0411503050""}, ""latitude"": ""24.941975371284900"", ""longitude"": ""121.121200938595000"", ""marker_icon"": ""chg.png"", ""query_city"": ""桃園市"", ""query_year"": ""115"", ""raw_desc_html"": ""變異點編號：H0411503050<br/>權責單位：桃園市<br/>查證結果：非違規<br/>變異類型：新增建物""}",chg.png,96bea9b2ff0730c2bbe13f7132b1fa743c2919326dfc4bc8f305575c482de025
115,桃園市,H0411504111,桃園市,違規,整地,121.121403750070000,24.939324963696700,true,https://landchg.nlma.gov.tw/Module/RWD/Web/pub_exhibit.aspx,2026-05-12T08:47:08+08:00,"{""fields"": {""查證結果"": ""違規"", ""權責單位"": ""桃園市"", ""變異類型"": ""整地"", ""變異點編號"": ""H0411504111""}, ""latitude"": ""24.939324963696700"", ""longitude"": ""121.121403750070000"", ""marker_icon"": ""chg_red.png"", ""query_city"": ""桃園市"", ""query_year"": ""115"", ""raw_desc_html"": ""變異點編號：H0411504111<br/>權責單位：桃園市<br/>查證結果：違規<br/>變異類型：整地""}",chg_red.png,30c4cb840e9a85f89e5e9e7d6cd40790fb4766f6586db7cac17802ab47c8f30e
115,桃園市,H0411504039,桃園市,非違規,移除建物,121.121994224056000,24.895835424631200,false,https://landchg.nlma.gov.tw/Module/RWD/Web/pub_exhibit.aspx,2026-05-12T08:47:08+08:00,"{""fields"": {""查證結果"": ""非違規"", ""權責單位"": ""桃園市"", ""變異類型"": ""移除建物"", ""變異點編號"": ""H0411504039""}, ""latitude"": ""24.895835424631200"", ""longitude"": ""121.121994224056000"", ""marker_icon"": ""chg.png"", ""query_city"": ""桃園市"", ""query_year"": ""115"", ""raw_desc_html"": ""變異點編號：H0411504039<br/>權責單位：桃園市<br/>查證結果：非違規<br/>變異類型：移除建物""}",chg.png,cde889603418cfc766f50f417aeb55173dc0a90abe4328f6f312db67b4d69a1b
115,桃園市,H1111503002,桃園市,違規,堆置土石方,121.123334673954000,24.986791428675300,true,https://landchg.nlma.gov.tw/Module/RWD/Web/pub_exhibit.aspx,2026-05-12T08:47:08+08:00,"{""fields"": {""查證結果"": ""違規"", ""權責單位"": ""桃園市"", ""變異類型"": ""堆置土石方"", ""變異點編號"": ""H1111503002""}, ""latitude"": ""24.986791428675300"", ""longitude"": ""121.123334673954000"", ""marker_icon"": ""chg_red.png"", ""query_city"": ""桃園市"", ""query_year"": ""115"", ""raw_desc_html"": ""變異點編號：H1111503002<br/>權責單位：桃園市<br/>查證結果：違規<br/>變異類型：堆置土石方""}",chg_red.png,63b3c8685c7ea69cdc80f931dfc662b5505b380dbdb183695ba0797fef199e84
115,桃園市,H1111503006,桃園市,違規,其他,121.125777392701000,24.956935941396200,true,https://landchg.nlma.gov.tw/Module/RWD/Web/pub_exhibit.aspx,2026-05-12T08:47:08+08:00,"{""fields"": {""查證結果"": ""違規"", ""權責單位"": ""桃園市"", ""變異類型"": ""其他"", ""變異點編號"": ""H1111503006""}, ""latitude"": ""24.956935941396200"", ""longitude"": ""121.125777392701000"", ""marker_icon"": ""chg_red.png"", ""query_city"": ""桃園市"", ""query_year"": ""115"", ""raw_desc_html"": ""變異點編號：H1111503006<br/>權責單位：桃園市<br/>查證結果：違規<br/>變異類型：其他""}",chg_red.png,df8afd8b3bab72d7d75a113d6cb9eaa38d288ac66a0bf7c3e190642a9faf450e
115,桃園市,H0411504109,桃園市,違規,道路變化,121.125876936755000,24.944442981287000,true,https://landchg.nlma.gov.tw/Module/RWD/Web/pub_exhibit.aspx,2026-05-12T08:47:08+08:00,"{""fields"": {""查證結果"": ""違規"", ""權責單位"": ""桃園市"", ""變異類型"": ""道路變化"", ""變異點編號"": ""H0411504109""}, ""latitude"": ""24.944442981287000"", ""longitude"": ""121.125876936755000"", ""marker_icon"": ""chg_red.png"", ""query_city"": ""桃園市"", ""query_year"": ""115"", ""raw_desc_html"": ""變異點編號：H0411504109<br/>權責單位：桃園市<br/>查證結果：違規<br/>變異類型：道路變化""}",chg_red.png,1bcb08f3eebdfba2c35b07ae15dabd31c1c9233863184a06b8e480054d7ea07b
115,桃園市,H1111503005,桃園市,違規,其他,121.126108483153000,24.956171618170000,true,https://landchg.nlma.gov.tw/Module/RWD/Web/pub_exhibit.aspx,2026-05-12T08:47:08+08:00,"{""fields"": {""查證結果"": ""違規"", ""權責單位"": ""桃園市"", ""變異類型"": ""其他"", ""變異點編號"": ""H1111503005""}, ""latitude"": ""24.956171618170000"", ""longitude"": ""121.126108483153000"", ""marker_icon"": ""chg_red.png"", ""query_city"": ""桃園市"", ""query_year"": ""115"", ""raw_desc_html"": ""變異點編號：H1111503005<br/>權責單位：桃園市<br/>查證結果：違規<br/>變異類型：其他""}",chg_red.png,4f378989bba3ca1276d48d47b254694759065bdf8d0a4fde3635d3f3d8589967
115,桃園市,H1111503007,桃園市,非違規,整地,121.126212546046000,24.957235874120600,false,https://landchg.nlma.gov.tw/Module/RWD/Web/pub_exhibit.aspx,2026-05-12T08:47:08+08:00,"{""fields"": {""查證結果"": ""非違規"", ""權責單位"": ""桃園市"", ""變異類型"": ""整地"", ""變異點編號"": ""H1111503007""}, ""latitude"": ""24.957235874120600"", ""longitude"": ""121.126212546046000"", ""marker_icon"": ""chg.png"", ""query_city"": ""桃園市"", ""query_year"": ""115"", ""raw_desc_html"": ""變異點編號：H1111503007<br/>權責單位：桃園市<br/>查證結果：非違規<br/>變異類型：整地""}",chg.png,5412e1c0f1cf18d93f33b1d07d8d814236deea05d703ac184b838dcd66d626e6
115,桃園市,AH0411501020,桃園市,非違規,其他,121.126797460430000,24.912985849812300,false,https://landchg.nlma.gov.tw/Module/RWD/Web/pub_exhibit.aspx,2026-05-12T08:47:08+08:00,"{""fields"": {""查證結果"": ""非違規"", ""權責單位"": ""桃園市"", ""變異類型"": ""其他"", ""變異點編號"": ""AH0411501020""}, ""latitude"": ""24.912985849812300"", ""longitude"": ""121.126797460430000"", ""marker_icon"": ""chg.png"", ""query_city"": ""桃園市"", ""query_year"": ""115"", ""raw_desc_html"": ""變異點編號：AH0411501020<br/>權責單位：桃園市<br/>查證結果：非違規<br/>變異類型：其他""}",chg.png,767cdfa5054ea037faed8725a2884edd0f94bef18adb601aaec3be752b4a6938
115,桃園市,H1211504069,桃園市,違規,新增建物,121.127148702526000,25.041228959494700,true,https://landchg.nlma.gov.tw/Module/RWD/Web/pub_exhibit.aspx,2026-05-12T08:47:08+08:00,"{""fields"": {""查證結果"": ""違規"", ""權責單位"": ""桃園市"", ""變異類型"": ""新增建物"", ""變異點編號"": ""H1211504069""}, ""latitude"": ""25.041228959494700"", ""longitude"": ""121.127148702526000"", ""marker_icon"": ""chg_red.png"", ""query_city"": ""桃園市"", ""query_year"": ""115"", ""raw_desc_html"": ""變異點編號：H1211504069<br/>權責單位：桃園市<br/>查證結果：違規<br/>變異類型：新增建物""}",chg_red.png,99efb1d02c2fd2423fc982a363d10fe78b3c0d61dea8f9daf2756080c370b437
115,桃園市,AH0411501021,桃園市,非違規,一般農業使用(含農地水土保持、農業設施、民眾闢設道路等開發案件),121.127333404639000,24.913366676545300,false,https://landchg.nlma.gov.tw/Module/RWD/Web/pub_exhibit.aspx,2026-05-12T08:47:08+08:00,"{""fields"": {""查證結果"": ""非違規"", ""權責單位"": ""桃園市"", ""變異類型"": ""一般農業使用(含農地水土保持、農業設施、民眾闢設道路等開發案件)"", ""變異點編號"": ""AH0411501021""}, ""latitude"": ""24.913366676545300"", ""longitude"": ""121.127333404639000"", ""marker_icon"": ""chg.png"", ""query_city"": ""桃園市"", ""query_year"": ""115"", ""raw_desc_html"": ""變異點編號：AH0411501021<br/>權責單位：桃園市<br/>查證結果：非違規<br/>變異類型：一般農業使用(含農地水土保持、農業設施、民眾闢設道路等開發案件)""}",chg.png,caaa8c58f1a2e7da27ba8649a2a2ab4b18eaa8ad143dc93db6c147816b022b49
115,桃園市,H1211503030,桃園市,非違規,作物變化,121.128973145960000,25.028216655012000,false,https://landchg.nlma.gov.tw/Module/RWD/Web/pub_exhibit.aspx,2026-05-12T08:47:08+08:00,"{""fields"": {""查證結果"": ""非違規"", ""權責單位"": ""桃園市"", ""變異類型"": ""作物變化"", ""變異點編號"": ""H1211503030""}, ""latitude"": ""25.028216655012000"", ""longitude"": ""121.128973145960000"", ""marker_icon"": ""chg.png"", ""query_city"": ""桃園市"", ""query_year"": ""115"", ""raw_desc_html"": ""變異點編號：H1211503030<br/>權責單位：桃園市<br/>查證結果：非違規<br/>變異類型：作物變化""}",chg.png,064f636d7c4119a879909e5d41ef838ee8b9b4e4a7a50fbe8493e8b39b278fc6
115,桃園市,80111504016,桃園市,非違規,新增建物,121.128999624311000,24.892931223000900,false,https://landchg.nlma.gov.tw/Module/RWD/Web/pub_exhibit.aspx,2026-05-12T08:47:08+08:00,"{""fields"": {""查證結果"": ""非違規"", ""權責單位"": ""桃園市"", ""變異類型"": ""新增建物"", ""變異點編號"": ""80111504016""}, ""latitude"": ""24.892931223000900"", ""longitude"": ""121.128999624311000"", ""marker_icon"": ""chg.png"", ""query_city"": ""桃園市"", ""query_year"": ""115"", ""raw_desc_html"": ""變異點編號：80111504016<br/>權責單位：桃園市<br/>查證結果：非違規<br/>變異類型：新增建物""}",chg.png,68ef6212baff538cd583310cc88e6d0aa79df88477e8bc2e6a4369e866d8abca
115,桃園市,H1211504059,桃園市,非違規,其他,121.129339017500000,25.070409275016300,false,https://landchg.nlma.gov.tw/Module/RWD/Web/pub_exhibit.aspx,2026-05-12T08:47:08+08:00,"{""fields"": {""查證結果"": ""非違規"", ""權責單位"": ""桃園市"", ""變異類型"": ""其他"", ""變異點編號"": ""H1211504059""}, ""latitude"": ""25.070409275016300"", ""longitude"": ""121.129339017500000"", ""marker_icon"": ""chg.png"", ""query_city"": ""桃園市"", ""query_year"": ""115"", ""raw_desc_html"": ""變異點編號：H1211504059<br/>權責單位：桃園市<br/>查證結果：非違規<br/>變異類型：其他""}",chg.png,95b03d68d92b16a88533b71dd87c4433f2d201d2aef0977a75211c69370c253a
115,桃園市,AH0411501019,桃園市,非違規,其他,121.130444764777000,24.917443421281800,false,https://landchg.nlma.gov.tw/Module/RWD/Web/pub_exhibit.aspx,2026-05-12T08:47:08+08:00,"{""fields"": {""查證結果"": ""非違規"", ""權責單位"": ""桃園市"", ""變異類型"": ""其他"", ""變異點編號"": ""AH0411501019""}, ""latitude"": ""24.917443421281800"", ""longitude"": ""121.130444764777000"", ""marker_icon"": ""chg.png"", ""query_city"": ""桃園市"", ""query_year"": ""115"", ""raw_desc_html"": ""變異點編號：AH0411501019<br/>權責單位：桃園市<br/>查證結果：非違規<br/>變異類型：其他""}",chg.png,03a56d401fc55761b0e1545ff8cf7f9e787a4af15b1974e0b0ec4cce75815ab6
115,桃園市,H1211504058,桃園市,非違規,其他,121.131236781265000,25.064973836531300,false,https://landchg.nlma.gov.tw/Module/RWD/Web/pub_exhibit.aspx,2026-05-12T08:47:08+08:00,"{""fields"": {""查證結果"": ""非違規"", ""權責單位"": ""桃園市"", ""變異類型"": ""其他"", ""變異點編號"": ""H1211504058""}, ""latitude"": ""25.064973836531300"", ""longitude"": ""121.131236781265000"", ""marker_icon"": ""chg.png"", ""query_city"": ""桃園市"", ""query_year"": ""115"", ""raw_desc_html"": ""變異點編號：H1211504058<br/>權責單位：桃園市<br/>查證結果：非違規<br/>變異類型：其他""}",chg.png,22cbeb2dc299b882cc2272347eb21667c92be893f3487add500fb3b3bfc5edbd
115,桃園市,H0411504112,桃園市,非違規,作物變化,121.131516065385000,24.933246863196700,false,https://landchg.nlma.gov.tw/Module/RWD/Web/pub_exhibit.aspx,2026-05-12T08:47:08+08:00,"{""fields"": {""查證結果"": ""非違規"", ""權責單位"": ""桃園市"", ""變異類型"": ""作物變化"", ""變異點編號"": ""H0411504112""}, ""latitude"": ""24.933246863196700"", ""longitude"": ""121.131516065385000"", ""marker_icon"": ""chg.png"", ""query_city"": ""桃園市"", ""query_year"": ""115"", ""raw_desc_html"": ""變異點編號：H0411504112<br/>權責單位：桃園市<br/>查證結果：非違規<br/>變異類型：作物變化""}",chg.png,44394ab6603d83cfe93e4b8abea497c402d150074388c89cfa707ced7d14cc42
115,桃園市,H0411504110,桃園市,違規,新增建物,121.132163434088000,24.938591966647000,true,https://landchg.nlma.gov.tw/Module/RWD/Web/pub_exhibit.aspx,2026-05-12T08:47:08+08:00,"{""fields"": {""查證結果"": ""違規"", ""權責單位"": ""桃園市"", ""變異類型"": ""新增建物"", ""變異點編號"": ""H0411504110""}, ""latitude"": ""24.938591966647000"", ""longitude"": ""121.132163434088000"", ""marker_icon"": ""chg_red.png"", ""query_city"": ""桃園市"", ""query_year"": ""115"", ""raw_desc_html"": ""變異點編號：H0411504110<br/>權責單位：桃園市<br/>查證結果：違規<br/>變異類型：新增建物""}",chg_red.png,4eb4af733bcac2a0656d40b94a7f011e0543517f1620ba8c772da254d370922e
115,桃園市,H12115033002,桃園市,違規,其他,121.132678077837000,25.068942176914400,true,https://landchg.nlma.gov.tw/Module/RWD/Web/pub_exhibit.aspx,2026-05-12T08:47:08+08:00,"{""fields"": {""查證結果"": ""違規"", ""權責單位"": ""桃園市"", ""變異類型"": ""其他"", ""變異點編號"": ""H12115033002""}, ""latitude"": ""25.068942176914400"", ""longitude"": ""121.132678077837000"", ""marker_icon"": ""chg_red.png"", ""query_city"": ""桃園市"", ""query_year"": ""115"", ""raw_desc_html"": ""變異點編號：H12115033002<br/>權責單位：桃園市<br/>查證結果：違規<br/>變異類型：其他""}",chg_red.png,e2ec4158ec4502998779df41fc2c970ed7511cef84b32d1c1a97dec60e1622d9
115,桃園市,H1211503003,桃園市,違規,其他,121.134036312777000,24.983423111496900,true,https://landchg.nlma.gov.tw/Module/RWD/Web/pub_exhibit.aspx,2026-05-12T08:47:08+08:00,"{""fields"": {""查證結果"": ""違規"", ""權責單位"": ""桃園市"", ""變異類型"": ""其他"", ""變異點編號"": ""H1211503003""}, ""latitude"": ""24.983423111496900"", ""longitude"": ""121.134036312777000"", ""marker_icon"": ""chg_red.png"", ""query_city"": ""桃園市"", ""query_year"": ""115"", ""raw_desc_html"": ""變異點編號：H1211503003<br/>權責單位：桃園市<br/>查證結果：違規<br/>變異類型：其他""}",chg_red.png,fad29d4b702ebea4b93b0a11c16d41eac62fa1356ed88223ec169283d9afd2ee
115,桃園市,H1211503023,桃園市,違規,移除建物,121.134710633282000,25.070795255857600,true,https://landchg.nlma.gov.tw/Module/RWD/Web/pub_exhibit.aspx,2026-05-12T08:47:08+08:00,"{""fields"": {""查證結果"": ""違規"", ""權責單位"": ""桃園市"", ""變異類型"": ""移除建物"", ""變異點編號"": ""H1211503023""}, ""latitude"": ""25.070795255857600"", ""longitude"": ""121.134710633282000"", ""marker_icon"": ""chg_red.png"", ""query_city"": ""桃園市"", ""query_year"": ""115"", ""raw_desc_html"": ""變異點編號：H1211503023<br/>權責單位：桃園市<br/>查證結果：違規<br/>變異類型：移除建物""}",chg_red.png,cb501910393c037f0dbd9e8c54079ef50728b7f22a38993fa34c79e928d96d9f
115,桃園市,H0411504114,桃園市,違規,堆置土石方,121.134993193398000,24.943995592599600,true,https://landchg.nlma.gov.tw/Module/RWD/Web/pub_exhibit.aspx,2026-05-12T08:47:08+08:00,"{""fields"": {""查證結果"": ""違規"", ""權責單位"": ""桃園市"", ""變異類型"": ""堆置土石方"", ""變異點編號"": ""H0411504114""}, ""latitude"": ""24.943995592599600"", ""longitude"": ""121.134993193398000"", ""marker_icon"": ""chg_red.png"", ""query_city"": ""桃園市"", ""query_year"": ""115"", ""raw_desc_html"": ""變異點編號：H0411504114<br/>權責單位：桃園市<br/>查證結果：違規<br/>變異類型：堆置土石方""}",chg_red.png,b35dd4138ec2716f10bc434565f690c302e8150bc9286e11ce1538dbf4ad88d2
115,桃園市,H0411503052,桃園市,非違規,新增建物,121.135146807852000,24.942324243930000,false,https://landchg.nlma.gov.tw/Module/RWD/Web/pub_exhibit.aspx,2026-05-12T08:47:08+08:00,"{""fields"": {""查證結果"": ""非違規"", ""權責單位"": ""桃園市"", ""變異類型"": ""新增建物"", ""變異點編號"": ""H0411503052""}, ""latitude"": ""24.942324243930000"", ""longitude"": ""121.135146807852000"", ""marker_icon"": ""chg.png"", ""query_city"": ""桃園市"", ""query_year"": ""115"", ""raw_desc_html"": ""變異點編號：H0411503052<br/>權責單位：桃園市<br/>查證結果：非違規<br/>變異類型：新增建物""}",chg.png,3ac906ba4c4801a39715a0488f86961c4d6a867c1ee86fb2872f6e21002d4eb4
115,桃園市,H1211501077,桃園市,非違規,整地,121.135501874858000,25.066017939323100,false,https://landchg.nlma.gov.tw/Module/RWD/Web/pub_exhibit.aspx,2026-05-12T08:47:08+08:00,"{""fields"": {""查證結果"": ""非違規"", ""權責單位"": ""桃園市"", ""變異類型"": ""整地"", ""變異點編號"": ""H1211501077""}, ""latitude"": ""25.066017939323100"", ""longitude"": ""121.135501874858000"", ""marker_icon"": ""chg.png"", ""query_city"": ""桃園市"", ""query_year"": ""115"", ""raw_desc_html"": ""變異點編號：H1211501077<br/>權責單位：桃園市<br/>查證結果：非違規<br/>變異類型：整地""}",chg.png,7030f3e5f883072b996b26265cd8aac6384bc2afcce918114584fff0beb637a9
115,桃園市,H1211501075,桃園市,非違規,整地,121.136062625604000,25.070627941034100,false,https://landchg.nlma.gov.tw/Module/RWD/Web/pub_exhibit.aspx,2026-05-12T08:47:08+08:00,"{""fields"": {""查證結果"": ""非違規"", ""權責單位"": ""桃園市"", ""變異類型"": ""整地"", ""變異點編號"": ""H1211501075""}, ""latitude"": ""25.070627941034100"", ""longitude"": ""121.136062625604000"", ""marker_icon"": ""chg.png"", ""query_city"": ""桃園市"", ""query_year"": ""115"", ""raw_desc_html"": ""變異點編號：H1211501075<br/>權責單位：桃園市<br/>查證結果：非違規<br/>變異類型：整地""}",chg.png,fbe791945bfb9698117d69a2e37fd8b55626bbbf9cf92d6fe527ea46d25963c4
115,桃園市,H1211503024,桃園市,非違規,整地,121.136174619337000,25.065504739060200,false,https://landchg.nlma.gov.tw/Module/RWD/Web/pub_exhibit.aspx,2026-05-12T08:47:08+08:00,"{""fields"": {""查證結果"": ""非違規"", ""權責單位"": ""桃園市"", ""變異類型"": ""整地"", ""變異點編號"": ""H1211503024""}, ""latitude"": ""25.065504739060200"", ""longitude"": ""121.136174619337000"", ""marker_icon"": ""chg.png"", ""query_city"": ""桃園市"", ""query_year"": ""115"", ""raw_desc_html"": ""變異點編號：H1211503024<br/>權責單位：桃園市<br/>查證結果：非違規<br/>變異類型：整地""}",chg.png,a8f4444551f75f17379dea4124dd572fc21dcdbb7c9cf3b4f5d30fcaec4d3260
115,桃園市,H1211501076,桃園市,非違規,整地,121.136175515855000,25.071652682930100,false,https://landchg.nlma.gov.tw/Module/RWD/Web/pub_exhibit.aspx,2026-05-12T08:47:08+08:00,"{""fields"": {""查證結果"": ""非違規"", ""權責單位"": ""桃園市"", ""變異類型"": ""整地"", ""變異點編號"": ""H1211501076""}, ""latitude"": ""25.071652682930100"", ""longitude"": ""121.136175515855000"", ""marker_icon"": ""chg.png"", ""query_city"": ""桃園市"", ""query_year"": ""115"", ""raw_desc_html"": ""變異點編號：H1211501076<br/>權責單位：桃園市<br/>查證結果：非違規<br/>變異類型：整地""}",chg.png,b659d4648acb339e3f0cf20447e7401b1673882f5ab32f9caf12f549b88823df
115,桃園市,H12115013001,桃園市,非違規,整地,121.136422850822000,25.052348431960100,false,https://landchg.nlma.gov.tw/Module/RWD/Web/pub_exhibit.aspx,2026-05-12T08:47:08+08:00,"{""fields"": {""查證結果"": ""非違規"", ""權責單位"": ""桃園市"", ""變異類型"": ""整地"", ""變異點編號"": ""H12115013001""}, ""latitude"": ""25.052348431960100"", ""longitude"": ""121.136422850822000"", ""marker_icon"": ""chg.png"", ""query_city"": ""桃園市"", ""query_year"": ""115"", ""raw_desc_html"": ""變異點編號：H12115013001<br/>權責單位：桃園市<br/>查證結果：非違規<br/>變異類型：整地""}",chg.png,ea33a3e6d48975f0a59fcc48fa8c97a4cf186dea35dda1323ede7174c3888cb2
115,桃園市,H1211503025,桃園市,非違規,整地,121.136461146305000,25.066454287499800,false,https://landchg.nlma.gov.tw/Module/RWD/Web/pub_exhibit.aspx,2026-05-12T08:47:08+08:00,"{""fields"": {""查證結果"": ""非違規"", ""權責單位"": ""桃園市"", ""變異類型"": ""整地"", ""變異點編號"": ""H1211503025""}, ""latitude"": ""25.066454287499800"", ""longitude"": ""121.136461146305000"", ""marker_icon"": ""chg.png"", ""query_city"": ""桃園市"", ""query_year"": ""115"", ""raw_desc_html"": ""變異點編號：H1211503025<br/>權責單位：桃園市<br/>查證結果：非違規<br/>變異類型：整地""}",chg.png,ddd3e5be795618ac109e3a3979e4cd7989a53a38cbcba2323a09d4cc16224ae5
115,桃園市,AH0411501023,桃園市,非違規,其他,121.136975331678000,24.886725318675300,false,https://landchg.nlma.gov.tw/Module/RWD/Web/pub_exhibit.aspx,2026-05-12T08:47:08+08:00,"{""fields"": {""查證結果"": ""非違規"", ""權責單位"": ""桃園市"", ""變異類型"": ""其他"", ""變異點編號"": ""AH0411501023""}, ""latitude"": ""24.886725318675300"", ""longitude"": ""121.136975331678000"", ""marker_icon"": ""chg.png"", ""query_city"": ""桃園市"", ""query_year"": ""115"", ""raw_desc_html"": ""變異點編號：AH0411501023<br/>權責單位：桃園市<br/>查證結果：非違規<br/>變異類型：其他""}",chg.png,4f1e067b1b6bcf5009be7a722b8fd95098d2731658a492ed98dd04335bdd1bb5
115,桃園市,H1211501100,桃園市,非違規,其他,121.137094203351000,25.018397338309500,false,https://landchg.nlma.gov.tw/Module/RWD/Web/pub_exhibit.aspx,2026-05-12T08:47:08+08:00,"{""fields"": {""查證結果"": ""非違規"", ""權責單位"": ""桃園市"", ""變異類型"": ""其他"", ""變異點編號"": ""H1211501100""}, ""latitude"": ""25.018397338309500"", ""longitude"": ""121.137094203351000"", ""marker_icon"": ""chg.png"", ""query_city"": ""桃園市"", ""query_year"": ""115"", ""raw_desc_html"": ""變異點編號：H1211501100<br/>權責單位：桃園市<br/>查證結果：非違規<br/>變異類型：其他""}",chg.png,6d0555ce81f748b4ebd3c9ace76aaf2ed3c7cda23464cb53880571b89030f033
115,桃園市,H1211503022,桃園市,違規,堆置土石方,121.137128716951000,25.071154287764900,true,https://landchg.nlma.gov.tw/Module/RWD/Web/pub_exhibit.aspx,2026-05-12T08:47:08+08:00,"{""fields"": {""查證結果"": ""違規"", ""權責單位"": ""桃園市"", ""變異類型"": ""堆置土石方"", ""變異點編號"": ""H1211503022""}, ""latitude"": ""25.071154287764900"", ""longitude"": ""121.137128716951000"", ""marker_icon"": ""chg_red.png"", ""query_city"": ""桃園市"", ""query_year"": ""115"", ""raw_desc_html"": ""變異點編號：H1211503022<br/>權責單位：桃園市<br/>查證結果：違規<br/>變異類型：堆置土石方""}",chg_red.png,2965e18fe7583a216cec22325bf01e168b5f5c9fdb34417276f16a12ef31bb2f
115,桃園市,H1211501079,桃園市,非違規,新增建物,121.137233142303000,25.058067223207100,false,https://landchg.nlma.gov.tw/Module/RWD/Web/pub_exhibit.aspx,2026-05-12T08:47:08+08:00,"{""fields"": {""查證結果"": ""非違規"", ""權責單位"": ""桃園市"", ""變異類型"": ""新增建物"", ""變異點編號"": ""H1211501079""}, ""latitude"": ""25.058067223207100"", ""longitude"": ""121.137233142303000"", ""marker_icon"": ""chg.png"", ""query_city"": ""桃園市"", ""query_year"": ""115"", ""raw_desc_html"": ""變異點編號：H1211501079<br/>權責單位：桃園市<br/>查證結果：非違規<br/>變異類型：新增建物""}",chg.png,05f98c6153aec40376f592700829a24c8aabdb4e1b756e6a08e8072d7fab8b23
115,桃園市,H0411504126,桃園市,非違規,自然植被改變,121.137955113542000,24.906491127659200,false,https://landchg.nlma.gov.tw/Module/RWD/Web/pub_exhibit.aspx,2026-05-12T08:47:08+08:00,"{""fields"": {""查證結果"": ""非違規"", ""權責單位"": ""桃園市"", ""變異類型"": ""自然植被改變"", ""變異點編號"": ""H0411504126""}, ""latitude"": ""24.906491127659200"", ""longitude"": ""121.137955113542000"", ""marker_icon"": ""chg.png"", ""query_city"": ""桃園市"", ""query_year"": ""115"", ""raw_desc_html"": ""變異點編號：H0411504126<br/>權責單位：桃園市<br/>查證結果：非違規<br/>變異類型：自然植被改變""}",chg.png,f96c562f684b9bc08cc3e3733e44e887bc47cb8f1e0345f9950c09f60c04e6d9
115,桃園市,H0411501007,桃園市,違規,堆置土石方,121.141466321277000,24.922687550594000,true,https://landchg.nlma.gov.tw/Module/RWD/Web/pub_exhibit.aspx,2026-05-12T08:47:08+08:00,"{""fields"": {""查證結果"": ""違規"", ""權責單位"": ""桃園市"", ""變異類型"": ""堆置土石方"", ""變異點編號"": ""H0411501007""}, ""latitude"": ""24.922687550594000"", ""longitude"": ""121.141466321277000"", ""marker_icon"": ""chg_red.png"", ""query_city"": ""桃園市"", ""query_year"": ""115"", ""raw_desc_html"": ""變異點編號：H0411501007<br/>權責單位：桃園市<br/>查證結果：違規<br/>變異類型：堆置土石方""}",chg_red.png,58ee7c3febe702cbcac3e14855fbea7b34e763a5810b6c9dfe3dad19f33d2b41
115,桃園市,H1211503031,桃園市,違規,新增建物,121.141572110543000,25.030173862792100,true,https://landchg.nlma.gov.tw/Module/RWD/Web/pub_exhibit.aspx,2026-05-12T08:47:08+08:00,"{""fields"": {""查證結果"": ""違規"", ""權責單位"": ""桃園市"", ""變異類型"": ""新增建物"", ""變異點編號"": ""H1211503031""}, ""latitude"": ""25.030173862792100"", ""longitude"": ""121.141572110543000"", ""marker_icon"": ""chg_red.png"", ""query_city"": ""桃園市"", ""query_year"": ""115"", ""raw_desc_html"": ""變異點編號：H1211503031<br/>權責單位：桃園市<br/>查證結果：違規<br/>變異類型：新增建物""}",chg_red.png,199c8eb0cf50bf4eb4af312df1588ac54d1d4fdfe2e479a824e0610bf321c297
115,桃園市,AH0411503053,桃園市,非違規,其他,121.143324337319000,24.892174048272300,false,https://landchg.nlma.gov.tw/Module/RWD/Web/pub_exhibit.aspx,2026-05-12T08:47:08+08:00,"{""fields"": {""查證結果"": ""非違規"", ""權責單位"": ""桃園市"", ""變異類型"": ""其他"", ""變異點編號"": ""AH0411503053""}, ""latitude"": ""24.892174048272300"", ""longitude"": ""121.143324337319000"", ""marker_icon"": ""chg.png"", ""query_city"": ""桃園市"", ""query_year"": ""115"", ""raw_desc_html"": ""變異點編號：AH0411503053<br/>權責單位：桃園市<br/>查證結果：非違規<br/>變異類型：其他""}",chg.png,7177558b037799f54f798eb7a9e0ba1faf3d1fdd2232025b5c2609374227fe5d
115,桃園市,H1211501038,桃園市,非違規,整地,121.144006652771000,25.042057911713400,false,https://landchg.nlma.gov.tw/Module/RWD/Web/pub_exhibit.aspx,2026-05-12T08:47:08+08:00,"{""fields"": {""查證結果"": ""非違規"", ""權責單位"": ""桃園市"", ""變異類型"": ""整地"", ""變異點編號"": ""H1211501038""}, ""latitude"": ""25.042057911713400"", ""longitude"": ""121.144006652771000"", ""marker_icon"": ""chg.png"", ""query_city"": ""桃園市"", ""query_year"": ""115"", ""raw_desc_html"": ""變異點編號：H1211501038<br/>權責單位：桃園市<br/>查證結果：非違規<br/>變異類型：整地""}",chg.png,340d9d967e49b2f632f960fc55bdf4494e5209757e2e855358b55a1813c10078
115,桃園市,80111504030,桃園市,非違規,自然植被改變,121.145288622242000,24.889160026792600,false,https://landchg.nlma.gov.tw/Module/RWD/Web/pub_exhibit.aspx,2026-05-12T08:47:08+08:00,"{""fields"": {""查證結果"": ""非違規"", ""權責單位"": ""桃園市"", ""變異類型"": ""自然植被改變"", ""變異點編號"": ""80111504030""}, ""latitude"": ""24.889160026792600"", ""longitude"": ""121.145288622242000"", ""marker_icon"": ""chg.png"", ""query_city"": ""桃園市"", ""query_year"": ""115"", ""raw_desc_html"": ""變異點編號：80111504030<br/>權責單位：桃園市<br/>查證結果：非違規<br/>變異類型：自然植被改變""}",chg.png,168ae46c87ea8fab912b91fc88fa9975e9931364022bed920f862398161fc3f0
115,桃園市,AH0411504038,桃園市,非違規,其他,121.145288622242000,24.889160026792600,false,https://landchg.nlma.gov.tw/Module/RWD/Web/pub_exhibit.aspx,2026-05-12T08:47:08+08:00,"{""fields"": {""查證結果"": ""非違規"", ""權責單位"": ""桃園市"", ""變異類型"": ""其他"", ""變異點編號"": ""AH0411504038""}, ""latitude"": ""24.889160026792600"", ""longitude"": ""121.145288622242000"", ""marker_icon"": ""chg.png"", ""query_city"": ""桃園市"", ""query_year"": ""115"", ""raw_desc_html"": ""變異點編號：AH0411504038<br/>權責單位：桃園市<br/>查證結果：非違規<br/>變異類型：其他""}",chg.png,51e2f03c86f22eb29d174a0b88b5078be9708b9beb9ee341ebf6db43c44e53f7
115,桃園市,80111503008,桃園市,非違規,自然植被改變,121.145349251813000,24.889052494532400,false,https://landchg.nlma.gov.tw/Module/RWD/Web/pub_exhibit.aspx,2026-05-12T08:47:08+08:00,"{""fields"": {""查證結果"": ""非違規"", ""權責單位"": ""桃園市"", ""變異類型"": ""自然植被改變"", ""變異點編號"": ""80111503008""}, ""latitude"": ""24.889052494532400"", ""longitude"": ""121.145349251813000"", ""marker_icon"": ""chg.png"", ""query_city"": ""桃園市"", ""query_year"": ""115"", ""raw_desc_html"": ""變異點編號：80111503008<br/>權責單位：桃園市<br/>查證結果：非違規<br/>變異類型：自然植被改變""}",chg.png,2b64d281405329303da7e177a28391d5551c355a7c2f43fc41cef41f229b642a
115,桃園市,AH0411503051,桃園市,非違規,其他,121.145349251813000,24.889052494532400,false,https://landchg.nlma.gov.tw/Module/RWD/Web/pub_exhibit.aspx,2026-05-12T08:47:08+08:00,"{""fields"": {""查證結果"": ""非違規"", ""權責單位"": ""桃園市"", ""變異類型"": ""其他"", ""變異點編號"": ""AH0411503051""}, ""latitude"": ""24.889052494532400"", ""longitude"": ""121.145349251813000"", ""marker_icon"": ""chg.png"", ""query_city"": ""桃園市"", ""query_year"": ""115"", ""raw_desc_html"": ""變異點編號：AH0411503051<br/>權責單位：桃園市<br/>查證結果：非違規<br/>變異類型：其他""}",chg.png,d000764f81bb14ce0345015d92729a73b6850e34255734bb7a3f7c620f335063
115,桃園市,H0411501003,桃園市,違規,新增建物,121.147191244782000,24.929868336170700,true,https://landchg.nlma.gov.tw/Module/RWD/Web/pub_exhibit.aspx,2026-05-12T08:47:08+08:00,"{""fields"": {""查證結果"": ""違規"", ""權責單位"": ""桃園市"", ""變異類型"": ""新增建物"", ""變異點編號"": ""H0411501003""}, ""latitude"": ""24.929868336170700"", ""longitude"": ""121.147191244782000"", ""marker_icon"": ""chg_red.png"", ""query_city"": ""桃園市"", ""query_year"": ""115"", ""raw_desc_html"": ""變異點編號：H0411501003<br/>權責單位：桃園市<br/>查證結果：違規<br/>變異類型：新增建物""}",chg_red.png,9d983f094444778dd94d2ecd5bf32dd01ea6e65dbb94de052843f6585422eaaa
115,桃園市,H0411504115,桃園市,非違規,新增建物,121.147232033121000,24.938547734567700,false,https://landchg.nlma.gov.tw/Module/RWD/Web/pub_exhibit.aspx,2026-05-12T08:47:08+08:00,"{""fields"": {""查證結果"": ""非違規"", ""權責單位"": ""桃園市"", ""變異類型"": ""新增建物"", ""變異點編號"": ""H0411504115""}, ""latitude"": ""24.938547734567700"", ""longitude"": ""121.147232033121000"", ""marker_icon"": ""chg.png"", ""query_city"": ""桃園市"", ""query_year"": ""115"", ""raw_desc_html"": ""變異點編號：H0411504115<br/>權責單位：桃園市<br/>查證結果：非違規<br/>變異類型：新增建物""}",chg.png,8bf6eb35bb69c0e9bea298abc28cba92adce95a7b2e39938cd12abcded8b33c0
115,桃園市,H1111503008,桃園市,違規,堆置土石方,121.147237953048000,24.951417640656900,true,https://landchg.nlma.gov.tw/Module/RWD/Web/pub_exhibit.aspx,2026-05-12T08:47:08+08:00,"{""fields"": {""查證結果"": ""違規"", ""權責單位"": ""桃園市"", ""變異類型"": ""堆置土石方"", ""變異點編號"": ""H1111503008""}, ""latitude"": ""24.951417640656900"", ""longitude"": ""121.147237953048000"", ""marker_icon"": ""chg_red.png"", ""query_city"": ""桃園市"", ""query_year"": ""115"", ""raw_desc_html"": ""變異點編號：H1111503008<br/>權責單位：桃園市<br/>查證結果：違規<br/>變異類型：堆置土石方""}",chg_red.png,17bcdc7751d2d6c001b01af09fb5abdd26e4227e92445eb366714ada3574e85d
115,桃園市,H0411504116,桃園市,違規,整地,121.147771038862000,24.927058864304700,true,https://landchg.nlma.gov.tw/Module/RWD/Web/pub_exhibit.aspx,2026-05-12T08:47:08+08:00,"{""fields"": {""查證結果"": ""違規"", ""權責單位"": ""桃園市"", ""變異類型"": ""整地"", ""變異點編號"": ""H0411504116""}, ""latitude"": ""24.927058864304700"", ""longitude"": ""121.147771038862000"", ""marker_icon"": ""chg_red.png"", ""query_city"": ""桃園市"", ""query_year"": ""115"", ""raw_desc_html"": ""變異點編號：H0411504116<br/>權責單位：桃園市<br/>查證結果：違規<br/>變異類型：整地""}",chg_red.png,873143e4546545f09c300e1d3d634bf969cbf78b04536438e4f607e12b828a20
115,桃園市,H1211503026,桃園市,非違規,整地,121.148082606752000,25.072761971200700,false,https://landchg.nlma.gov.tw/Module/RWD/Web/pub_exhibit.aspx,2026-05-12T08:47:08+08:00,"{""fields"": {""查證結果"": ""非違規"", ""權責單位"": ""桃園市"", ""變異類型"": ""整地"", ""變異點編號"": ""H1211503026""}, ""latitude"": ""25.072761971200700"", ""longitude"": ""121.148082606752000"", ""marker_icon"": ""chg.png"", ""query_city"": ""桃園市"", ""query_year"": ""115"", ""raw_desc_html"": ""變異點編號：H1211503026<br/>權責單位：桃園市<br/>查證結果：非違規<br/>變異類型：整地""}",chg.png,367e304f98e5b8dd2cc2268d137cb60f0b73ff49c5e346750e632180d7a553a6
115,桃園市,H1211501080,桃園市,非違規,其他,121.148463531421000,25.056476691411000,false,https://landchg.nlma.gov.tw/Module/RWD/Web/pub_exhibit.aspx,2026-05-12T08:47:08+08:00,"{""fields"": {""查證結果"": ""非違規"", ""權責單位"": ""桃園市"", ""變異類型"": ""其他"", ""變異點編號"": ""H1211501080""}, ""latitude"": ""25.056476691411000"", ""longitude"": ""121.148463531421000"", ""marker_icon"": ""chg.png"", ""query_city"": ""桃園市"", ""query_year"": ""115"", ""raw_desc_html"": ""變異點編號：H1211501080<br/>權責單位：桃園市<br/>查證結果：非違規<br/>變異類型：其他""}",chg.png,29ef7e2e4583db78a6da1fa7cd3a88a07f0c6f107cdbf122738f0e0f50a8ee58
115,桃園市,H1211501078,桃園市,非違規,整地,121.148473872663000,25.073008791288000,false,https://landchg.nlma.gov.tw/Module/RWD/Web/pub_exhibit.aspx,2026-05-12T08:47:08+08:00,"{""fields"": {""查證結果"": ""非違規"", ""權責單位"": ""桃園市"", ""變異類型"": ""整地"", ""變異點編號"": ""H1211501078""}, ""latitude"": ""25.073008791288000"", ""longitude"": ""121.148473872663000"", ""marker_icon"": ""chg.png"", ""query_city"": ""桃園市"", ""query_year"": ""115"", ""raw_desc_html"": ""變異點編號：H1211501078<br/>權責單位：桃園市<br/>查證結果：非違規<br/>變異類型：整地""}",chg.png,d1a73ae0cf4064cbf790fd1244278875ddaf192a44759061158b1b66fdebc4a6
115,桃園市,H1211504049,桃園市,非違規,整地,121.148649865566000,25.074232280402300,false,https://landchg.nlma.gov.tw/Module/RWD/Web/pub_exhibit.aspx,2026-05-12T08:47:08+08:00,"{""fields"": {""查證結果"": ""非違規"", ""權責單位"": ""桃園市"", ""變異類型"": ""整地"", ""變異點編號"": ""H1211504049""}, ""latitude"": ""25.074232280402300"", ""longitude"": ""121.148649865566000"", ""marker_icon"": ""chg.png"", ""query_city"": ""桃園市"", ""query_year"": ""115"", ""raw_desc_html"": ""變異點編號：H1211504049<br/>權責單位：桃園市<br/>查證結果：非違規<br/>變異類型：整地""}",chg.png,880ebe412aabaf020ceef3d9de0266e1610a07087d48a5c4bcb5e49797bb6cf4
115,桃園市,AH0411503052,桃園市,非違規,其他,121.148829826302000,24.886324072312200,false,https://landchg.nlma.gov.tw/Module/RWD/Web/pub_exhibit.aspx,2026-05-12T08:47:08+08:00,"{""fields"": {""查證結果"": ""非違規"", ""權責單位"": ""桃園市"", ""變異類型"": ""其他"", ""變異點編號"": ""AH0411503052""}, ""latitude"": ""24.886324072312200"", ""longitude"": ""121.148829826302000"", ""marker_icon"": ""chg.png"", ""query_city"": ""桃園市"", ""query_year"": ""115"", ""raw_desc_html"": ""變異點編號：AH0411503052<br/>權責單位：桃園市<br/>查證結果：非違規<br/>變異類型：其他""}",chg.png,fa99ef4a90600ef0ad5d01ef75f65b0309e6dbfc47db2ccce79d446cfc7f4917
115,桃園市,H0411501002,桃園市,違規,堆置土石方,121.149277944402000,24.947714118626000,true,https://landchg.nlma.gov.tw/Module/RWD/Web/pub_exhibit.aspx,2026-05-12T08:47:08+08:00,"{""fields"": {""查證結果"": ""違規"", ""權責單位"": ""桃園市"", ""變異類型"": ""堆置土石方"", ""變異點編號"": ""H0411501002""}, ""latitude"": ""24.947714118626000"", ""longitude"": ""121.149277944402000"", ""marker_icon"": ""chg_red.png"", ""query_city"": ""桃園市"", ""query_year"": ""115"", ""raw_desc_html"": ""變異點編號：H0411501002<br/>權責單位：桃園市<br/>查證結果：違規<br/>變異類型：堆置土石方""}",chg_red.png,7a6f0035c217935ef4b37b7e80f310fb30ddfaa901de23afbda19b38dd00efe7
115,桃園市,H1211504048,桃園市,非違規,其他,121.149689922901000,25.074159626665500,false,https://landchg.nlma.gov.tw/Module/RWD/Web/pub_exhibit.aspx,2026-05-12T08:47:08+08:00,"{""fields"": {""查證結果"": ""非違規"", ""權責單位"": ""桃園市"", ""變異類型"": ""其他"", ""變異點編號"": ""H1211504048""}, ""latitude"": ""25.074159626665500"", ""longitude"": ""121.149689922901000"", ""marker_icon"": ""chg.png"", ""query_city"": ""桃園市"", ""query_year"": ""115"", ""raw_desc_html"": ""變異點編號：H1211504048<br/>權責單位：桃園市<br/>查證結果：非違規<br/>變異類型：其他""}",chg.png,c508f423955764451b30ad7abbd233d6daf972099e457c3844b1c1347ca9b0ee
115,桃園市,H1211501101,桃園市,非違規,新增建物,121.150272400635000,25.013772486909200,false,https://landchg.nlma.gov.tw/Module/RWD/Web/pub_exhibit.aspx,2026-05-12T08:47:08+08:00,"{""fields"": {""查證結果"": ""非違規"", ""權責單位"": ""桃園市"", ""變異類型"": ""新增建物"", ""變異點編號"": ""H1211501101""}, ""latitude"": ""25.013772486909200"", ""longitude"": ""121.150272400635000"", ""marker_icon"": ""chg.png"", ""query_city"": ""桃園市"", ""query_year"": ""115"", ""raw_desc_html"": ""變異點編號：H1211501101<br/>權責單位：桃園市<br/>查證結果：非違規<br/>變異類型：新增建物""}",chg.png,c7d78e079e48c32d1d0aa0bf1d9a21a26ea5b853d97cffa3f20780f85819001d
115,桃園市,H0411504117,桃園市,非違規,新增建物,121.150399731663000,24.927530107876400,false,https://landchg.nlma.gov.tw/Module/RWD/Web/pub_exhibit.aspx,2026-05-12T08:47:08+08:00,"{""fields"": {""查證結果"": ""非違規"", ""權責單位"": ""桃園市"", ""變異類型"": ""新增建物"", ""變異點編號"": ""H0411504117""}, ""latitude"": ""24.927530107876400"", ""longitude"": ""121.150399731663000"", ""marker_icon"": ""chg.png"", ""query_city"": ""桃園市"", ""query_year"": ""115"", ""raw_desc_html"": ""變異點編號：H0411504117<br/>權責單位：桃園市<br/>查證結果：非違規<br/>變異類型：新增建物""}",chg.png,4e50825e99e30fde0b686e6dc38c9ffab0b4793b5ab339ea15a2a081adfbe9d2
115,桃園市,H1211503035,桃園市,非違規,整地,121.150579182623000,25.002678809172100,false,https://landchg.nlma.gov.tw/Module/RWD/Web/pub_exhibit.aspx,2026-05-12T08:47:08+08:00,"{""fields"": {""查證結果"": ""非違規"", ""權責單位"": ""桃園市"", ""變異類型"": ""整地"", ""變異點編號"": ""H1211503035""}, ""latitude"": ""25.002678809172100"", ""longitude"": ""121.150579182623000"", ""marker_icon"": ""chg.png"", ""query_city"": ""桃園市"", ""query_year"": ""115"", ""raw_desc_html"": ""變異點編號：H1211503035<br/>權責單位：桃園市<br/>查證結果：非違規<br/>變異類型：整地""}",chg.png,352944b4c3eec64d2a7b3df20e49accf84421a2fbdad292b579999193802ae27
115,桃園市,H1111501047,桃園市,非違規,整地,121.150745851626000,24.956638540663800,false,https://landchg.nlma.gov.tw/Module/RWD/Web/pub_exhibit.aspx,2026-05-12T08:47:08+08:00,"{""fields"": {""查證結果"": ""非違規"", ""權責單位"": ""桃園市"", ""變異類型"": ""整地"", ""變異點編號"": ""H1111501047""}, ""latitude"": ""24.956638540663800"", ""longitude"": ""121.150745851626000"", ""marker_icon"": ""chg.png"", ""query_city"": ""桃園市"", ""query_year"": ""115"", ""raw_desc_html"": ""變異點編號：H1111501047<br/>權責單位：桃園市<br/>查證結果：非違規<br/>變異類型：整地""}",chg.png,d4b5460643c2a26a607eb4edeedf653911afaa4848a3acd786bac914d27b2980
115,桃園市,H1211501089,桃園市,違規,新增建物,121.152443577890000,25.039199423953300,true,https://landchg.nlma.gov.tw/Module/RWD/Web/pub_exhibit.aspx,2026-05-12T08:47:08+08:00,"{""fields"": {""查證結果"": ""違規"", ""權責單位"": ""桃園市"", ""變異類型"": ""新增建物"", ""變異點編號"": ""H1211501089""}, ""latitude"": ""25.039199423953300"", ""longitude"": ""121.152443577890000"", ""marker_icon"": ""chg_red.png"", ""query_city"": ""桃園市"", ""query_year"": ""115"", ""raw_desc_html"": ""變異點編號：H1211501089<br/>權責單位：桃園市<br/>查證結果：違規<br/>變異類型：新增建物""}",chg_red.png,7b02c7074ef07be6fc7fe98589b53cb8566b16c318c61c380504dc46d2cc2e84
115,桃園市,H1211503027,桃園市,非違規,整地,121.152845902633000,25.058927842723000,false,https://landchg.nlma.gov.tw/Module/RWD/Web/pub_exhibit.aspx,2026-05-12T08:47:08+08:00,"{""fields"": {""查證結果"": ""非違規"", ""權責單位"": ""桃園市"", ""變異類型"": ""整地"", ""變異點編號"": ""H1211503027""}, ""latitude"": ""25.058927842723000"", ""longitude"": ""121.152845902633000"", ""marker_icon"": ""chg.png"", ""query_city"": ""桃園市"", ""query_year"": ""115"", ""raw_desc_html"": ""變異點編號：H1211503027<br/>權責單位：桃園市<br/>查證結果：非違規<br/>變異類型：整地""}",chg.png,b9f80f900c071d62d0764be3e2a3f6288d2f02a7beb7216cd1855eed1fa0fe30
115,桃園市,21511501056,桃園市,無法現場查驗,,121.152998102588000,25.058091629567400,false,https://landchg.nlma.gov.tw/Module/RWD/Web/pub_exhibit.aspx,2026-05-12T08:47:08+08:00,"{""fields"": {""查證結果"": ""無法現場查驗"", ""權責單位"": ""桃園市"", ""變異點編號"": ""21511501056""}, ""latitude"": ""25.058091629567400"", ""longitude"": ""121.152998102588000"", ""marker_icon"": ""chg.png"", ""query_city"": ""桃園市"", ""query_year"": ""115"", ""raw_desc_html"": ""變異點編號：21511501056<br/>權責單位：桃園市<br/>查證結果：無法現場查驗""}",chg.png,bb18cc6239308dee5e25cf3eabb195895b0e4a96c6e47131548f7fc33d280973
115,桃園市,H0411503058,桃園市,非違規,整地,121.153890247995000,24.915324482519200,false,https://landchg.nlma.gov.tw/Module/RWD/Web/pub_exhibit.aspx,2026-05-12T08:47:08+08:00,"{""fields"": {""查證結果"": ""非違規"", ""權責單位"": ""桃園市"", ""變異類型"": ""整地"", ""變異點編號"": ""H0411503058""}, ""latitude"": ""24.915324482519200"", ""longitude"": ""121.153890247995000"", ""marker_icon"": ""chg.png"", ""query_city"": ""桃園市"", ""query_year"": ""115"", ""raw_desc_html"": ""變異點編號：H0411503058<br/>權責單位：桃園市<br/>查證結果：非違規<br/>變異類型：整地""}",chg.png,259645d2ef796a4de6251fd957791770708f6b893d134337f8862b95739fc6f1
115,桃園市,AH0911501027,桃園市,非違規,一般農業使用(含農地水土保持、農業設施、民眾闢設道路等開發案件),121.153930899462000,24.845604772766200,false,https://landchg.nlma.gov.tw/Module/RWD/Web/pub_exhibit.aspx,2026-05-12T08:47:08+08:00,"{""fields"": {""查證結果"": ""非違規"", ""權責單位"": ""桃園市"", ""變異類型"": ""一般農業使用(含農地水土保持、農業設施、民眾闢設道路等開發案件)"", ""變異點編號"": ""AH0911501027""}, ""latitude"": ""24.845604772766200"", ""longitude"": ""121.153930899462000"", ""marker_icon"": ""chg.png"", ""query_city"": ""桃園市"", ""query_year"": ""115"", ""raw_desc_html"": ""變異點編號：AH0911501027<br/>權責單位：桃園市<br/>查證結果：非違規<br/>變異類型：一般農業使用(含農地水土保持、農業設施、民眾闢設道路等開發案件)""}",chg.png,fdeaa3aa9d706253b8eb16701f3005cce29aec2b219cfe25bc59b4f5dae3994b
115,桃園市,H0311501046,桃園市,違規,堆置土石方,121.154021529238000,24.967858784515800,true,https://landchg.nlma.gov.tw/Module/RWD/Web/pub_exhibit.aspx,2026-05-12T08:47:08+08:00,"{""fields"": {""查證結果"": ""違規"", ""權責單位"": ""桃園市"", ""變異類型"": ""堆置土石方"", ""變異點編號"": ""H0311501046""}, ""latitude"": ""24.967858784515800"", ""longitude"": ""121.154021529238000"", ""marker_icon"": ""chg_red.png"", ""query_city"": ""桃園市"", ""query_year"": ""115"", ""raw_desc_html"": ""變異點編號：H0311501046<br/>權責單位：桃園市<br/>查證結果：違規<br/>變異類型：堆置土石方""}",chg_red.png,07f1cd2fe4719ce2810fe66e8922c5a9c999ac37bfcdac7a49802be1017d4a7f
115,桃園市,H1211505006,桃園市,非違規,作物變化,121.154295165993000,24.991255102689100,false,https://landchg.nlma.gov.tw/Module/RWD/Web/pub_exhibit.aspx,2026-05-12T08:47:08+08:00,"{""fields"": {""查證結果"": ""非違規"", ""權責單位"": ""桃園市"", ""變異類型"": ""作物變化"", ""變異點編號"": ""H1211505006""}, ""latitude"": ""24.991255102689100"", ""longitude"": ""121.154295165993000"", ""marker_icon"": ""chg.png"", ""query_city"": ""桃園市"", ""query_year"": ""115"", ""raw_desc_html"": ""變異點編號：H1211505006<br/>權責單位：桃園市<br/>查證結果：非違規<br/>變異類型：作物變化""}",chg.png,1d23eac617e6bab017a11ef8e7864572b5f6883b22ab8c3bc0fb23b3d7b205e6
115,桃園市,AH0911502026,桃園市,非違規,一般農業使用(含農地水土保持、農業設施、民眾闢設道路等開發案件),121.154398446991000,24.845388271985900,false,https://landchg.nlma.gov.tw/Module/RWD/Web/pub_exhibit.aspx,2026-05-12T08:47:08+08:00,"{""fields"": {""查證結果"": ""非違規"", ""權責單位"": ""桃園市"", ""變異類型"": ""一般農業使用(含農地水土保持、農業設施、民眾闢設道路等開發案件)"", ""變異點編號"": ""AH0911502026""}, ""latitude"": ""24.845388271985900"", ""longitude"": ""121.154398446991000"", ""marker_icon"": ""chg.png"", ""query_city"": ""桃園市"", ""query_year"": ""115"", ""raw_desc_html"": ""變異點編號：AH0911502026<br/>權責單位：桃園市<br/>查證結果：非違規<br/>變異類型：一般農業使用(含農地水土保持、農業設施、民眾闢設道路等開發案件)""}",chg.png,814bc630b0484ab74e671e6ab73250e6374bf8c084a82e6529aa41005dd9ec04
115,桃園市,20211501015,第二河川分署,非違規,其他,121.154466090561000,24.846394947914300,false,https://landchg.nlma.gov.tw/Module/RWD/Web/pub_exhibit.aspx,2026-05-12T08:47:08+08:00,"{""fields"": {""查證結果"": ""非違規"", ""權責單位"": ""第二河川分署"", ""變異類型"": ""其他"", ""變異點編號"": ""20211501015""}, ""latitude"": ""24.846394947914300"", ""longitude"": ""121.154466090561000"", ""marker_icon"": ""chg.png"", ""query_city"": ""桃園市"", ""query_year"": ""115"", ""raw_desc_html"": ""變異點編號：20211501015<br/>權責單位：第二河川分署<br/>查證結果：非違規<br/>變異類型：其他""}",chg.png,c9f531f22716bbc989162741f4f78a53b7a3d7659653192b2c0b6bfd67a030af
115,桃園市,H1211505027,桃園市,非違規,整地,121.154487851276000,25.056437176943600,false,https://landchg.nlma.gov.tw/Module/RWD/Web/pub_exhibit.aspx,2026-05-12T08:47:08+08:00,"{""fields"": {""查證結果"": ""非違規"", ""權責單位"": ""桃園市"", ""變異類型"": ""整地"", ""變異點編號"": ""H1211505027""}, ""latitude"": ""25.056437176943600"", ""longitude"": ""121.154487851276000"", ""marker_icon"": ""chg.png"", ""query_city"": ""桃園市"", ""query_year"": ""115"", ""raw_desc_html"": ""變異點編號：H1211505027<br/>權責單位：桃園市<br/>查證結果：非違規<br/>變異類型：整地""}",chg.png,7dd0bde07a82aac082162aed012fabb1960fa73abba70188cd62e1fff2b2325d
115,桃園市,H1211501039,桃園市,非違規,新增建物,121.157030599687000,24.984954248797100,false,https://landchg.nlma.gov.tw/Module/RWD/Web/pub_exhibit.aspx,2026-05-12T08:47:08+08:00,"{""fields"": {""查證結果"": ""非違規"", ""權責單位"": ""桃園市"", ""變異類型"": ""新增建物"", ""變異點編號"": ""H1211501039""}, ""latitude"": ""24.984954248797100"", ""longitude"": ""121.157030599687000"", ""marker_icon"": ""chg.png"", ""query_city"": ""桃園市"", ""query_year"": ""115"", ""raw_desc_html"": ""變異點編號：H1211501039<br/>權責單位：桃園市<br/>查證結果：非違規<br/>變異類型：新增建物""}",chg.png,edb3860bbd2bd7acc9c8bf3396cf6c01aa2b2858c637c3ca3e7737b4f6fca7f9
115,桃園市,H0611504060,桃園市,非違規,整地,121.157180427656000,25.056719812820900,false,https://landchg.nlma.gov.tw/Module/RWD/Web/pub_exhibit.aspx,2026-05-12T08:47:08+08:00,"{""fields"": {""查證結果"": ""非違規"", ""權責單位"": ""桃園市"", ""變異類型"": ""整地"", ""變異點編號"": ""H0611504060""}, ""latitude"": ""25.056719812820900"", ""longitude"": ""121.157180427656000"", ""marker_icon"": ""chg.png"", ""query_city"": ""桃園市"", ""query_year"": ""115"", ""raw_desc_html"": ""變異點編號：H0611504060<br/>權責單位：桃園市<br/>查證結果：非違規<br/>變異類型：整地""}",chg.png,234c6bcd44fb4984d0f7a108ad5e388c36b0ddcc9f7d60f571dfb4153ae31211
115,桃園市,AH0911501024,桃園市,非違規,一般農業使用(含農地水土保持、農業設施、民眾闢設道路等開發案件),121.157270677337000,24.851507058364700,false,https://landchg.nlma.gov.tw/Module/RWD/Web/pub_exhibit.aspx,2026-05-12T08:47:08+08:00,"{""fields"": {""查證結果"": ""非違規"", ""權責單位"": ""桃園市"", ""變異類型"": ""一般農業使用(含農地水土保持、農業設施、民眾闢設道路等開發案件)"", ""變異點編號"": ""AH0911501024""}, ""latitude"": ""24.851507058364700"", ""longitude"": ""121.157270677337000"", ""marker_icon"": ""chg.png"", ""query_city"": ""桃園市"", ""query_year"": ""115"", ""raw_desc_html"": ""變異點編號：AH0911501024<br/>權責單位：桃園市<br/>查證結果：非違規<br/>變異類型：一般農業使用(含農地水土保持、農業設施、民眾闢設道路等開發案件)""}",chg.png,b445bfc754031cc3bb14bf23a33fa6f6f9aa23dcb294d0879589e366f8575a80
115,桃園市,H1211505007,桃園市,非違規,其他,121.158032617593000,24.989456385356100,false,https://landchg.nlma.gov.tw/Module/RWD/Web/pub_exhibit.aspx,2026-05-12T08:47:08+08:00,"{""fields"": {""查證結果"": ""非違規"", ""權責單位"": ""桃園市"", ""變異類型"": ""其他"", ""變異點編號"": ""H1211505007""}, ""latitude"": ""24.989456385356100"", ""longitude"": ""121.158032617593000"", ""marker_icon"": ""chg.png"", ""query_city"": ""桃園市"", ""query_year"": ""115"", ""raw_desc_html"": ""變異點編號：H1211505007<br/>權責單位：桃園市<br/>查證結果：非違規<br/>變異類型：其他""}",chg.png,355494d6618c81e75c24bd8c26b7690544f6c02d5a57105f7992be0f2c155ec2
115,桃園市,AH0911502025,桃園市,違規,堆積土石,121.158110768693000,24.845702897767400,true,https://landchg.nlma.gov.tw/Module/RWD/Web/pub_exhibit.aspx,2026-05-12T08:47:08+08:00,"{""fields"": {""查證結果"": ""違規"", ""權責單位"": ""桃園市"", ""變異類型"": ""堆積土石"", ""變異點編號"": ""AH0911502025""}, ""latitude"": ""24.845702897767400"", ""longitude"": ""121.158110768693000"", ""marker_icon"": ""chg_red.png"", ""query_city"": ""桃園市"", ""query_year"": ""115"", ""raw_desc_html"": ""變異點編號：AH0911502025<br/>權責單位：桃園市<br/>查證結果：違規<br/>變異類型：堆積土石""}",chg_red.png,abda148aa89affe077ad8821e82259132c1ed0bc60d6cd9b1c7c21da9524073f
115,桃園市,202115013017,第二河川分署,非違規,其他,121.158205380565000,24.846152797980800,false,https://landchg.nlma.gov.tw/Module/RWD/Web/pub_exhibit.aspx,2026-05-12T08:47:08+08:00,"{""fields"": {""查證結果"": ""非違規"", ""權責單位"": ""第二河川分署"", ""變異類型"": ""其他"", ""變異點編號"": ""202115013017""}, ""latitude"": ""24.846152797980800"", ""longitude"": ""121.158205380565000"", ""marker_icon"": ""chg.png"", ""query_city"": ""桃園市"", ""query_year"": ""115"", ""raw_desc_html"": ""變異點編號：202115013017<br/>權責單位：第二河川分署<br/>查證結果：非違規<br/>變異類型：其他""}",chg.png,35878fd073c2e3a007b8a3445a6f9d7862f9aa443becf8cdd045800684e2494d
115,桃園市,AH0911502027,桃園市,非違規,非農業核准開發案件,121.159799649339000,24.845969093162700,false,https://landchg.nlma.gov.tw/Module/RWD/Web/pub_exhibit.aspx,2026-05-12T08:47:08+08:00,"{""fields"": {""查證結果"": ""非違規"", ""權責單位"": ""桃園市"", ""變異類型"": ""非農業核准開發案件"", ""變異點編號"": ""AH0911502027""}, ""latitude"": ""24.845969093162700"", ""longitude"": ""121.159799649339000"", ""marker_icon"": ""chg.png"", ""query_city"": ""桃園市"", ""query_year"": ""115"", ""raw_desc_html"": ""變異點編號：AH0911502027<br/>權責單位：桃園市<br/>查證結果：非違規<br/>變異類型：非農業核准開發案件""}",chg.png,23b2710b055d1cf9d0b313e6fe3c1da4f88a8c8708aea2a97c81364452df455e
115,桃園市,H0611505029,桃園市,非違規,整地,121.159978720893000,25.064869684596900,false,https://landchg.nlma.gov.tw/Module/RWD/Web/pub_exhibit.aspx,2026-05-12T08:47:08+08:00,"{""fields"": {""查證結果"": ""非違規"", ""權責單位"": ""桃園市"", ""變異類型"": ""整地"", ""變異點編號"": ""H0611505029""}, ""latitude"": ""25.064869684596900"", ""longitude"": ""121.159978720893000"", ""marker_icon"": ""chg.png"", ""query_city"": ""桃園市"", ""query_year"": ""115"", ""raw_desc_html"": ""變異點編號：H0611505029<br/>權責單位：桃園市<br/>查證結果：非違規<br/>變異類型：整地""}",chg.png,34eebcbc4186a3fe075f9598b04907923711a97f5cada5d7fb3d2240b0a5e7aa
115,桃園市,H0611504061,桃園市,非違規,整地,121.160405330024000,25.061242828042600,false,https://landchg.nlma.gov.tw/Module/RWD/Web/pub_exhibit.aspx,2026-05-12T08:47:08+08:00,"{""fields"": {""查證結果"": ""非違規"", ""權責單位"": ""桃園市"", ""變異類型"": ""整地"", ""變異點編號"": ""H0611504061""}, ""latitude"": ""25.061242828042600"", ""longitude"": ""121.160405330024000"", ""marker_icon"": ""chg.png"", ""query_city"": ""桃園市"", ""query_year"": ""115"", ""raw_desc_html"": ""變異點編號：H0611504061<br/>權責單位：桃園市<br/>查證結果：非違規<br/>變異類型：整地""}",chg.png,9dffd06736faa4e17d88c094f25723cd16a9ae2e4563977a664b2aa7d680dc53
115,桃園市,H0611501069,桃園市,違規,堆置土石方,121.161954916487000,25.076462201486000,true,https://landchg.nlma.gov.tw/Module/RWD/Web/pub_exhibit.aspx,2026-05-12T08:47:08+08:00,"{""fields"": {""查證結果"": ""違規"", ""權責單位"": ""桃園市"", ""變異類型"": ""堆置土石方"", ""變異點編號"": ""H0611501069""}, ""latitude"": ""25.076462201486000"", ""longitude"": ""121.161954916487000"", ""marker_icon"": ""chg_red.png"", ""query_city"": ""桃園市"", ""query_year"": ""115"", ""raw_desc_html"": ""變異點編號：H0611501069<br/>權責單位：桃園市<br/>查證結果：違規<br/>變異類型：堆置土石方""}",chg_red.png,a7153d0eb39ff419380bc09d029225273fbcc3292a496ed3bb901a69364a581b
115,桃園市,H0611501082,桃園市,非違規,整地,121.163038038519000,25.055495903215400,false,https://landchg.nlma.gov.tw/Module/RWD/Web/pub_exhibit.aspx,2026-05-12T08:47:08+08:00,"{""fields"": {""查證結果"": ""非違規"", ""權責單位"": ""桃園市"", ""變異類型"": ""整地"", ""變異點編號"": ""H0611501082""}, ""latitude"": ""25.055495903215400"", ""longitude"": ""121.163038038519000"", ""marker_icon"": ""chg.png"", ""query_city"": ""桃園市"", ""query_year"": ""115"", ""raw_desc_html"": ""變異點編號：H0611501082<br/>權責單位：桃園市<br/>查證結果：非違規<br/>變異類型：整地""}",chg.png,6d4fab8179f55108c60b10be21a484e7b29061267ebdd130c0a8031b45db7146
115,桃園市,202115013018,第二河川分署,非違規,其他,121.163322830589000,24.846875906061100,false,https://landchg.nlma.gov.tw/Module/RWD/Web/pub_exhibit.aspx,2026-05-12T08:47:08+08:00,"{""fields"": {""查證結果"": ""非違規"", ""權責單位"": ""第二河川分署"", ""變異類型"": ""其他"", ""變異點編號"": ""202115013018""}, ""latitude"": ""24.846875906061100"", ""longitude"": ""121.163322830589000"", ""marker_icon"": ""chg.png"", ""query_city"": ""桃園市"", ""query_year"": ""115"", ""raw_desc_html"": ""變異點編號：202115013018<br/>權責單位：第二河川分署<br/>查證結果：非違規<br/>變異類型：其他""}",chg.png,6578df39cd77a7cc5581dd0ff6852a729e110e56f3a66a9ce4c705bab25ed92b
115,桃園市,20211501016,第二河川分署,非違規,其他,121.163338178896000,24.846903123145100,false,https://landchg.nlma.gov.tw/Module/RWD/Web/pub_exhibit.aspx,2026-05-12T08:47:08+08:00,"{""fields"": {""查證結果"": ""非違規"", ""權責單位"": ""第二河川分署"", ""變異類型"": ""其他"", ""變異點編號"": ""20211501016""}, ""latitude"": ""24.846903123145100"", ""longitude"": ""121.163338178896000"", ""marker_icon"": ""chg.png"", ""query_city"": ""桃園市"", ""query_year"": ""115"", ""raw_desc_html"": ""變異點編號：20211501016<br/>權責單位：第二河川分署<br/>查證結果：非違規<br/>變異類型：其他""}",chg.png,e58f82bc4a9c687cd29cfe0524ef10fc869b2e007acbe8247414ffc91be2c456
115,桃園市,H0611501083,桃園市,非違規,整地,121.163643829558000,25.051272597777900,false,https://landchg.nlma.gov.tw/Module/RWD/Web/pub_exhibit.aspx,2026-05-12T08:47:08+08:00,"{""fields"": {""查證結果"": ""非違規"", ""權責單位"": ""桃園市"", ""變異類型"": ""整地"", ""變異點編號"": ""H0611501083""}, ""latitude"": ""25.051272597777900"", ""longitude"": ""121.163643829558000"", ""marker_icon"": ""chg.png"", ""query_city"": ""桃園市"", ""query_year"": ""115"", ""raw_desc_html"": ""變異點編號：H0611501083<br/>權責單位：桃園市<br/>查證結果：非違規<br/>變異類型：整地""}",chg.png,9055130684312cbd5b8fc41db5f6720245ea041992f4232a4940d05e1c7009d5
115,桃園市,H1211505040,桃園市,非違規,其他,121.164280620834000,25.004326447220100,false,https://landchg.nlma.gov.tw/Module/RWD/Web/pub_exhibit.aspx,2026-05-12T08:47:08+08:00,"{""fields"": {""查證結果"": ""非違規"", ""權責單位"": ""桃園市"", ""變異類型"": ""其他"", ""變異點編號"": ""H1211505040""}, ""latitude"": ""25.004326447220100"", ""longitude"": ""121.164280620834000"", ""marker_icon"": ""chg.png"", ""query_city"": ""桃園市"", ""query_year"": ""115"", ""raw_desc_html"": ""變異點編號：H1211505040<br/>權責單位：桃園市<br/>查證結果：非違規<br/>變異類型：其他""}",chg.png,da9e12ad4738662bad19e76c2cc6f58b40fef4ae1dbc8af6e4d54f125ee9ed79
115,桃園市,H1211504072,桃園市,違規,其他,121.165037008544000,25.045016137679900,true,https://landchg.nlma.gov.tw/Module/RWD/Web/pub_exhibit.aspx,2026-05-12T08:47:08+08:00,"{""fields"": {""查證結果"": ""違規"", ""權責單位"": ""桃園市"", ""變異類型"": ""其他"", ""變異點編號"": ""H1211504072""}, ""latitude"": ""25.045016137679900"", ""longitude"": ""121.165037008544000"", ""marker_icon"": ""chg_red.png"", ""query_city"": ""桃園市"", ""query_year"": ""115"", ""raw_desc_html"": ""變異點編號：H1211504072<br/>權責單位：桃園市<br/>查證結果：違規<br/>變異類型：其他""}",chg_red.png,f8dac77adfde3dacf249cf5f7ef58ed37949f30bb7d383d16bbf0c69c609387f
115,桃園市,H0611501081,桃園市,非違規,整地,121.165144164968000,25.061283100113100,false,https://landchg.nlma.gov.tw/Module/RWD/Web/pub_exhibit.aspx,2026-05-12T08:47:08+08:00,"{""fields"": {""查證結果"": ""非違規"", ""權責單位"": ""桃園市"", ""變異類型"": ""整地"", ""變異點編號"": ""H0611501081""}, ""latitude"": ""25.061283100113100"", ""longitude"": ""121.165144164968000"", ""marker_icon"": ""chg.png"", ""query_city"": ""桃園市"", ""query_year"": ""115"", ""raw_desc_html"": ""變異點編號：H0611501081<br/>權責單位：桃園市<br/>查證結果：非違規<br/>變異類型：整地""}",chg.png,09116b06d4712eb86e0d6a2780ef0d85499775dcf36e123faf6772a619e853f5
115,桃園市,20211501017,第二河川分署,非違規,其他,121.165148149344000,24.846771314711900,false,https://landchg.nlma.gov.tw/Module/RWD/Web/pub_exhibit.aspx,2026-05-12T08:47:08+08:00,"{""fields"": {""查證結果"": ""非違規"", ""權責單位"": ""第二河川分署"", ""變異類型"": ""其他"", ""變異點編號"": ""20211501017""}, ""latitude"": ""24.846771314711900"", ""longitude"": ""121.165148149344000"", ""marker_icon"": ""chg.png"", ""query_city"": ""桃園市"", ""query_year"": ""115"", ""raw_desc_html"": ""變異點編號：20211501017<br/>權責單位：第二河川分署<br/>查證結果：非違規<br/>變異類型：其他""}",chg.png,e4daf3eedf1f6e15af2f1fb14096827742b67c7b75b69b0c4efbcce699c0bcdd
115,桃園市,H1211505008,桃園市,違規,新增建物,121.167390707292000,24.987033792560600,true,https://landchg.nlma.gov.tw/Module/RWD/Web/pub_exhibit.aspx,2026-05-12T08:47:08+08:00,"{""fields"": {""查證結果"": ""違規"", ""權責單位"": ""桃園市"", ""變異類型"": ""新增建物"", ""變異點編號"": ""H1211505008""}, ""latitude"": ""24.987033792560600"", ""longitude"": ""121.167390707292000"", ""marker_icon"": ""chg_red.png"", ""query_city"": ""桃園市"", ""query_year"": ""115"", ""raw_desc_html"": ""變異點編號：H1211505008<br/>權責單位：桃園市<br/>查證結果：違規<br/>變異類型：新增建物""}",chg_red.png,2ca27f78d4310fdb8ae3387026c004f9f5fb248eb4d37128b8c83a47b1016c77
115,桃園市,H06115043002,桃園市,非違規,整地,121.167470827129000,25.054538084858500,false,https://landchg.nlma.gov.tw/Module/RWD/Web/pub_exhibit.aspx,2026-05-12T08:47:08+08:00,"{""fields"": {""查證結果"": ""非違規"", ""權責單位"": ""桃園市"", ""變異類型"": ""整地"", ""變異點編號"": ""H06115043002""}, ""latitude"": ""25.054538084858500"", ""longitude"": ""121.167470827129000"", ""marker_icon"": ""chg.png"", ""query_city"": ""桃園市"", ""query_year"": ""115"", ""raw_desc_html"": ""變異點編號：H06115043002<br/>權責單位：桃園市<br/>查證結果：非違規<br/>變異類型：整地""}",chg.png,4e2a9241ee075b4a3f94d65d53edc0d98825f93385b4cb9a387f64369517dffb
115,桃園市,H1211503004,桃園市,違規,新增建物,121.167699400046000,24.987668589807900,true,https://landchg.nlma.gov.tw/Module/RWD/Web/pub_exhibit.aspx,2026-05-12T08:47:08+08:00,"{""fields"": {""查證結果"": ""違規"", ""權責單位"": ""桃園市"", ""變異類型"": ""新增建物"", ""變異點編號"": ""H1211503004""}, ""latitude"": ""24.987668589807900"", ""longitude"": ""121.167699400046000"", ""marker_icon"": ""chg_red.png"", ""query_city"": ""桃園市"", ""query_year"": ""115"", ""raw_desc_html"": ""變異點編號：H1211503004<br/>權責單位：桃園市<br/>查證結果：違規<br/>變異類型：新增建物""}",chg_red.png,1c69edfe5c308967fca02b45b5db9b3f57eb1548e94c135974b5dae3ec50953f
115,桃園市,H0611505028,桃園市,非違規,整地,121.170096569781000,25.062746981826600,false,https://landchg.nlma.gov.tw/Module/RWD/Web/pub_exhibit.aspx,2026-05-12T08:47:08+08:00,"{""fields"": {""查證結果"": ""非違規"", ""權責單位"": ""桃園市"", ""變異類型"": ""整地"", ""變異點編號"": ""H0611505028""}, ""latitude"": ""25.062746981826600"", ""longitude"": ""121.170096569781000"", ""marker_icon"": ""chg.png"", ""query_city"": ""桃園市"", ""query_year"": ""115"", ""raw_desc_html"": ""變異點編號：H0611505028<br/>權責單位：桃園市<br/>查證結果：非違規<br/>變異類型：整地""}",chg.png,ffc6114b798b45a42f40e42c19cf9472750e654a018a2de35fee42ac9f3d8518
115,桃園市,AH0911503063,桃園市,非違規,自然裸露地,121.170206068473000,24.871283129656300,false,https://landchg.nlma.gov.tw/Module/RWD/Web/pub_exhibit.aspx,2026-05-12T08:47:08+08:00,"{""fields"": {""查證結果"": ""非違規"", ""權責單位"": ""桃園市"", ""變異類型"": ""自然裸露地"", ""變異點編號"": ""AH0911503063""}, ""latitude"": ""24.871283129656300"", ""longitude"": ""121.170206068473000"", ""marker_icon"": ""chg.png"", ""query_city"": ""桃園市"", ""query_year"": ""115"", ""raw_desc_html"": ""變異點編號：AH0911503063<br/>權責單位：桃園市<br/>查證結果：非違規<br/>變異類型：自然裸露地""}",chg.png,03e7773d50dbdc32d6423198087cdddbd7e218c423ea76830c803e8c91610f27
115,桃園市,AH0411503048,桃園市,非違規,其他,121.170852136713000,24.917873469780300,false,https://landchg.nlma.gov.tw/Module/RWD/Web/pub_exhibit.aspx,2026-05-12T08:47:08+08:00,"{""fields"": {""查證結果"": ""非違規"", ""權責單位"": ""桃園市"", ""變異類型"": ""其他"", ""變異點編號"": ""AH0411503048""}, ""latitude"": ""24.917873469780300"", ""longitude"": ""121.170852136713000"", ""marker_icon"": ""chg.png"", ""query_city"": ""桃園市"", ""query_year"": ""115"", ""raw_desc_html"": ""變異點編號：AH0411503048<br/>權責單位：桃園市<br/>查證結果：非違規<br/>變異類型：其他""}",chg.png,b9d9fdb37c4f55e1db05c1e0b0839e5b4913a081667b32399c95e29f328ef44a
115,桃園市,H0611503019,桃園市,非違規,作物變化,121.170869747493000,25.081290606215300,false,https://landchg.nlma.gov.tw/Module/RWD/Web/pub_exhibit.aspx,2026-05-12T08:47:08+08:00,"{""fields"": {""查證結果"": ""非違規"", ""權責單位"": ""桃園市"", ""變異類型"": ""作物變化"", ""變異點編號"": ""H0611503019""}, ""latitude"": ""25.081290606215300"", ""longitude"": ""121.170869747493000"", ""marker_icon"": ""chg.png"", ""query_city"": ""桃園市"", ""query_year"": ""115"", ""raw_desc_html"": ""變異點編號：H0611503019<br/>權責單位：桃園市<br/>查證結果：非違規<br/>變異類型：作物變化""}",chg.png,1f9e099eee591ab719be22c86ddf68ab601c4330f7895db8e2c2f0daf75a2d57
115,桃園市,AH0411503049,桃園市,違規,其他開挖整地,121.173098267523000,24.918913031513000,true,https://landchg.nlma.gov.tw/Module/RWD/Web/pub_exhibit.aspx,2026-05-12T08:47:08+08:00,"{""fields"": {""查證結果"": ""違規"", ""權責單位"": ""桃園市"", ""變異類型"": ""其他開挖整地"", ""變異點編號"": ""AH0411503049""}, ""latitude"": ""24.918913031513000"", ""longitude"": ""121.173098267523000"", ""marker_icon"": ""chg_red.png"", ""query_city"": ""桃園市"", ""query_year"": ""115"", ""raw_desc_html"": ""變異點編號：AH0411503049<br/>權責單位：桃園市<br/>查證結果：違規<br/>變異類型：其他開挖整地""}",chg_red.png,492bb5636440407b16652c912575a7f63a79aa3a3b57fa8c847267e0a92cf96a
115,桃園市,AH0411504037,桃園市,違規,其他開挖整地,121.173109075373000,24.918915737850600,true,https://landchg.nlma.gov.tw/Module/RWD/Web/pub_exhibit.aspx,2026-05-12T08:47:08+08:00,"{""fields"": {""查證結果"": ""違規"", ""權責單位"": ""桃園市"", ""變異類型"": ""其他開挖整地"", ""變異點編號"": ""AH0411504037""}, ""latitude"": ""24.918915737850600"", ""longitude"": ""121.173109075373000"", ""marker_icon"": ""chg_red.png"", ""query_city"": ""桃園市"", ""query_year"": ""115"", ""raw_desc_html"": ""變異點編號：AH0411504037<br/>權責單位：桃園市<br/>查證結果：違規<br/>變異類型：其他開挖整地""}",chg_red.png,7ba0bd618f4c327f6d9b399b05bccb35d2a696b567ab56d792808165e9f042be
115,桃園市,H0611504073,桃園市,非違規,整地,121.173682538392000,25.045936507378700,false,https://landchg.nlma.gov.tw/Module/RWD/Web/pub_exhibit.aspx,2026-05-12T08:47:08+08:00,"{""fields"": {""查證結果"": ""非違規"", ""權責單位"": ""桃園市"", ""變異類型"": ""整地"", ""變異點編號"": ""H0611504073""}, ""latitude"": ""25.045936507378700"", ""longitude"": ""121.173682538392000"", ""marker_icon"": ""chg.png"", ""query_city"": ""桃園市"", ""query_year"": ""115"", ""raw_desc_html"": ""變異點編號：H0611504073<br/>權責單位：桃園市<br/>查證結果：非違規<br/>變異類型：整地""}",chg.png,098060d2267b05c5419b13a2b280abc00b1d083d98287e87864e5677aa85f58e
115,桃園市,AH0411504039,桃園市,非違規,非農業核准開發案件,121.175921792264000,24.897793154711700,false,https://landchg.nlma.gov.tw/Module/RWD/Web/pub_exhibit.aspx,2026-05-12T08:47:08+08:00,"{""fields"": {""查證結果"": ""非違規"", ""權責單位"": ""桃園市"", ""變異類型"": ""非農業核准開發案件"", ""變異點編號"": ""AH0411504039""}, ""latitude"": ""24.897793154711700"", ""longitude"": ""121.175921792264000"", ""marker_icon"": ""chg.png"", ""query_city"": ""桃園市"", ""query_year"": ""115"", ""raw_desc_html"": ""變異點編號：AH0411504039<br/>權責單位：桃園市<br/>查證結果：非違規<br/>變異類型：非農業核准開發案件""}",chg.png,86f1314193fabe9687515cd5fba7ab653d2ef0919f8a42d4787c930ed691e3f9
115,桃園市,AH0411503056,桃園市,違規,其他開挖整地,121.176495520844000,24.890310027546700,true,https://landchg.nlma.gov.tw/Module/RWD/Web/pub_exhibit.aspx,2026-05-12T08:47:08+08:00,"{""fields"": {""查證結果"": ""違規"", ""權責單位"": ""桃園市"", ""變異類型"": ""其他開挖整地"", ""變異點編號"": ""AH0411503056""}, ""latitude"": ""24.890310027546700"", ""longitude"": ""121.176495520844000"", ""marker_icon"": ""chg_red.png"", ""query_city"": ""桃園市"", ""query_year"": ""115"", ""raw_desc_html"": ""變異點編號：AH0411503056<br/>權責單位：桃園市<br/>查證結果：違規<br/>變異類型：其他開挖整地""}",chg_red.png,e800d6518b2e965d9383851bc6b9ab5802b376acddc48400e7a75276b57fbbce
115,桃園市,AH0911503059,桃園市,非違規,其他,121.177124936460000,24.872798960124400,false,https://landchg.nlma.gov.tw/Module/RWD/Web/pub_exhibit.aspx,2026-05-12T08:47:08+08:00,"{""fields"": {""查證結果"": ""非違規"", ""權責單位"": ""桃園市"", ""變異類型"": ""其他"", ""變異點編號"": ""AH0911503059""}, ""latitude"": ""24.872798960124400"", ""longitude"": ""121.177124936460000"", ""marker_icon"": ""chg.png"", ""query_city"": ""桃園市"", ""query_year"": ""115"", ""raw_desc_html"": ""變異點編號：AH0911503059<br/>權責單位：桃園市<br/>查證結果：非違規<br/>變異類型：其他""}",chg.png,d25f7f3636fb0a40a9b112147734f2b8621b3db0d054d3cda63d23bbed19cce6
115,桃園市,H0311501102,桃園市,違規,新增建物,121.177505673838000,25.013330215664600,true,https://landchg.nlma.gov.tw/Module/RWD/Web/pub_exhibit.aspx,2026-05-12T08:47:08+08:00,"{""fields"": {""查證結果"": ""違規"", ""權責單位"": ""桃園市"", ""變異類型"": ""新增建物"", ""變異點編號"": ""H0311501102""}, ""latitude"": ""25.013330215664600"", ""longitude"": ""121.177505673838000"", ""marker_icon"": ""chg_red.png"", ""query_city"": ""桃園市"", ""query_year"": ""115"", ""raw_desc_html"": ""變異點編號：H0311501102<br/>權責單位：桃園市<br/>查證結果：違規<br/>變異類型：新增建物""}",chg_red.png,611de304a97904f70ce571811731f1f97a9c77dfec34634046579debf70d0e48
115,桃園市,AH0911503062,桃園市,非違規,非農業核准開發案件,121.178136914670000,24.850593814409000,false,https://landchg.nlma.gov.tw/Module/RWD/Web/pub_exhibit.aspx,2026-05-12T08:47:08+08:00,"{""fields"": {""查證結果"": ""非違規"", ""權責單位"": ""桃園市"", ""變異類型"": ""非農業核准開發案件"", ""變異點編號"": ""AH0911503062""}, ""latitude"": ""24.850593814409000"", ""longitude"": ""121.178136914670000"", ""marker_icon"": ""chg.png"", ""query_city"": ""桃園市"", ""query_year"": ""115"", ""raw_desc_html"": ""變異點編號：AH0911503062<br/>權責單位：桃園市<br/>查證結果：非違規<br/>變異類型：非農業核准開發案件""}",chg.png,a9b776dcc865276cf499c05b288cbda3b3ce0653d6bc1aa44d32dd7af48ba8ab
115,桃園市,AH0911503067,桃園市,非違規,其他,121.178320405562000,24.829983896451700,false,https://landchg.nlma.gov.tw/Module/RWD/Web/pub_exhibit.aspx,2026-05-12T08:47:08+08:00,"{""fields"": {""查證結果"": ""非違規"", ""權責單位"": ""桃園市"", ""變異類型"": ""其他"", ""變異點編號"": ""AH0911503067""}, ""latitude"": ""24.829983896451700"", ""longitude"": ""121.178320405562000"", ""marker_icon"": ""chg.png"", ""query_city"": ""桃園市"", ""query_year"": ""115"", ""raw_desc_html"": ""變異點編號：AH0911503067<br/>權責單位：桃園市<br/>查證結果：非違規<br/>變異類型：其他""}",chg.png,2d28ffa3acc56bf76bcb545f4498f4d4f403e4a560bcb3e4ce708603e977eace
115,桃園市,80111503009,桃園市,非違規,作物變化,121.178567034350000,24.895524844883500,false,https://landchg.nlma.gov.tw/Module/RWD/Web/pub_exhibit.aspx,2026-05-12T08:47:08+08:00,"{""fields"": {""查證結果"": ""非違規"", ""權責單位"": ""桃園市"", ""變異類型"": ""作物變化"", ""變異點編號"": ""80111503009""}, ""latitude"": ""24.895524844883500"", ""longitude"": ""121.178567034350000"", ""marker_icon"": ""chg.png"", ""query_city"": ""桃園市"", ""query_year"": ""115"", ""raw_desc_html"": ""變異點編號：80111503009<br/>權責單位：桃園市<br/>查證結果：非違規<br/>變異類型：作物變化""}",chg.png,9ae9c17ab838eb729d36839ecd25e7927861fe244c0b17bb8d4d22047d83a922
115,桃園市,AH0411503055,桃園市,非違規,其他,121.178567034350000,24.895524844883500,false,https://landchg.nlma.gov.tw/Module/RWD/Web/pub_exhibit.aspx,2026-05-12T08:47:08+08:00,"{""fields"": {""查證結果"": ""非違規"", ""權責單位"": ""桃園市"", ""變異類型"": ""其他"", ""變異點編號"": ""AH0411503055""}, ""latitude"": ""24.895524844883500"", ""longitude"": ""121.178567034350000"", ""marker_icon"": ""chg.png"", ""query_city"": ""桃園市"", ""query_year"": ""115"", ""raw_desc_html"": ""變異點編號：AH0411503055<br/>權責單位：桃園市<br/>查證結果：非違規<br/>變異類型：其他""}",chg.png,da52c47c5f2f86919620018adc75dc0eb5b4210bf3d24d998c5a7fd9772e0719
115,桃園市,H0311501048,桃園市,違規,新增建物,121.178624976491000,24.971888722983500,true,https://landchg.nlma.gov.tw/Module/RWD/Web/pub_exhibit.aspx,2026-05-12T08:47:08+08:00,"{""fields"": {""查證結果"": ""違規"", ""權責單位"": ""桃園市"", ""變異類型"": ""新增建物"", ""變異點編號"": ""H0311501048""}, ""latitude"": ""24.971888722983500"", ""longitude"": ""121.178624976491000"", ""marker_icon"": ""chg_red.png"", ""query_city"": ""桃園市"", ""query_year"": ""115"", ""raw_desc_html"": ""變異點編號：H0311501048<br/>權責單位：桃園市<br/>查證結果：違規<br/>變異類型：新增建物""}",chg_red.png,bb12cd1379c61a9b13e8c71b4ecd3525fa4ea8b59f6315e67b1a3d0c3398a46e
115,桃園市,H0611505035,桃園市,違規,新增建物,121.179007793769000,25.047220451145600,true,https://landchg.nlma.gov.tw/Module/RWD/Web/pub_exhibit.aspx,2026-05-12T08:47:08+08:00,"{""fields"": {""查證結果"": ""違規"", ""權責單位"": ""桃園市"", ""變異類型"": ""新增建物"", ""變異點編號"": ""H0611505035""}, ""latitude"": ""25.047220451145600"", ""longitude"": ""121.179007793769000"", ""marker_icon"": ""chg_red.png"", ""query_city"": ""桃園市"", ""query_year"": ""115"", ""raw_desc_html"": ""變異點編號：H0611505035<br/>權責單位：桃園市<br/>查證結果：違規<br/>變異類型：新增建物""}",chg_red.png,0bfe06333d7de2af54754f897c703bb2c7bca91240a8e6a0120f6c417d5dcab1
115,桃園市,H0611504051,桃園市,違規,堆置土石方,121.179645945417000,25.078150304614300,true,https://landchg.nlma.gov.tw/Module/RWD/Web/pub_exhibit.aspx,2026-05-12T08:47:08+08:00,"{""fields"": {""查證結果"": ""違規"", ""權責單位"": ""桃園市"", ""變異類型"": ""堆置土石方"", ""變異點編號"": ""H0611504051""}, ""latitude"": ""25.078150304614300"", ""longitude"": ""121.179645945417000"", ""marker_icon"": ""chg_red.png"", ""query_city"": ""桃園市"", ""query_year"": ""115"", ""raw_desc_html"": ""變異點編號：H0611504051<br/>權責單位：桃園市<br/>查證結果：違規<br/>變異類型：堆置土石方""}",chg_red.png,d5a2abfa1eafe6a84343770f69794ac15f41f89c4c14a116d3c2807382708fb0
115,桃園市,AH0411501022,桃園市,非違規,非農業核准開發案件,121.179674451504000,24.920329556841100,false,https://landchg.nlma.gov.tw/Module/RWD/Web/pub_exhibit.aspx,2026-05-12T08:47:08+08:00,"{""fields"": {""查證結果"": ""非違規"", ""權責單位"": ""桃園市"", ""變異類型"": ""非農業核准開發案件"", ""變異點編號"": ""AH0411501022""}, ""latitude"": ""24.920329556841100"", ""longitude"": ""121.179674451504000"", ""marker_icon"": ""chg.png"", ""query_city"": ""桃園市"", ""query_year"": ""115"", ""raw_desc_html"": ""變異點編號：AH0411501022<br/>權責單位：桃園市<br/>查證結果：非違規<br/>變異類型：非農業核准開發案件""}",chg.png,6768120b8c8059553b2b618cad67d01bf3950c12f9da58f9a9a6264ded6f382a
115,桃園市,AH0911503060,桃園市,非違規,一般農業使用(含農地水土保持、農業設施、民眾闢設道路等開發案件),121.179853855825000,24.871547772689900,false,https://landchg.nlma.gov.tw/Module/RWD/Web/pub_exhibit.aspx,2026-05-12T08:47:08+08:00,"{""fields"": {""查證結果"": ""非違規"", ""權責單位"": ""桃園市"", ""變異類型"": ""一般農業使用(含農地水土保持、農業設施、民眾闢設道路等開發案件)"", ""變異點編號"": ""AH0911503060""}, ""latitude"": ""24.871547772689900"", ""longitude"": ""121.179853855825000"", ""marker_icon"": ""chg.png"", ""query_city"": ""桃園市"", ""query_year"": ""115"", ""raw_desc_html"": ""變異點編號：AH0911503060<br/>權責單位：桃園市<br/>查證結果：非違規<br/>變異類型：一般農業使用(含農地水土保持、農業設施、民眾闢設道路等開發案件)""}",chg.png,b1fc94b7405b5409cb255a32f137bed4dd533caeef2a586e88c8228d3328acf0
115,桃園市,H0411504118,桃園市,非違規,新增建物,121.180265195428000,24.941376391785400,false,https://landchg.nlma.gov.tw/Module/RWD/Web/pub_exhibit.aspx,2026-05-12T08:47:08+08:00,"{""fields"": {""查證結果"": ""非違規"", ""權責單位"": ""桃園市"", ""變異類型"": ""新增建物"", ""變異點編號"": ""H0411504118""}, ""latitude"": ""24.941376391785400"", ""longitude"": ""121.180265195428000"", ""marker_icon"": ""chg.png"", ""query_city"": ""桃園市"", ""query_year"": ""115"", ""raw_desc_html"": ""變異點編號：H0411504118<br/>權責單位：桃園市<br/>查證結果：非違規<br/>變異類型：新增建物""}",chg.png,f418b4c5e50049917eddd13ab1f05ea4f668f3cbd0a6e443a24d75f319a72a0e
115,桃園市,AH0911503061,桃園市,非違規,其他,121.181314846766000,24.870352149283400,false,https://landchg.nlma.gov.tw/Module/RWD/Web/pub_exhibit.aspx,2026-05-12T08:47:08+08:00,"{""fields"": {""查證結果"": ""非違規"", ""權責單位"": ""桃園市"", ""變異類型"": ""其他"", ""變異點編號"": ""AH0911503061""}, ""latitude"": ""24.870352149283400"", ""longitude"": ""121.181314846766000"", ""marker_icon"": ""chg.png"", ""query_city"": ""桃園市"", ""query_year"": ""115"", ""raw_desc_html"": ""變異點編號：AH0911503061<br/>權責單位：桃園市<br/>查證結果：非違規<br/>變異類型：其他""}",chg.png,335a81f70b2c91f7b0e9c060fd3df6155b0b7c01ca6f24ac5870f68dd6ccae28
115,桃園市,H0411503053,桃園市,非違規,自然植被改變,121.181431138054000,24.940675669357600,false,https://landchg.nlma.gov.tw/Module/RWD/Web/pub_exhibit.aspx,2026-05-12T08:47:08+08:00,"{""fields"": {""查證結果"": ""非違規"", ""權責單位"": ""桃園市"", ""變異類型"": ""自然植被改變"", ""變異點編號"": ""H0411503053""}, ""latitude"": ""24.940675669357600"", ""longitude"": ""121.181431138054000"", ""marker_icon"": ""chg.png"", ""query_city"": ""桃園市"", ""query_year"": ""115"", ""raw_desc_html"": ""變異點編號：H0411503053<br/>權責單位：桃園市<br/>查證結果：非違規<br/>變異類型：自然植被改變""}",chg.png,eec31ad11e1627deeaf6c3e212d056af5eee9431d20ce28465e02de8ca7f385f
115,桃園市,H0611503032,桃園市,違規,堆置土石方,121.181491516815000,25.046379217551000,true,https://landchg.nlma.gov.tw/Module/RWD/Web/pub_exhibit.aspx,2026-05-12T08:47:08+08:00,"{""fields"": {""查證結果"": ""違規"", ""權責單位"": ""桃園市"", ""變異類型"": ""堆置土石方"", ""變異點編號"": ""H0611503032""}, ""latitude"": ""25.046379217551000"", ""longitude"": ""121.181491516815000"", ""marker_icon"": ""chg_red.png"", ""query_city"": ""桃園市"", ""query_year"": ""115"", ""raw_desc_html"": ""變異點編號：H0611503032<br/>權責單位：桃園市<br/>查證結果：違規<br/>變異類型：堆置土石方""}",chg_red.png,6f4f8f440dd37394eb21a8cc67d67afb8c22818d7925964d56e3045921412dc5
115,桃園市,AH0411503054,桃園市,非違規,非農業核准開發案件,121.181531361895000,24.891169063491300,false,https://landchg.nlma.gov.tw/Module/RWD/Web/pub_exhibit.aspx,2026-05-12T08:47:08+08:00,"{""fields"": {""查證結果"": ""非違規"", ""權責單位"": ""桃園市"", ""變異類型"": ""非農業核准開發案件"", ""變異點編號"": ""AH0411503054""}, ""latitude"": ""24.891169063491300"", ""longitude"": ""121.181531361895000"", ""marker_icon"": ""chg.png"", ""query_city"": ""桃園市"", ""query_year"": ""115"", ""raw_desc_html"": ""變異點編號：AH0411503054<br/>權責單位：桃園市<br/>查證結果：非違規<br/>變異類型：非農業核准開發案件""}",chg.png,95dc559e7809738887c18f59c90e5d26cc04de91f999e9ab5a86637e22dc4237
115,桃園市,H1011501049,桃園市,非違規,整地,121.181977014423000,24.953272832862800,false,https://landchg.nlma.gov.tw/Module/RWD/Web/pub_exhibit.aspx,2026-05-12T08:47:08+08:00,"{""fields"": {""查證結果"": ""非違規"", ""權責單位"": ""桃園市"", ""變異類型"": ""整地"", ""變異點編號"": ""H1011501049""}, ""latitude"": ""24.953272832862800"", ""longitude"": ""121.181977014423000"", ""marker_icon"": ""chg.png"", ""query_city"": ""桃園市"", ""query_year"": ""115"", ""raw_desc_html"": ""變異點編號：H1011501049<br/>權責單位：桃園市<br/>查證結果：非違規<br/>變異類型：整地""}",chg.png,2f62976be65ffadafbbbd6f75f7c840720a064bacb12095c7532b8dfe9474f14
115,桃園市,AH0411503050,桃園市,非違規,非農業核准開發案件,121.182075272083000,24.922259750393000,false,https://landchg.nlma.gov.tw/Module/RWD/Web/pub_exhibit.aspx,2026-05-12T08:47:08+08:00,"{""fields"": {""查證結果"": ""非違規"", ""權責單位"": ""桃園市"", ""變異類型"": ""非農業核准開發案件"", ""變異點編號"": ""AH0411503050""}, ""latitude"": ""24.922259750393000"", ""longitude"": ""121.182075272083000"", ""marker_icon"": ""chg.png"", ""query_city"": ""桃園市"", ""query_year"": ""115"", ""raw_desc_html"": ""變異點編號：AH0411503050<br/>權責單位：桃園市<br/>查證結果：非違規<br/>變異類型：非農業核准開發案件""}",chg.png,65eff04cdb8c3782c02a7d3673f067b6c43373f631c1b20b42db5beab5cbffdd
115,桃園市,H1011501050,桃園市,非違規,整地,121.182609739529000,24.953575308566800,false,https://landchg.nlma.gov.tw/Module/RWD/Web/pub_exhibit.aspx,2026-05-12T08:47:08+08:00,"{""fields"": {""查證結果"": ""非違規"", ""權責單位"": ""桃園市"", ""變異類型"": ""整地"", ""變異點編號"": ""H1011501050""}, ""latitude"": ""24.953575308566800"", ""longitude"": ""121.182609739529000"", ""marker_icon"": ""chg.png"", ""query_city"": ""桃園市"", ""query_year"": ""115"", ""raw_desc_html"": ""變異點編號：H1011501050<br/>權責單位：桃園市<br/>查證結果：非違規<br/>變異類型：整地""}",chg.png,11fcd1e3caaf23de2601fe2a3acd6fb59f2d689a69f36395de0e1e5d0df47372
115,桃園市,AH0911503068,桃園市,非違規,一般農業使用(含農地水土保持、農業設施、民眾闢設道路等開發案件),121.183103157703000,24.846406769703400,false,https://landchg.nlma.gov.tw/Module/RWD/Web/pub_exhibit.aspx,2026-05-12T08:47:08+08:00,"{""fields"": {""查證結果"": ""非違規"", ""權責單位"": ""桃園市"", ""變異類型"": ""一般農業使用(含農地水土保持、農業設施、民眾闢設道路等開發案件)"", ""變異點編號"": ""AH0911503068""}, ""latitude"": ""24.846406769703400"", ""longitude"": ""121.183103157703000"", ""marker_icon"": ""chg.png"", ""query_city"": ""桃園市"", ""query_year"": ""115"", ""raw_desc_html"": ""變異點編號：AH0911503068<br/>權責單位：桃園市<br/>查證結果：非違規<br/>變異類型：一般農業使用(含農地水土保持、農業設施、民眾闢設道路等開發案件)""}",chg.png,1446922eb34c71d1cb3d08c94d70b6de5c8d463fbaadbeabbc7ab99cea40c583
115,桃園市,H0611504050,桃園市,違規,堆置土石方,121.183233160779000,25.083027025123800,true,https://landchg.nlma.gov.tw/Module/RWD/Web/pub_exhibit.aspx,2026-05-12T08:47:08+08:00,"{""fields"": {""查證結果"": ""違規"", ""權責單位"": ""桃園市"", ""變異類型"": ""堆置土石方"", ""變異點編號"": ""H0611504050""}, ""latitude"": ""25.083027025123800"", ""longitude"": ""121.183233160779000"", ""marker_icon"": ""chg_red.png"", ""query_city"": ""桃園市"", ""query_year"": ""115"", ""raw_desc_html"": ""變異點編號：H0611504050<br/>權責單位：桃園市<br/>查證結果：違規<br/>變異類型：堆置土石方""}",chg_red.png,1a03ee990e77a257fe14a267630e15836161ddc37c369c57b782a3f80c5caa09
115,桃園市,H0611505030,桃園市,非違規,作物變化,121.183915235836000,25.053754896812900,false,https://landchg.nlma.gov.tw/Module/RWD/Web/pub_exhibit.aspx,2026-05-12T08:47:08+08:00,"{""fields"": {""查證結果"": ""非違規"", ""權責單位"": ""桃園市"", ""變異類型"": ""作物變化"", ""變異點編號"": ""H0611505030""}, ""latitude"": ""25.053754896812900"", ""longitude"": ""121.183915235836000"", ""marker_icon"": ""chg.png"", ""query_city"": ""桃園市"", ""query_year"": ""115"", ""raw_desc_html"": ""變異點編號：H0611505030<br/>權責單位：桃園市<br/>查證結果：非違規<br/>變異類型：作物變化""}",chg.png,43e54a7fe76cffe4f5b9a3ba5c305bcd5f79aa890f09bcea08a957ac6e17dc83
115,桃園市,H0611501084,桃園市,非違規,整地,121.184375440494000,25.050552103635800,false,https://landchg.nlma.gov.tw/Module/RWD/Web/pub_exhibit.aspx,2026-05-12T08:47:08+08:00,"{""fields"": {""查證結果"": ""非違規"", ""權責單位"": ""桃園市"", ""變異類型"": ""整地"", ""變異點編號"": ""H0611501084""}, ""latitude"": ""25.050552103635800"", ""longitude"": ""121.184375440494000"", ""marker_icon"": ""chg.png"", ""query_city"": ""桃園市"", ""query_year"": ""115"", ""raw_desc_html"": ""變異點編號：H0611501084<br/>權責單位：桃園市<br/>查證結果：非違規<br/>變異類型：整地""}",chg.png,9aa3a95640a1dc492114ebb91b14917d7f4259bfc10a3564954dd06e6899a732
115,桃園市,H0611504053,桃園市,違規,其他,121.184449765442000,25.080561012272500,true,https://landchg.nlma.gov.tw/Module/RWD/Web/pub_exhibit.aspx,2026-05-12T08:47:08+08:00,"{""fields"": {""查證結果"": ""違規"", ""權責單位"": ""桃園市"", ""變異類型"": ""其他"", ""變異點編號"": ""H0611504053""}, ""latitude"": ""25.080561012272500"", ""longitude"": ""121.184449765442000"", ""marker_icon"": ""chg_red.png"", ""query_city"": ""桃園市"", ""query_year"": ""115"", ""raw_desc_html"": ""變異點編號：H0611504053<br/>權責單位：桃園市<br/>查證結果：違規<br/>變異類型：其他""}",chg_red.png,9dc25c15157d65c6b12297b8a60c72ee94a7f4cc1c33cb5063b144c1f1423d5a
115,桃園市,80111501038,桃園市,非違規,其他,121.184545170571000,25.089327064912300,false,https://landchg.nlma.gov.tw/Module/RWD/Web/pub_exhibit.aspx,2026-05-12T08:47:08+08:00,"{""fields"": {""查證結果"": ""非違規"", ""權責單位"": ""桃園市"", ""變異類型"": ""其他"", ""變異點編號"": ""80111501038""}, ""latitude"": ""25.089327064912300"", ""longitude"": ""121.184545170571000"", ""marker_icon"": ""chg.png"", ""query_city"": ""桃園市"", ""query_year"": ""115"", ""raw_desc_html"": ""變異點編號：80111501038<br/>權責單位：桃園市<br/>查證結果：非違規<br/>變異類型：其他""}",chg.png,807058b3ededadea735fa7c5fb20f0808d2ff12927015ae68cef56df357dd6ca
115,桃園市,H0611501073,桃園市,違規,其他,121.184652495459000,25.080436399637600,true,https://landchg.nlma.gov.tw/Module/RWD/Web/pub_exhibit.aspx,2026-05-12T08:47:08+08:00,"{""fields"": {""查證結果"": ""違規"", ""權責單位"": ""桃園市"", ""變異類型"": ""其他"", ""變異點編號"": ""H0611501073""}, ""latitude"": ""25.080436399637600"", ""longitude"": ""121.184652495459000"", ""marker_icon"": ""chg_red.png"", ""query_city"": ""桃園市"", ""query_year"": ""115"", ""raw_desc_html"": ""變異點編號：H0611501073<br/>權責單位：桃園市<br/>查證結果：違規<br/>變異類型：其他""}",chg_red.png,62f70911b0cb0980425017e06188eb46f0d8add22c7eac268178ce9014562f2a
115,桃園市,AH0911503058,桃園市,非違規,一般農業使用(含農地水土保持、農業設施、民眾闢設道路等開發案件),121.184727239555000,24.874218704091100,false,https://landchg.nlma.gov.tw/Module/RWD/Web/pub_exhibit.aspx,2026-05-12T08:47:08+08:00,"{""fields"": {""查證結果"": ""非違規"", ""權責單位"": ""桃園市"", ""變異類型"": ""一般農業使用(含農地水土保持、農業設施、民眾闢設道路等開發案件)"", ""變異點編號"": ""AH0911503058""}, ""latitude"": ""24.874218704091100"", ""longitude"": ""121.184727239555000"", ""marker_icon"": ""chg.png"", ""query_city"": ""桃園市"", ""query_year"": ""115"", ""raw_desc_html"": ""變異點編號：AH0911503058<br/>權責單位：桃園市<br/>查證結果：非違規<br/>變異類型：一般農業使用(含農地水土保持、農業設施、民眾闢設道路等開發案件)""}",chg.png,c5dbad62697645cacfe0675061d0e57ba057dc3089328bc3792627a49d89dbc6
115,桃園市,H0311501103,桃園市,違規,其他,121.185185613073000,25.020588104760100,true,https://landchg.nlma.gov.tw/Module/RWD/Web/pub_exhibit.aspx,2026-05-12T08:47:08+08:00,"{""fields"": {""查證結果"": ""違規"", ""權責單位"": ""桃園市"", ""變異類型"": ""其他"", ""變異點編號"": ""H0311501103""}, ""latitude"": ""25.020588104760100"", ""longitude"": ""121.185185613073000"", ""marker_icon"": ""chg_red.png"", ""query_city"": ""桃園市"", ""query_year"": ""115"", ""raw_desc_html"": ""變異點編號：H0311501103<br/>權責單位：桃園市<br/>查證結果：違規<br/>變異類型：其他""}",chg_red.png,ee4f42b08748767a0ff70c3a52514b3b420e9202cb7c92378adf2e5a5f57bea6
115,桃園市,H1011501005,桃園市,違規,堆置土石方,121.185329580996000,24.939145446181900,true,https://landchg.nlma.gov.tw/Module/RWD/Web/pub_exhibit.aspx,2026-05-12T08:47:08+08:00,"{""fields"": {""查證結果"": ""違規"", ""權責單位"": ""桃園市"", ""變異類型"": ""堆置土石方"", ""變異點編號"": ""H1011501005""}, ""latitude"": ""24.939145446181900"", ""longitude"": ""121.185329580996000"", ""marker_icon"": ""chg_red.png"", ""query_city"": ""桃園市"", ""query_year"": ""115"", ""raw_desc_html"": ""變異點編號：H1011501005<br/>權責單位：桃園市<br/>查證結果：違規<br/>變異類型：堆置土石方""}",chg_red.png,0f76d14d927d5501daa61a7f4dc582808fbe55ef2c1c8d727fe6d16d35d8d63e
115,桃園市,H1011503056,桃園市,非違規,作物變化,121.185428749681000,24.939209729121500,false,https://landchg.nlma.gov.tw/Module/RWD/Web/pub_exhibit.aspx,2026-05-12T08:47:08+08:00,"{""fields"": {""查證結果"": ""非違規"", ""權責單位"": ""桃園市"", ""變異類型"": ""作物變化"", ""變異點編號"": ""H1011503056""}, ""latitude"": ""24.939209729121500"", ""longitude"": ""121.185428749681000"", ""marker_icon"": ""chg.png"", ""query_city"": ""桃園市"", ""query_year"": ""115"", ""raw_desc_html"": ""變異點編號：H1011503056<br/>權責單位：桃園市<br/>查證結果：非違規<br/>變異類型：作物變化""}",chg.png,e8270b44b54169946db57098cbb57c1e5ea1b35432867cd1b7e815f8d9667483
115,桃園市,H0311502012,桃園市,非違規,整地,121.186053530242000,25.015729351836500,false,https://landchg.nlma.gov.tw/Module/RWD/Web/pub_exhibit.aspx,2026-05-12T08:47:08+08:00,"{""fields"": {""查證結果"": ""非違規"", ""權責單位"": ""桃園市"", ""變異類型"": ""整地"", ""變異點編號"": ""H0311502012""}, ""latitude"": ""25.015729351836500"", ""longitude"": ""121.186053530242000"", ""marker_icon"": ""chg.png"", ""query_city"": ""桃園市"", ""query_year"": ""115"", ""raw_desc_html"": ""變異點編號：H0311502012<br/>權責單位：桃園市<br/>查證結果：非違規<br/>變異類型：整地""}",chg.png,9693c459357e010b879c3ab98417cc2a3ac5e80c6a88e8cebddd69610269a4c5
115,桃園市,H0611504052,桃園市,違規,堆置土石方,121.186914415420000,25.090754902714000,true,https://landchg.nlma.gov.tw/Module/RWD/Web/pub_exhibit.aspx,2026-05-12T08:47:08+08:00,"{""fields"": {""查證結果"": ""違規"", ""權責單位"": ""桃園市"", ""變異類型"": ""堆置土石方"", ""變異點編號"": ""H0611504052""}, ""latitude"": ""25.090754902714000"", ""longitude"": ""121.186914415420000"", ""marker_icon"": ""chg_red.png"", ""query_city"": ""桃園市"", ""query_year"": ""115"", ""raw_desc_html"": ""變異點編號：H0611504052<br/>權責單位：桃園市<br/>查證結果：違規<br/>變異類型：堆置土石方""}",chg_red.png,f3a3ed5c801a26b367bd0548957c97280cab19118bfe73edb767c4195b0e8a03
115,桃園市,AH0911503064,桃園市,非違規,一般農業使用(含農地水土保持、農業設施、民眾闢設道路等開發案件),121.188505567997000,24.863225534800100,false,https://landchg.nlma.gov.tw/Module/RWD/Web/pub_exhibit.aspx,2026-05-12T08:47:08+08:00,"{""fields"": {""查證結果"": ""非違規"", ""權責單位"": ""桃園市"", ""變異類型"": ""一般農業使用(含農地水土保持、農業設施、民眾闢設道路等開發案件)"", ""變異點編號"": ""AH0911503064""}, ""latitude"": ""24.863225534800100"", ""longitude"": ""121.188505567997000"", ""marker_icon"": ""chg.png"", ""query_city"": ""桃園市"", ""query_year"": ""115"", ""raw_desc_html"": ""變異點編號：AH0911503064<br/>權責單位：桃園市<br/>查證結果：非違規<br/>變異類型：一般農業使用(含農地水土保持、農業設施、民眾闢設道路等開發案件)""}",chg.png,bb025bffac8f9e83d69450741310d540e7d40d7f824808c924ed16686216626b
115,桃園市,AH0911501026,桃園市,非違規,一般農業使用(含農地水土保持、農業設施、民眾闢設道路等開發案件),121.189199274694000,24.862604549296600,false,https://landchg.nlma.gov.tw/Module/RWD/Web/pub_exhibit.aspx,2026-05-12T08:47:08+08:00,"{""fields"": {""查證結果"": ""非違規"", ""權責單位"": ""桃園市"", ""變異類型"": ""一般農業使用(含農地水土保持、農業設施、民眾闢設道路等開發案件)"", ""變異點編號"": ""AH0911501026""}, ""latitude"": ""24.862604549296600"", ""longitude"": ""121.189199274694000"", ""marker_icon"": ""chg.png"", ""query_city"": ""桃園市"", ""query_year"": ""115"", ""raw_desc_html"": ""變異點編號：AH0911501026<br/>權責單位：桃園市<br/>查證結果：非違規<br/>變異類型：一般農業使用(含農地水土保持、農業設施、民眾闢設道路等開發案件)""}",chg.png,2ea0dd2f7bf0ce510faa571299aaf167182b58c00c7e08782324fa15f1895820
115,桃園市,H1011501051,桃園市,違規,整地,121.189436637766000,24.952569914718300,true,https://landchg.nlma.gov.tw/Module/RWD/Web/pub_exhibit.aspx,2026-05-12T08:47:08+08:00,"{""fields"": {""查證結果"": ""違規"", ""權責單位"": ""桃園市"", ""變異類型"": ""整地"", ""變異點編號"": ""H1011501051""}, ""latitude"": ""24.952569914718300"", ""longitude"": ""121.189436637766000"", ""marker_icon"": ""chg_red.png"", ""query_city"": ""桃園市"", ""query_year"": ""115"", ""raw_desc_html"": ""變異點編號：H1011501051<br/>權責單位：桃園市<br/>查證結果：違規<br/>變異類型：整地""}",chg_red.png,0f31f368effa1bc2a6cad78197940b53bccc8804c8c860f404107858e0e38efd
115,桃園市,H1011504128,桃園市,非違規,作物變化,121.190125089102000,24.915048060640000,false,https://landchg.nlma.gov.tw/Module/RWD/Web/pub_exhibit.aspx,2026-05-12T08:47:08+08:00,"{""fields"": {""查證結果"": ""非違規"", ""權責單位"": ""桃園市"", ""變異類型"": ""作物變化"", ""變異點編號"": ""H1011504128""}, ""latitude"": ""24.915048060640000"", ""longitude"": ""121.190125089102000"", ""marker_icon"": ""chg.png"", ""query_city"": ""桃園市"", ""query_year"": ""115"", ""raw_desc_html"": ""變異點編號：H1011504128<br/>權責單位：桃園市<br/>查證結果：非違規<br/>變異類型：作物變化""}",chg.png,e4e886ac77ee2bba1d0c033702ce0c658d7ccd73e50f3c939d9f92421fcec4ec
115,桃園市,AH1011503057,桃園市,非違規,非農業核准開發案件,121.190700329069000,24.902766625242100,false,https://landchg.nlma.gov.tw/Module/RWD/Web/pub_exhibit.aspx,2026-05-12T08:47:08+08:00,"{""fields"": {""查證結果"": ""非違規"", ""權責單位"": ""桃園市"", ""變異類型"": ""非農業核准開發案件"", ""變異點編號"": ""AH1011503057""}, ""latitude"": ""24.902766625242100"", ""longitude"": ""121.190700329069000"", ""marker_icon"": ""chg.png"", ""query_city"": ""桃園市"", ""query_year"": ""115"", ""raw_desc_html"": ""變異點編號：AH1011503057<br/>權責單位：桃園市<br/>查證結果：非違規<br/>變異類型：非農業核准開發案件""}",chg.png,600b77173d68ab3d15ef60b2d5f658e1ab321e8f4ec486395775e4e22bb6cefa
115,桃園市,80111502018,桃園市,非違規,整地,121.190947255238000,24.857870443026500,false,https://landchg.nlma.gov.tw/Module/RWD/Web/pub_exhibit.aspx,2026-05-12T08:47:08+08:00,"{""fields"": {""查證結果"": ""非違規"", ""權責單位"": ""桃園市"", ""變異類型"": ""整地"", ""變異點編號"": ""80111502018""}, ""latitude"": ""24.857870443026500"", ""longitude"": ""121.190947255238000"", ""marker_icon"": ""chg.png"", ""query_city"": ""桃園市"", ""query_year"": ""115"", ""raw_desc_html"": ""變異點編號：80111502018<br/>權責單位：桃園市<br/>查證結果：非違規<br/>變異類型：整地""}",chg.png,d76e6a57cefcb4b73d0cecf41ac5c4d84543c9b5aea6ed849a18eb260ebcb856
115,桃園市,AH0911502023,桃園市,非違規,一般農業使用(含農地水土保持、農業設施、民眾闢設道路等開發案件),121.190947255238000,24.857870443026500,false,https://landchg.nlma.gov.tw/Module/RWD/Web/pub_exhibit.aspx,2026-05-12T08:47:08+08:00,"{""fields"": {""查證結果"": ""非違規"", ""權責單位"": ""桃園市"", ""變異類型"": ""一般農業使用(含農地水土保持、農業設施、民眾闢設道路等開發案件)"", ""變異點編號"": ""AH0911502023""}, ""latitude"": ""24.857870443026500"", ""longitude"": ""121.190947255238000"", ""marker_icon"": ""chg.png"", ""query_city"": ""桃園市"", ""query_year"": ""115"", ""raw_desc_html"": ""變異點編號：AH0911502023<br/>權責單位：桃園市<br/>查證結果：非違規<br/>變異類型：一般農業使用(含農地水土保持、農業設施、民眾闢設道路等開發案件)""}",chg.png,2f24e78e1037a37a902eefa120694899bbb8cd54863bbb1c957db321cefc04c0
115,桃園市,AH0911501025,桃園市,非違規,一般農業使用(含農地水土保持、農業設施、民眾闢設道路等開發案件),121.191447837205000,24.872209272487700,false,https://landchg.nlma.gov.tw/Module/RWD/Web/pub_exhibit.aspx,2026-05-12T08:47:08+08:00,"{""fields"": {""查證結果"": ""非違規"", ""權責單位"": ""桃園市"", ""變異類型"": ""一般農業使用(含農地水土保持、農業設施、民眾闢設道路等開發案件)"", ""變異點編號"": ""AH0911501025""}, ""latitude"": ""24.872209272487700"", ""longitude"": ""121.191447837205000"", ""marker_icon"": ""chg.png"", ""query_city"": ""桃園市"", ""query_year"": ""115"", ""raw_desc_html"": ""變異點編號：AH0911501025<br/>權責單位：桃園市<br/>查證結果：非違規<br/>變異類型：一般農業使用(含農地水土保持、農業設施、民眾闢設道路等開發案件)""}",chg.png,d5a6b2566d90ae020e66881b3e8ae7b96da72ff5949a44bc825ae141647095c9
115,桃園市,H1011503059,桃園市,非違規,整地,121.191694061632000,24.921051774685200,false,https://landchg.nlma.gov.tw/Module/RWD/Web/pub_exhibit.aspx,2026-05-12T08:47:08+08:00,"{""fields"": {""查證結果"": ""非違規"", ""權責單位"": ""桃園市"", ""變異類型"": ""整地"", ""變異點編號"": ""H1011503059""}, ""latitude"": ""24.921051774685200"", ""longitude"": ""121.191694061632000"", ""marker_icon"": ""chg.png"", ""query_city"": ""桃園市"", ""query_year"": ""115"", ""raw_desc_html"": ""變異點編號：H1011503059<br/>權責單位：桃園市<br/>查證結果：非違規<br/>變異類型：整地""}",chg.png,9c2bf3566bbd4842e93bbdefe03a41cff3fca3ffcc2760ffe9820ae33306a90f
115,桃園市,H0911503071,桃園市,違規,新增建物,121.191972560462000,24.885590162763200,true,https://landchg.nlma.gov.tw/Module/RWD/Web/pub_exhibit.aspx,2026-05-12T08:47:08+08:00,"{""fields"": {""查證結果"": ""違規"", ""權責單位"": ""桃園市"", ""變異類型"": ""新增建物"", ""變異點編號"": ""H0911503071""}, ""latitude"": ""24.885590162763200"", ""longitude"": ""121.191972560462000"", ""marker_icon"": ""chg_red.png"", ""query_city"": ""桃園市"", ""query_year"": ""115"", ""raw_desc_html"": ""變異點編號：H0911503071<br/>權責單位：桃園市<br/>查證結果：違規<br/>變異類型：新增建物""}",chg_red.png,bf3423aa1d0e960414d69313d3104758a9726eff1d3e663728c2f3298f552b7b
115,桃園市,H0611504062,桃園市,違規,其他,121.192665836826000,25.051431405285000,true,https://landchg.nlma.gov.tw/Module/RWD/Web/pub_exhibit.aspx,2026-05-12T08:47:08+08:00,"{""fields"": {""查證結果"": ""違規"", ""權責單位"": ""桃園市"", ""變異類型"": ""其他"", ""變異點編號"": ""H0611504062""}, ""latitude"": ""25.051431405285000"", ""longitude"": ""121.192665836826000"", ""marker_icon"": ""chg_red.png"", ""query_city"": ""桃園市"", ""query_year"": ""115"", ""raw_desc_html"": ""變異點編號：H0611504062<br/>權責單位：桃園市<br/>查證結果：違規<br/>變異類型：其他""}",chg_red.png,7f06cf7494c94091c645d56374ba36bb2ffac8a2434c4832f92c87dce1bc6945
115,桃園市,H0311504009,桃園市,違規,新增建物,121.192966705482000,24.990610226407900,true,https://landchg.nlma.gov.tw/Module/RWD/Web/pub_exhibit.aspx,2026-05-12T08:47:08+08:00,"{""fields"": {""查證結果"": ""違規"", ""權責單位"": ""桃園市"", ""變異類型"": ""新增建物"", ""變異點編號"": ""H0311504009""}, ""latitude"": ""24.990610226407900"", ""longitude"": ""121.192966705482000"", ""marker_icon"": ""chg_red.png"", ""query_city"": ""桃園市"", ""query_year"": ""115"", ""raw_desc_html"": ""變異點編號：H0311504009<br/>權責單位：桃園市<br/>查證結果：違規<br/>變異類型：新增建物""}",chg_red.png,3318a0e6e483522d5982fcc9ae5eada675f711d4dcb4c780cf6bac25f908f762
115,桃園市,H1011501004,桃園市,違規,整地,121.193159327109000,24.945987583620400,true,https://landchg.nlma.gov.tw/Module/RWD/Web/pub_exhibit.aspx,2026-05-12T08:47:08+08:00,"{""fields"": {""查證結果"": ""違規"", ""權責單位"": ""桃園市"", ""變異類型"": ""整地"", ""變異點編號"": ""H1011501004""}, ""latitude"": ""24.945987583620400"", ""longitude"": ""121.193159327109000"", ""marker_icon"": ""chg_red.png"", ""query_city"": ""桃園市"", ""query_year"": ""115"", ""raw_desc_html"": ""變異點編號：H1011501004<br/>權責單位：桃園市<br/>查證結果：違規<br/>變異類型：整地""}",chg_red.png,5ab3d85e5a28fca6ff8a9a1c500b03e3d98f2d528dd9362c42cd5fe0e38862e6
115,桃園市,H0611503029,桃園市,非違規,作物變化,121.193437840203000,25.049986832633100,false,https://landchg.nlma.gov.tw/Module/RWD/Web/pub_exhibit.aspx,2026-05-12T08:47:08+08:00,"{""fields"": {""查證結果"": ""非違規"", ""權責單位"": ""桃園市"", ""變異類型"": ""作物變化"", ""變異點編號"": ""H0611503029""}, ""latitude"": ""25.049986832633100"", ""longitude"": ""121.193437840203000"", ""marker_icon"": ""chg.png"", ""query_city"": ""桃園市"", ""query_year"": ""115"", ""raw_desc_html"": ""變異點編號：H0611503029<br/>權責單位：桃園市<br/>查證結果：非違規<br/>變異類型：作物變化""}",chg.png,8f4955a3a945e6ec4b470d4382094515a8aeeb54a085c52307d2b7d6abc0f434
115,桃園市,H0311504083,桃園市,違規,新增建物,121.193567714587000,25.003771847454100,true,https://landchg.nlma.gov.tw/Module/RWD/Web/pub_exhibit.aspx,2026-05-12T08:47:08+08:00,"{""fields"": {""查證結果"": ""違規"", ""權責單位"": ""桃園市"", ""變異類型"": ""新增建物"", ""變異點編號"": ""H0311504083""}, ""latitude"": ""25.003771847454100"", ""longitude"": ""121.193567714587000"", ""marker_icon"": ""chg_red.png"", ""query_city"": ""桃園市"", ""query_year"": ""115"", ""raw_desc_html"": ""變異點編號：H0311504083<br/>權責單位：桃園市<br/>查證結果：違規<br/>變異類型：新增建物""}",chg_red.png,839228dca22d187135e4b6d242587ec5d0477e3d6da184f977a433169f7a1ce6
115,桃園市,H0611504074,桃園市,非違規,其他,121.194015509789000,25.045974869949700,false,https://landchg.nlma.gov.tw/Module/RWD/Web/pub_exhibit.aspx,2026-05-12T08:47:08+08:00,"{""fields"": {""查證結果"": ""非違規"", ""權責單位"": ""桃園市"", ""變異類型"": ""其他"", ""變異點編號"": ""H0611504074""}, ""latitude"": ""25.045974869949700"", ""longitude"": ""121.194015509789000"", ""marker_icon"": ""chg.png"", ""query_city"": ""桃園市"", ""query_year"": ""115"", ""raw_desc_html"": ""變異點編號：H0611504074<br/>權責單位：桃園市<br/>查證結果：非違規<br/>變異類型：其他""}",chg.png,8bb52a429ecf523374e18ec0d9e5ef8af87cd39738e397d380bfb100708cb4ed
115,桃園市,H1011503055,桃園市,非違規,作物變化,121.194069184466000,24.933022903877200,false,https://landchg.nlma.gov.tw/Module/RWD/Web/pub_exhibit.aspx,2026-05-12T08:47:08+08:00,"{""fields"": {""查證結果"": ""非違規"", ""權責單位"": ""桃園市"", ""變異類型"": ""作物變化"", ""變異點編號"": ""H1011503055""}, ""latitude"": ""24.933022903877200"", ""longitude"": ""121.194069184466000"", ""marker_icon"": ""chg.png"", ""query_city"": ""桃園市"", ""query_year"": ""115"", ""raw_desc_html"": ""變異點編號：H1011503055<br/>權責單位：桃園市<br/>查證結果：非違規<br/>變異類型：作物變化""}",chg.png,ff4e235cfc0a84056662eee852106a69da9de87717c84d0e001bc3a4f0bff7f9
115,桃園市,H1011503060,桃園市,非違規,作物變化,121.194402166726000,24.914852962782500,false,https://landchg.nlma.gov.tw/Module/RWD/Web/pub_exhibit.aspx,2026-05-12T08:47:08+08:00,"{""fields"": {""查證結果"": ""非違規"", ""權責單位"": ""桃園市"", ""變異類型"": ""作物變化"", ""變異點編號"": ""H1011503060""}, ""latitude"": ""24.914852962782500"", ""longitude"": ""121.194402166726000"", ""marker_icon"": ""chg.png"", ""query_city"": ""桃園市"", ""query_year"": ""115"", ""raw_desc_html"": ""變異點編號：H1011503060<br/>權責單位：桃園市<br/>查證結果：非違規<br/>變異類型：作物變化""}",chg.png,1362a30fea94c22993d4be423afde6027017512547ebe615cf53da5286ced3f2
115,桃園市,H0611504055,桃園市,非違規,作物變化,121.194610189648000,25.083198150763800,false,https://landchg.nlma.gov.tw/Module/RWD/Web/pub_exhibit.aspx,2026-05-12T08:47:08+08:00,"{""fields"": {""查證結果"": ""非違規"", ""權責單位"": ""桃園市"", ""變異類型"": ""作物變化"", ""變異點編號"": ""H0611504055""}, ""latitude"": ""25.083198150763800"", ""longitude"": ""121.194610189648000"", ""marker_icon"": ""chg.png"", ""query_city"": ""桃園市"", ""query_year"": ""115"", ""raw_desc_html"": ""變異點編號：H0611504055<br/>權責單位：桃園市<br/>查證結果：非違規<br/>變異類型：作物變化""}",chg.png,8175e5dd4103f00c4e724c412b210040bec63a19f979ec86e66822ac61f29de1
115,桃園市,H0611504054,桃園市,違規,堆置土石方,121.194863861910000,25.081899661152200,true,https://landchg.nlma.gov.tw/Module/RWD/Web/pub_exhibit.aspx,2026-05-12T08:47:08+08:00,"{""fields"": {""查證結果"": ""違規"", ""權責單位"": ""桃園市"", ""變異類型"": ""堆置土石方"", ""變異點編號"": ""H0611504054""}, ""latitude"": ""25.081899661152200"", ""longitude"": ""121.194863861910000"", ""marker_icon"": ""chg_red.png"", ""query_city"": ""桃園市"", ""query_year"": ""115"", ""raw_desc_html"": ""變異點編號：H0611504054<br/>權責單位：桃園市<br/>查證結果：違規<br/>變異類型：堆置土石方""}",chg_red.png,46c992b70b5fc7b3da9f1e232f5fc5927b3ea6ed79c4cc0e6647f2b50260c2c5
115,桃園市,H1011503061,桃園市,非違規,作物變化,121.195144607749000,24.913771000395300,false,https://landchg.nlma.gov.tw/Module/RWD/Web/pub_exhibit.aspx,2026-05-12T08:47:08+08:00,"{""fields"": {""查證結果"": ""非違規"", ""權責單位"": ""桃園市"", ""變異類型"": ""作物變化"", ""變異點編號"": ""H1011503061""}, ""latitude"": ""24.913771000395300"", ""longitude"": ""121.195144607749000"", ""marker_icon"": ""chg.png"", ""query_city"": ""桃園市"", ""query_year"": ""115"", ""raw_desc_html"": ""變異點編號：H1011503061<br/>權責單位：桃園市<br/>查證結果：非違規<br/>變異類型：作物變化""}",chg.png,ede2c43cb06ed8184aa10f44ec7579959f733ba12fa5f3aee89f1102276cb948
115,桃園市,H1011503054,桃園市,違規,道路變化,121.195329873196000,24.934897799821900,true,https://landchg.nlma.gov.tw/Module/RWD/Web/pub_exhibit.aspx,2026-05-12T08:47:08+08:00,"{""fields"": {""查證結果"": ""違規"", ""權責單位"": ""桃園市"", ""變異類型"": ""道路變化"", ""變異點編號"": ""H1011503054""}, ""latitude"": ""24.934897799821900"", ""longitude"": ""121.195329873196000"", ""marker_icon"": ""chg_red.png"", ""query_city"": ""桃園市"", ""query_year"": ""115"", ""raw_desc_html"": ""變異點編號：H1011503054<br/>權責單位：桃園市<br/>查證結果：違規<br/>變異類型：道路變化""}",chg_red.png,be7bfb34f7996435b76835fea7db1c26277f712d382fadd91def3983e7e1de73
115,桃園市,AH0911502024,桃園市,違規,處理廢棄物,121.195541272920000,24.859875962423400,true,https://landchg.nlma.gov.tw/Module/RWD/Web/pub_exhibit.aspx,2026-05-12T08:47:08+08:00,"{""fields"": {""查證結果"": ""違規"", ""權責單位"": ""桃園市"", ""變異類型"": ""處理廢棄物"", ""變異點編號"": ""AH0911502024""}, ""latitude"": ""24.859875962423400"", ""longitude"": ""121.195541272920000"", ""marker_icon"": ""chg_red.png"", ""query_city"": ""桃園市"", ""query_year"": ""115"", ""raw_desc_html"": ""變異點編號：AH0911502024<br/>權責單位：桃園市<br/>查證結果：違規<br/>變異類型：處理廢棄物""}",chg_red.png,671e2fd1f611e312f654728103d575162a73381faebc3322dc1e776f0a64b811
115,桃園市,80111503014,桃園市,非違規,自然植被改變,121.195581733578000,24.827130787691100,false,https://landchg.nlma.gov.tw/Module/RWD/Web/pub_exhibit.aspx,2026-05-12T08:47:08+08:00,"{""fields"": {""查證結果"": ""非違規"", ""權責單位"": ""桃園市"", ""變異類型"": ""自然植被改變"", ""變異點編號"": ""80111503014""}, ""latitude"": ""24.827130787691100"", ""longitude"": ""121.195581733578000"", ""marker_icon"": ""chg.png"", ""query_city"": ""桃園市"", ""query_year"": ""115"", ""raw_desc_html"": ""變異點編號：80111503014<br/>權責單位：桃園市<br/>查證結果：非違規<br/>變異類型：自然植被改變""}",chg.png,f6c61b2b364b126a05b56bb30cd9e5ec6036750d49d3d949f55b665783ea4af5
115,桃園市,H1011503062,桃園市,非違規,作物變化,121.195933352150000,24.912812607067200,false,https://landchg.nlma.gov.tw/Module/RWD/Web/pub_exhibit.aspx,2026-05-12T08:47:08+08:00,"{""fields"": {""查證結果"": ""非違規"", ""權責單位"": ""桃園市"", ""變異類型"": ""作物變化"", ""變異點編號"": ""H1011503062""}, ""latitude"": ""24.912812607067200"", ""longitude"": ""121.195933352150000"", ""marker_icon"": ""chg.png"", ""query_city"": ""桃園市"", ""query_year"": ""115"", ""raw_desc_html"": ""變異點編號：H1011503062<br/>權責單位：桃園市<br/>查證結果：非違規<br/>變異類型：作物變化""}",chg.png,4eefd3ab7c263a221d7a118dcbf86d7ed2185b1d7c7b17b438aca74ad46885b1
115,桃園市,H1011503063,桃園市,非違規,作物變化,121.196098547860000,24.912227130847800,false,https://landchg.nlma.gov.tw/Module/RWD/Web/pub_exhibit.aspx,2026-05-12T08:47:08+08:00,"{""fields"": {""查證結果"": ""非違規"", ""權責單位"": ""桃園市"", ""變異類型"": ""作物變化"", ""變異點編號"": ""H1011503063""}, ""latitude"": ""24.912227130847800"", ""longitude"": ""121.196098547860000"", ""marker_icon"": ""chg.png"", ""query_city"": ""桃園市"", ""query_year"": ""115"", ""raw_desc_html"": ""變異點編號：H1011503063<br/>權責單位：桃園市<br/>查證結果：非違規<br/>變異類型：作物變化""}",chg.png,c735076312f0b7185241b8e280c3f912fb2f99deb3d5d43d9618ee6d02555279
115,桃園市,H0611501070,桃園市,違規,其他,121.197297400825000,25.091412660397800,true,https://landchg.nlma.gov.tw/Module/RWD/Web/pub_exhibit.aspx,2026-05-12T08:47:08+08:00,"{""fields"": {""查證結果"": ""違規"", ""權責單位"": ""桃園市"", ""變異類型"": ""其他"", ""變異點編號"": ""H0611501070""}, ""latitude"": ""25.091412660397800"", ""longitude"": ""121.197297400825000"", ""marker_icon"": ""chg_red.png"", ""query_city"": ""桃園市"", ""query_year"": ""115"", ""raw_desc_html"": ""變異點編號：H0611501070<br/>權責單位：桃園市<br/>查證結果：違規<br/>變異類型：其他""}",chg_red.png,98b1aacf83e8efe0da3358f250b6b0e30c59dc4f343a8dd20987c1b061e63e81
115,桃園市,H0611501071,桃園市,非違規,整地,121.197625403200000,25.089152174488800,false,https://landchg.nlma.gov.tw/Module/RWD/Web/pub_exhibit.aspx,2026-05-12T08:47:08+08:00,"{""fields"": {""查證結果"": ""非違規"", ""權責單位"": ""桃園市"", ""變異類型"": ""整地"", ""變異點編號"": ""H0611501071""}, ""latitude"": ""25.089152174488800"", ""longitude"": ""121.197625403200000"", ""marker_icon"": ""chg.png"", ""query_city"": ""桃園市"", ""query_year"": ""115"", ""raw_desc_html"": ""變異點編號：H0611501071<br/>權責單位：桃園市<br/>查證結果：非違規<br/>變異類型：整地""}",chg.png,eed1ebf6e1331d9a9d389d8a8d034ad24b092cc98adbd672cc1c7a5dc97f2749
115,桃園市,H0611501090,桃園市,違規,其他,121.198026574041000,25.039686683044800,true,https://landchg.nlma.gov.tw/Module/RWD/Web/pub_exhibit.aspx,2026-05-12T08:47:08+08:00,"{""fields"": {""查證結果"": ""違規"", ""權責單位"": ""桃園市"", ""變異類型"": ""其他"", ""變異點編號"": ""H0611501090""}, ""latitude"": ""25.039686683044800"", ""longitude"": ""121.198026574041000"", ""marker_icon"": ""chg_red.png"", ""query_city"": ""桃園市"", ""query_year"": ""115"", ""raw_desc_html"": ""變異點編號：H0611501090<br/>權責單位：桃園市<br/>查證結果：違規<br/>變異類型：其他""}",chg_red.png,ef0a3f08c2f58d86bacfcc83affea36ca308cf72b8907fc94f639b8f2dacd3de
115,桃園市,H1011503009,桃園市,非違規,作物變化,121.198219477284000,24.949587574270200,false,https://landchg.nlma.gov.tw/Module/RWD/Web/pub_exhibit.aspx,2026-05-12T08:47:08+08:00,"{""fields"": {""查證結果"": ""非違規"", ""權責單位"": ""桃園市"", ""變異類型"": ""作物變化"", ""變異點編號"": ""H1011503009""}, ""latitude"": ""24.949587574270200"", ""longitude"": ""121.198219477284000"", ""marker_icon"": ""chg.png"", ""query_city"": ""桃園市"", ""query_year"": ""115"", ""raw_desc_html"": ""變異點編號：H1011503009<br/>權責單位：桃園市<br/>查證結果：非違規<br/>變異類型：作物變化""}",chg.png,5a7ed4b09ca54313f3228317dbae5da51839220d4057c2d0591609ba5c49c619
115,桃園市,H0311501104,桃園市,非違規,整地,121.200085643369000,25.011899783474900,false,https://landchg.nlma.gov.tw/Module/RWD/Web/pub_exhibit.aspx,2026-05-12T08:47:08+08:00,"{""fields"": {""查證結果"": ""非違規"", ""權責單位"": ""桃園市"", ""變異類型"": ""整地"", ""變異點編號"": ""H0311501104""}, ""latitude"": ""25.011899783474900"", ""longitude"": ""121.200085643369000"", ""marker_icon"": ""chg.png"", ""query_city"": ""桃園市"", ""query_year"": ""115"", ""raw_desc_html"": ""變異點編號：H0311501104<br/>權責單位：桃園市<br/>查證結果：非違規<br/>變異類型：整地""}",chg.png,eb8047e024b96ca9ba20cf3530e4e7d582aa7f29a57cd70176061ebdc7eaf6a9
115,桃園市,H1011504125,桃園市,違規,整地,121.200706418110000,24.929627951846100,true,https://landchg.nlma.gov.tw/Module/RWD/Web/pub_exhibit.aspx,2026-05-12T08:47:08+08:00,"{""fields"": {""查證結果"": ""違規"", ""權責單位"": ""桃園市"", ""變異類型"": ""整地"", ""變異點編號"": ""H1011504125""}, ""latitude"": ""24.929627951846100"", ""longitude"": ""121.200706418110000"", ""marker_icon"": ""chg_red.png"", ""query_city"": ""桃園市"", ""query_year"": ""115"", ""raw_desc_html"": ""變異點編號：H1011504125<br/>權責單位：桃園市<br/>查證結果：違規<br/>變異類型：整地""}",chg_red.png,689857989d45480e433c23f55cbd00693c398dcd5de9ea9cc9a0593b2d04d0a6
115,桃園市,AH0911503065,桃園市,非違規,非農業核准開發案件,121.201423499820000,24.854464075555600,false,https://landchg.nlma.gov.tw/Module/RWD/Web/pub_exhibit.aspx,2026-05-12T08:47:08+08:00,"{""fields"": {""查證結果"": ""非違規"", ""權責單位"": ""桃園市"", ""變異類型"": ""非農業核准開發案件"", ""變異點編號"": ""AH0911503065""}, ""latitude"": ""24.854464075555600"", ""longitude"": ""121.201423499820000"", ""marker_icon"": ""chg.png"", ""query_city"": ""桃園市"", ""query_year"": ""115"", ""raw_desc_html"": ""變異點編號：AH0911503065<br/>權責單位：桃園市<br/>查證結果：非違規<br/>變異類型：非農業核准開發案件""}",chg.png,3298efea1cdc0630d791ca1bc71c2a285f6fa99546aacef5ef7bd65ab1557dbd
115,桃園市,H0911504136,桃園市,非違規,整地,121.201612533010000,24.862103037195400,false,https://landchg.nlma.gov.tw/Module/RWD/Web/pub_exhibit.aspx,2026-05-12T08:47:08+08:00,"{""fields"": {""查證結果"": ""非違規"", ""權責單位"": ""桃園市"", ""變異類型"": ""整地"", ""變異點編號"": ""H0911504136""}, ""latitude"": ""24.862103037195400"", ""longitude"": ""121.201612533010000"", ""marker_icon"": ""chg.png"", ""query_city"": ""桃園市"", ""query_year"": ""115"", ""raw_desc_html"": ""變異點編號：H0911504136<br/>權責單位：桃園市<br/>查證結果：非違規<br/>變異類型：整地""}",chg.png,4e2905641849130d35fd3748db529251438299fefd6c31338c838e516220100e
115,桃園市,H0611503028,桃園市,違規,其他,121.203182119992000,25.065477779965400,true,https://landchg.nlma.gov.tw/Module/RWD/Web/pub_exhibit.aspx,2026-05-12T08:47:08+08:00,"{""fields"": {""查證結果"": ""違規"", ""權責單位"": ""桃園市"", ""變異類型"": ""其他"", ""變異點編號"": ""H0611503028""}, ""latitude"": ""25.065477779965400"", ""longitude"": ""121.203182119992000"", ""marker_icon"": ""chg_red.png"", ""query_city"": ""桃園市"", ""query_year"": ""115"", ""raw_desc_html"": ""變異點編號：H0611503028<br/>權責單位：桃園市<br/>查證結果：違規<br/>變異類型：其他""}",chg_red.png,d1b619fcbd36bef48c1c53f7a82580dc36bd59a941418d4909319b31f7cae037
115,桃園市,H0611505031,桃園市,非違規,作物變化,121.203516894753000,25.051595421147800,false,https://landchg.nlma.gov.tw/Module/RWD/Web/pub_exhibit.aspx,2026-05-12T08:47:08+08:00,"{""fields"": {""查證結果"": ""非違規"", ""權責單位"": ""桃園市"", ""變異類型"": ""作物變化"", ""變異點編號"": ""H0611505031""}, ""latitude"": ""25.051595421147800"", ""longitude"": ""121.203516894753000"", ""marker_icon"": ""chg.png"", ""query_city"": ""桃園市"", ""query_year"": ""115"", ""raw_desc_html"": ""變異點編號：H0611505031<br/>權責單位：桃園市<br/>查證結果：非違規<br/>變異類型：作物變化""}",chg.png,8bfa9c056a37dbe6c82b9b3493d27be55a0e706136d1c92b3c45b2f0155b8dab
115,桃園市,H0911504131,桃園市,違規,整地,121.206670287744000,24.879063894652600,true,https://landchg.nlma.gov.tw/Module/RWD/Web/pub_exhibit.aspx,2026-05-12T08:47:08+08:00,"{""fields"": {""查證結果"": ""違規"", ""權責單位"": ""桃園市"", ""變異類型"": ""整地"", ""變異點編號"": ""H0911504131""}, ""latitude"": ""24.879063894652600"", ""longitude"": ""121.206670287744000"", ""marker_icon"": ""chg_red.png"", ""query_city"": ""桃園市"", ""query_year"": ""115"", ""raw_desc_html"": ""變異點編號：H0911504131<br/>權責單位：桃園市<br/>查證結果：違規<br/>變異類型：整地""}",chg_red.png,9fb97bbb9a42735030eee49cdba75c55ee8ef12adab031d2c069040cf473e640
115,桃園市,H09115033001,桃園市,違規,整地,121.207683010288000,24.879387632359300,true,https://landchg.nlma.gov.tw/Module/RWD/Web/pub_exhibit.aspx,2026-05-12T08:47:08+08:00,"{""fields"": {""查證結果"": ""違規"", ""權責單位"": ""桃園市"", ""變異類型"": ""整地"", ""變異點編號"": ""H09115033001""}, ""latitude"": ""24.879387632359300"", ""longitude"": ""121.207683010288000"", ""marker_icon"": ""chg_red.png"", ""query_city"": ""桃園市"", ""query_year"": ""115"", ""raw_desc_html"": ""變異點編號：H09115033001<br/>權責單位：桃園市<br/>查證結果：違規<br/>變異類型：整地""}",chg_red.png,f8865649def7094b677eee1791efbbdd9f5e6c52645226d101cc40d62566fcee
115,桃園市,H0911504132,桃園市,違規,整地,121.207747584269000,24.882839103572100,true,https://landchg.nlma.gov.tw/Module/RWD/Web/pub_exhibit.aspx,2026-05-12T08:47:08+08:00,"{""fields"": {""查證結果"": ""違規"", ""權責單位"": ""桃園市"", ""變異類型"": ""整地"", ""變異點編號"": ""H0911504132""}, ""latitude"": ""24.882839103572100"", ""longitude"": ""121.207747584269000"", ""marker_icon"": ""chg_red.png"", ""query_city"": ""桃園市"", ""query_year"": ""115"", ""raw_desc_html"": ""變異點編號：H0911504132<br/>權責單位：桃園市<br/>查證結果：違規<br/>變異類型：整地""}",chg_red.png,37b7ef1f66c24f188512abe55780767fffc9a2e06c5b6746e231a294588e7cd2
115,桃園市,H0611501091,桃園市,違規,堆置土石方,121.207960351194000,25.025185805892200,true,https://landchg.nlma.gov.tw/Module/RWD/Web/pub_exhibit.aspx,2026-05-12T08:47:08+08:00,"{""fields"": {""查證結果"": ""違規"", ""權責單位"": ""桃園市"", ""變異類型"": ""堆置土石方"", ""變異點編號"": ""H0611501091""}, ""latitude"": ""25.025185805892200"", ""longitude"": ""121.207960351194000"", ""marker_icon"": ""chg_red.png"", ""query_city"": ""桃園市"", ""query_year"": ""115"", ""raw_desc_html"": ""變異點編號：H0611501091<br/>權責單位：桃園市<br/>查證結果：違規<br/>變異類型：堆置土石方""}",chg_red.png,890d7e897a9a325051ccc6957becb42890264c499f92a155a2018f839e85da92
115,桃園市,H0611501085,桃園市,違規,新增建物,121.209159829037000,25.060192584556800,true,https://landchg.nlma.gov.tw/Module/RWD/Web/pub_exhibit.aspx,2026-05-12T08:47:08+08:00,"{""fields"": {""查證結果"": ""違規"", ""權責單位"": ""桃園市"", ""變異類型"": ""新增建物"", ""變異點編號"": ""H0611501085""}, ""latitude"": ""25.060192584556800"", ""longitude"": ""121.209159829037000"", ""marker_icon"": ""chg_red.png"", ""query_city"": ""桃園市"", ""query_year"": ""115"", ""raw_desc_html"": ""變異點編號：H0611501085<br/>權責單位：桃園市<br/>查證結果：違規<br/>變異類型：新增建物""}",chg_red.png,c54172bdcf264318adce4150557385cb614a690581e9d18023dda79f092358da
115,桃園市,H0911503081,桃園市,違規,新增建物,121.209276362268000,24.849223945499500,true,https://landchg.nlma.gov.tw/Module/RWD/Web/pub_exhibit.aspx,2026-05-12T08:47:08+08:00,"{""fields"": {""查證結果"": ""違規"", ""權責單位"": ""桃園市"", ""變異類型"": ""新增建物"", ""變異點編號"": ""H0911503081""}, ""latitude"": ""24.849223945499500"", ""longitude"": ""121.209276362268000"", ""marker_icon"": ""chg_red.png"", ""query_city"": ""桃園市"", ""query_year"": ""115"", ""raw_desc_html"": ""變異點編號：H0911503081<br/>權責單位：桃園市<br/>查證結果：違規<br/>變異類型：新增建物""}",chg_red.png,ebfbeee45cad6dab78eb4eea9416f9d0e09787001cf72c469be0dfd4ef4546e4
115,桃園市,H0911504137,桃園市,違規,其他,121.209523828359000,24.857882413319700,true,https://landchg.nlma.gov.tw/Module/RWD/Web/pub_exhibit.aspx,2026-05-12T08:47:08+08:00,"{""fields"": {""查證結果"": ""違規"", ""權責單位"": ""桃園市"", ""變異類型"": ""其他"", ""變異點編號"": ""H0911504137""}, ""latitude"": ""24.857882413319700"", ""longitude"": ""121.209523828359000"", ""marker_icon"": ""chg_red.png"", ""query_city"": ""桃園市"", ""query_year"": ""115"", ""raw_desc_html"": ""變異點編號：H0911504137<br/>權責單位：桃園市<br/>查證結果：違規<br/>變異類型：其他""}",chg_red.png,6e3630bb7273f88994b482548a2299fc8bd99f5a9ba5c20addc8d29ef79e9347
115,桃園市,AH0911503073,桃園市,非違規,其他,121.209899257386000,24.816705677719800,false,https://landchg.nlma.gov.tw/Module/RWD/Web/pub_exhibit.aspx,2026-05-12T08:47:08+08:00,"{""fields"": {""查證結果"": ""非違規"", ""權責單位"": ""桃園市"", ""變異類型"": ""其他"", ""變異點編號"": ""AH0911503073""}, ""latitude"": ""24.816705677719800"", ""longitude"": ""121.209899257386000"", ""marker_icon"": ""chg.png"", ""query_city"": ""桃園市"", ""query_year"": ""115"", ""raw_desc_html"": ""變異點編號：AH0911503073<br/>權責單位：桃園市<br/>查證結果：非違規<br/>變異類型：其他""}",chg.png,f466b588f9d81df71fadd390a674dc3f7862213130be1c987c2cbe7d92e8562d
115,桃園市,H0611501074,桃園市,違規,其他,121.210176461908000,25.089066604670900,true,https://landchg.nlma.gov.tw/Module/RWD/Web/pub_exhibit.aspx,2026-05-12T08:47:08+08:00,"{""fields"": {""查證結果"": ""違規"", ""權責單位"": ""桃園市"", ""變異類型"": ""其他"", ""變異點編號"": ""H0611501074""}, ""latitude"": ""25.089066604670900"", ""longitude"": ""121.210176461908000"", ""marker_icon"": ""chg_red.png"", ""query_city"": ""桃園市"", ""query_year"": ""115"", ""raw_desc_html"": ""變異點編號：H0611501074<br/>權責單位：桃園市<br/>查證結果：違規<br/>變異類型：其他""}",chg_red.png,cf41818f17c32582c84a5dbe2b1700752f4c78232d13afb85e676098f98c258d
115,桃園市,H0611504042,桃園市,非違規,作物變化,121.212837423675000,25.102059741107500,false,https://landchg.nlma.gov.tw/Module/RWD/Web/pub_exhibit.aspx,2026-05-12T08:47:08+08:00,"{""fields"": {""查證結果"": ""非違規"", ""權責單位"": ""桃園市"", ""變異類型"": ""作物變化"", ""變異點編號"": ""H0611504042""}, ""latitude"": ""25.102059741107500"", ""longitude"": ""121.212837423675000"", ""marker_icon"": ""chg.png"", ""query_city"": ""桃園市"", ""query_year"": ""115"", ""raw_desc_html"": ""變異點編號：H0611504042<br/>權責單位：桃園市<br/>查證結果：非違規<br/>變異類型：作物變化""}",chg.png,8c93d3011a09ab5f7cb3ba90fd9781bb8987525b1a9a7da0b21a46ccb8e5f6a8
115,桃園市,H1011501062,桃園市,違規,整地,121.214853531181000,24.924567440463100,true,https://landchg.nlma.gov.tw/Module/RWD/Web/pub_exhibit.aspx,2026-05-12T08:47:08+08:00,"{""fields"": {""查證結果"": ""違規"", ""權責單位"": ""桃園市"", ""變異類型"": ""整地"", ""變異點編號"": ""H1011501062""}, ""latitude"": ""24.924567440463100"", ""longitude"": ""121.214853531181000"", ""marker_icon"": ""chg_red.png"", ""query_city"": ""桃園市"", ""query_year"": ""115"", ""raw_desc_html"": ""變異點編號：H1011501062<br/>權責單位：桃園市<br/>查證結果：違規<br/>變異類型：整地""}",chg_red.png,50b16db96f3d0247f1ccb278dc66f430a60d0a169d55511611171ab3227e3642
115,桃園市,H1011503066,桃園市,非違規,整地,121.215287588787000,24.905830843601200,false,https://landchg.nlma.gov.tw/Module/RWD/Web/pub_exhibit.aspx,2026-05-12T08:47:08+08:00,"{""fields"": {""查證結果"": ""非違規"", ""權責單位"": ""桃園市"", ""變異類型"": ""整地"", ""變異點編號"": ""H1011503066""}, ""latitude"": ""24.905830843601200"", ""longitude"": ""121.215287588787000"", ""marker_icon"": ""chg.png"", ""query_city"": ""桃園市"", ""query_year"": ""115"", ""raw_desc_html"": ""變異點編號：H1011503066<br/>權責單位：桃園市<br/>查證結果：非違規<br/>變異類型：整地""}",chg.png,e048c0e537e86b902b02568db277be47bb108c758db8a8bdb77505a430f5c5de
115,桃園市,21511501055,桃園市,無法現場查驗,,121.215587385080000,24.972629430293600,false,https://landchg.nlma.gov.tw/Module/RWD/Web/pub_exhibit.aspx,2026-05-12T08:47:08+08:00,"{""fields"": {""查證結果"": ""無法現場查驗"", ""權責單位"": ""桃園市"", ""變異點編號"": ""21511501055""}, ""latitude"": ""24.972629430293600"", ""longitude"": ""121.215587385080000"", ""marker_icon"": ""chg.png"", ""query_city"": ""桃園市"", ""query_year"": ""115"", ""raw_desc_html"": ""變異點編號：21511501055<br/>權責單位：桃園市<br/>查證結果：無法現場查驗""}",chg.png,5e9e311b9147bfe667bd7aab0a6009aae491ba00461e378d1808491ff694bf0a
115,桃園市,H0311501052,桃園市,違規,其他,121.215587385080000,24.972629430293600,true,https://landchg.nlma.gov.tw/Module/RWD/Web/pub_exhibit.aspx,2026-05-12T08:47:08+08:00,"{""fields"": {""查證結果"": ""違規"", ""權責單位"": ""桃園市"", ""變異類型"": ""其他"", ""變異點編號"": ""H0311501052""}, ""latitude"": ""24.972629430293600"", ""longitude"": ""121.215587385080000"", ""marker_icon"": ""chg_red.png"", ""query_city"": ""桃園市"", ""query_year"": ""115"", ""raw_desc_html"": ""變異點編號：H0311501052<br/>權責單位：桃園市<br/>查證結果：違規<br/>變異類型：其他""}",chg_red.png,5beb4e7acaafb50f360223f9118543698725c86df1d603f481a0583a0506f3d4
115,桃園市,H0911501067,桃園市,違規,新增建物,121.216797670788000,24.853806156126600,true,https://landchg.nlma.gov.tw/Module/RWD/Web/pub_exhibit.aspx,2026-05-12T08:47:08+08:00,"{""fields"": {""查證結果"": ""違規"", ""權責單位"": ""桃園市"", ""變異類型"": ""新增建物"", ""變異點編號"": ""H0911501067""}, ""latitude"": ""24.853806156126600"", ""longitude"": ""121.216797670788000"", ""marker_icon"": ""chg_red.png"", ""query_city"": ""桃園市"", ""query_year"": ""115"", ""raw_desc_html"": ""變異點編號：H0911501067<br/>權責單位：桃園市<br/>查證結果：違規<br/>變異類型：新增建物""}",chg_red.png,bfb8ab36728bd6b56f433cc53013047444b394adf2978e144e7201c983686bf4
115,桃園市,H0911503072,桃園市,非違規,其他,121.216994740606000,24.889924973040200,false,https://landchg.nlma.gov.tw/Module/RWD/Web/pub_exhibit.aspx,2026-05-12T08:47:08+08:00,"{""fields"": {""查證結果"": ""非違規"", ""權責單位"": ""桃園市"", ""變異類型"": ""其他"", ""變異點編號"": ""H0911503072""}, ""latitude"": ""24.889924973040200"", ""longitude"": ""121.216994740606000"", ""marker_icon"": ""chg.png"", ""query_city"": ""桃園市"", ""query_year"": ""115"", ""raw_desc_html"": ""變異點編號：H0911503072<br/>權責單位：桃園市<br/>查證結果：非違規<br/>變異類型：其他""}",chg.png,e908fd1e4a5d8dd076e1a061a59fccae929ef20e9a752c76adb0e4737987f7b5
115,桃園市,H0911503073,桃園市,非違規,其他,121.217363976103000,24.890597856926700,false,https://landchg.nlma.gov.tw/Module/RWD/Web/pub_exhibit.aspx,2026-05-12T08:47:08+08:00,"{""fields"": {""查證結果"": ""非違規"", ""權責單位"": ""桃園市"", ""變異類型"": ""其他"", ""變異點編號"": ""H0911503073""}, ""latitude"": ""24.890597856926700"", ""longitude"": ""121.217363976103000"", ""marker_icon"": ""chg.png"", ""query_city"": ""桃園市"", ""query_year"": ""115"", ""raw_desc_html"": ""變異點編號：H0911503073<br/>權責單位：桃園市<br/>查證結果：非違規<br/>變異類型：其他""}",chg.png,1611453447a4c30e524a25e5643f89f39ac0746eee08576f2d0129114f9ee6c2
115,桃園市,H0911503074,桃園市,非違規,其他,121.217731755712000,24.889668620558100,false,https://landchg.nlma.gov.tw/Module/RWD/Web/pub_exhibit.aspx,2026-05-12T08:47:08+08:00,"{""fields"": {""查證結果"": ""非違規"", ""權責單位"": ""桃園市"", ""變異類型"": ""其他"", ""變異點編號"": ""H0911503074""}, ""latitude"": ""24.889668620558100"", ""longitude"": ""121.217731755712000"", ""marker_icon"": ""chg.png"", ""query_city"": ""桃園市"", ""query_year"": ""115"", ""raw_desc_html"": ""變異點編號：H0911503074<br/>權責單位：桃園市<br/>查證結果：非違規<br/>變異類型：其他""}",chg.png,3c5be339fdf5b545677107fbaf479f458dc23b5a3e2d8302b798d7622240928e
115,桃園市,H0911504133,桃園市,違規,新增建物,121.217820014781000,24.883737099336000,true,https://landchg.nlma.gov.tw/Module/RWD/Web/pub_exhibit.aspx,2026-05-12T08:47:08+08:00,"{""fields"": {""查證結果"": ""違規"", ""權責單位"": ""桃園市"", ""變異類型"": ""新增建物"", ""變異點編號"": ""H0911504133""}, ""latitude"": ""24.883737099336000"", ""longitude"": ""121.217820014781000"", ""marker_icon"": ""chg_red.png"", ""query_city"": ""桃園市"", ""query_year"": ""115"", ""raw_desc_html"": ""變異點編號：H0911504133<br/>權責單位：桃園市<br/>查證結果：違規<br/>變異類型：新增建物""}",chg_red.png,298c79ffba690a9f99b83d1a216597c5087ab68deeb41c6e3d25e1f5156488f4
115,桃園市,H1011503012,桃園市,違規,新增建物,121.218140529811000,24.936376080438900,true,https://landchg.nlma.gov.tw/Module/RWD/Web/pub_exhibit.aspx,2026-05-12T08:47:08+08:00,"{""fields"": {""查證結果"": ""違規"", ""權責單位"": ""桃園市"", ""變異類型"": ""新增建物"", ""變異點編號"": ""H1011503012""}, ""latitude"": ""24.936376080438900"", ""longitude"": ""121.218140529811000"", ""marker_icon"": ""chg_red.png"", ""query_city"": ""桃園市"", ""query_year"": ""115"", ""raw_desc_html"": ""變異點編號：H1011503012<br/>權責單位：桃園市<br/>查證結果：違規<br/>變異類型：新增建物""}",chg_red.png,069463f9243149839f6be03e4bacca1e025f21d1dfedfca27301afbce11b24e1
115,桃園市,H0911504139,桃園市,非違規,其他,121.218878031189000,24.844265817823500,false,https://landchg.nlma.gov.tw/Module/RWD/Web/pub_exhibit.aspx,2026-05-12T08:47:08+08:00,"{""fields"": {""查證結果"": ""非違規"", ""權責單位"": ""桃園市"", ""變異類型"": ""其他"", ""變異點編號"": ""H0911504139""}, ""latitude"": ""24.844265817823500"", ""longitude"": ""121.218878031189000"", ""marker_icon"": ""chg.png"", ""query_city"": ""桃園市"", ""query_year"": ""115"", ""raw_desc_html"": ""變異點編號：H0911504139<br/>權責單位：桃園市<br/>查證結果：非違規<br/>變異類型：其他""}",chg.png,a35d088fa8bb9808c62daf8fabca7516cb957f8a5cc55ca8e08a50d5cc426f22
115,桃園市,H1011501063,桃園市,非違規,作物變化,121.220543907467000,24.924879534154700,false,https://landchg.nlma.gov.tw/Module/RWD/Web/pub_exhibit.aspx,2026-05-12T08:47:08+08:00,"{""fields"": {""查證結果"": ""非違規"", ""權責單位"": ""桃園市"", ""變異類型"": ""作物變化"", ""變異點編號"": ""H1011501063""}, ""latitude"": ""24.924879534154700"", ""longitude"": ""121.220543907467000"", ""marker_icon"": ""chg.png"", ""query_city"": ""桃園市"", ""query_year"": ""115"", ""raw_desc_html"": ""變異點編號：H1011501063<br/>權責單位：桃園市<br/>查證結果：非違規<br/>變異類型：作物變化""}",chg.png,3f8993e5464a5e77ccabcbde95f579c253ddebc097fdebc7a95841c7a7b07a30
115,桃園市,80111504019,桃園市,非違規,整地,121.220904095998000,25.099922491861700,false,https://landchg.nlma.gov.tw/Module/RWD/Web/pub_exhibit.aspx,2026-05-12T08:47:08+08:00,"{""fields"": {""查證結果"": ""非違規"", ""權責單位"": ""桃園市"", ""變異類型"": ""整地"", ""變異點編號"": ""80111504019""}, ""latitude"": ""25.099922491861700"", ""longitude"": ""121.220904095998000"", ""marker_icon"": ""chg.png"", ""query_city"": ""桃園市"", ""query_year"": ""115"", ""raw_desc_html"": ""變異點編號：80111504019<br/>權責單位：桃園市<br/>查證結果：非違規<br/>變異類型：整地""}",chg.png,96b230f19dbd412e3a291c24131b3a9a7041a4895061e421c9b778badb434eb8
115,桃園市,H0611505025,桃園市,違規,堆置土石方,121.220966900035000,25.104216824569400,true,https://landchg.nlma.gov.tw/Module/RWD/Web/pub_exhibit.aspx,2026-05-12T08:47:08+08:00,"{""fields"": {""查證結果"": ""違規"", ""權責單位"": ""桃園市"", ""變異類型"": ""堆置土石方"", ""變異點編號"": ""H0611505025""}, ""latitude"": ""25.104216824569400"", ""longitude"": ""121.220966900035000"", ""marker_icon"": ""chg_red.png"", ""query_city"": ""桃園市"", ""query_year"": ""115"", ""raw_desc_html"": ""變異點編號：H0611505025<br/>權責單位：桃園市<br/>查證結果：違規<br/>變異類型：堆置土石方""}",chg_red.png,41622520582b1ebe7f4adbd9ce9e7a2743e824d9c8c438690ac58161de3e0fc4
115,桃園市,H0311501105,桃園市,違規,其他,121.221390477154000,25.003744093490000,true,https://landchg.nlma.gov.tw/Module/RWD/Web/pub_exhibit.aspx,2026-05-12T08:47:08+08:00,"{""fields"": {""查證結果"": ""違規"", ""權責單位"": ""桃園市"", ""變異類型"": ""其他"", ""變異點編號"": ""H0311501105""}, ""latitude"": ""25.003744093490000"", ""longitude"": ""121.221390477154000"", ""marker_icon"": ""chg_red.png"", ""query_city"": ""桃園市"", ""query_year"": ""115"", ""raw_desc_html"": ""變異點編號：H0311501105<br/>權責單位：桃園市<br/>查證結果：違規<br/>變異類型：其他""}",chg_red.png,d3dc2eb8448d3e6db165fe003062856c663433bda9e4aaf7de4ce8af7ecd57ed
115,桃園市,H1011501061,桃園市,非違規,整地,121.221648369588000,24.925111400640500,false,https://landchg.nlma.gov.tw/Module/RWD/Web/pub_exhibit.aspx,2026-05-12T08:47:08+08:00,"{""fields"": {""查證結果"": ""非違規"", ""權責單位"": ""桃園市"", ""變異類型"": ""整地"", ""變異點編號"": ""H1011501061""}, ""latitude"": ""24.925111400640500"", ""longitude"": ""121.221648369588000"", ""marker_icon"": ""chg.png"", ""query_city"": ""桃園市"", ""query_year"": ""115"", ""raw_desc_html"": ""變異點編號：H1011501061<br/>權責單位：桃園市<br/>查證結果：非違規<br/>變異類型：整地""}",chg.png,80f260f6ef93c079c1aa291db89f5524af820d2f89b28145c45abfa4c8e7d4f2
115,桃園市,AH0911502030,桃園市,非違規,一般農業使用(含農地水土保持、農業設施、民眾闢設道路等開發案件),121.221968242695000,24.815652380823700,false,https://landchg.nlma.gov.tw/Module/RWD/Web/pub_exhibit.aspx,2026-05-12T08:47:08+08:00,"{""fields"": {""查證結果"": ""非違規"", ""權責單位"": ""桃園市"", ""變異類型"": ""一般農業使用(含農地水土保持、農業設施、民眾闢設道路等開發案件)"", ""變異點編號"": ""AH0911502030""}, ""latitude"": ""24.815652380823700"", ""longitude"": ""121.221968242695000"", ""marker_icon"": ""chg.png"", ""query_city"": ""桃園市"", ""query_year"": ""115"", ""raw_desc_html"": ""變異點編號：AH0911502030<br/>權責單位：桃園市<br/>查證結果：非違規<br/>變異類型：一般農業使用(含農地水土保持、農業設施、民眾闢設道路等開發案件)""}",chg.png,95babc6f8bda540b8fe511faacc4e49a84a80cda8d1db9e848d9171324d24408
115,桃園市,H1011503064,桃園市,違規,整地,121.223649202667000,24.910901753560400,true,https://landchg.nlma.gov.tw/Module/RWD/Web/pub_exhibit.aspx,2026-05-12T08:47:08+08:00,"{""fields"": {""查證結果"": ""違規"", ""權責單位"": ""桃園市"", ""變異類型"": ""整地"", ""變異點編號"": ""H1011503064""}, ""latitude"": ""24.910901753560400"", ""longitude"": ""121.223649202667000"", ""marker_icon"": ""chg_red.png"", ""query_city"": ""桃園市"", ""query_year"": ""115"", ""raw_desc_html"": ""變異點編號：H1011503064<br/>權責單位：桃園市<br/>查證結果：違規<br/>變異類型：整地""}",chg_red.png,bc421cf706aa5afe2d349aca1b8301b8747b9357b62b13639cb414cd96dd8c68
115,桃園市,H1011503065,桃園市,非違規,作物變化,121.223669368918000,24.911434068183000,false,https://landchg.nlma.gov.tw/Module/RWD/Web/pub_exhibit.aspx,2026-05-12T08:47:08+08:00,"{""fields"": {""查證結果"": ""非違規"", ""權責單位"": ""桃園市"", ""變異類型"": ""作物變化"", ""變異點編號"": ""H1011503065""}, ""latitude"": ""24.911434068183000"", ""longitude"": ""121.223669368918000"", ""marker_icon"": ""chg.png"", ""query_city"": ""桃園市"", ""query_year"": ""115"", ""raw_desc_html"": ""變異點編號：H1011503065<br/>權責單位：桃園市<br/>查證結果：非違規<br/>變異類型：作物變化""}",chg.png,5c4b5a7b8af068bfdd25f0039976a1a71645733e554b1c743c9ab386cc8c160b
115,桃園市,80111504020,桃園市,非違規,整地,121.223766822746000,25.098346084037300,false,https://landchg.nlma.gov.tw/Module/RWD/Web/pub_exhibit.aspx,2026-05-12T08:47:08+08:00,"{""fields"": {""查證結果"": ""非違規"", ""權責單位"": ""桃園市"", ""變異類型"": ""整地"", ""變異點編號"": ""80111504020""}, ""latitude"": ""25.098346084037300"", ""longitude"": ""121.223766822746000"", ""marker_icon"": ""chg.png"", ""query_city"": ""桃園市"", ""query_year"": ""115"", ""raw_desc_html"": ""變異點編號：80111504020<br/>權責單位：桃園市<br/>查證結果：非違規<br/>變異類型：整地""}",chg.png,cf7f1587c88ca204c3303ae12fd8046f94e3463d79832ca73b07f61dbfed45bb
115,桃園市,H0911501011,桃園市,非違規,其他,121.225728143081000,24.891644957644500,false,https://landchg.nlma.gov.tw/Module/RWD/Web/pub_exhibit.aspx,2026-05-12T08:47:08+08:00,"{""fields"": {""查證結果"": ""非違規"", ""權責單位"": ""桃園市"", ""變異類型"": ""其他"", ""變異點編號"": ""H0911501011""}, ""latitude"": ""24.891644957644500"", ""longitude"": ""121.225728143081000"", ""marker_icon"": ""chg.png"", ""query_city"": ""桃園市"", ""query_year"": ""115"", ""raw_desc_html"": ""變異點編號：H0911501011<br/>權責單位：桃園市<br/>查證結果：非違規<br/>變異類型：其他""}",chg.png,2e2a6860334b9c1031ce66da08212ea82223e557a373c2232573070b77e6b84a
115,桃園市,H1011504027,桃園市,非違規,整地,121.225773246755000,24.926016751594300,false,https://landchg.nlma.gov.tw/Module/RWD/Web/pub_exhibit.aspx,2026-05-12T08:47:08+08:00,"{""fields"": {""查證結果"": ""非違規"", ""權責單位"": ""桃園市"", ""變異類型"": ""整地"", ""變異點編號"": ""H1011504027""}, ""latitude"": ""24.926016751594300"", ""longitude"": ""121.225773246755000"", ""marker_icon"": ""chg.png"", ""query_city"": ""桃園市"", ""query_year"": ""115"", ""raw_desc_html"": ""變異點編號：H1011504027<br/>權責單位：桃園市<br/>查證結果：非違規<br/>變異類型：整地""}",chg.png,f190389bbc92c292e0b203a9f7414d3a66bfbf0bd1f471e2b0bd088dddac5652
115,桃園市,H1011503075,桃園市,違規,新增建物,121.226037300447000,24.894692455830200,true,https://landchg.nlma.gov.tw/Module/RWD/Web/pub_exhibit.aspx,2026-05-12T08:47:08+08:00,"{""fields"": {""查證結果"": ""違規"", ""權責單位"": ""桃園市"", ""變異類型"": ""新增建物"", ""變異點編號"": ""H1011503075""}, ""latitude"": ""24.894692455830200"", ""longitude"": ""121.226037300447000"", ""marker_icon"": ""chg_red.png"", ""query_city"": ""桃園市"", ""query_year"": ""115"", ""raw_desc_html"": ""變異點編號：H1011503075<br/>權責單位：桃園市<br/>查證結果：違規<br/>變異類型：新增建物""}",chg_red.png,239853a8dd4b706feb58fd9cacc53a7fcee9820378b63a30f2dad5f459c2c100
115,桃園市,AH0911503069,桃園市,非違規,一般農業使用(含農地水土保持、農業設施、民眾闢設道路等開發案件),121.226310598737000,24.823464212344000,false,https://landchg.nlma.gov.tw/Module/RWD/Web/pub_exhibit.aspx,2026-05-12T08:47:08+08:00,"{""fields"": {""查證結果"": ""非違規"", ""權責單位"": ""桃園市"", ""變異類型"": ""一般農業使用(含農地水土保持、農業設施、民眾闢設道路等開發案件)"", ""變異點編號"": ""AH0911503069""}, ""latitude"": ""24.823464212344000"", ""longitude"": ""121.226310598737000"", ""marker_icon"": ""chg.png"", ""query_city"": ""桃園市"", ""query_year"": ""115"", ""raw_desc_html"": ""變異點編號：AH0911503069<br/>權責單位：桃園市<br/>查證結果：非違規<br/>變異類型：一般農業使用(含農地水土保持、農業設施、民眾闢設道路等開發案件)""}",chg.png,55df06eb28f5a58cf6128df0ee23e2abc23c94389a9e6a517b573954c6d47c07
115,桃園市,H0911503076,桃園市,違規,整地,121.226565721841000,24.876301752461600,true,https://landchg.nlma.gov.tw/Module/RWD/Web/pub_exhibit.aspx,2026-05-12T08:47:08+08:00,"{""fields"": {""查證結果"": ""違規"", ""權責單位"": ""桃園市"", ""變異類型"": ""整地"", ""變異點編號"": ""H0911503076""}, ""latitude"": ""24.876301752461600"", ""longitude"": ""121.226565721841000"", ""marker_icon"": ""chg_red.png"", ""query_city"": ""桃園市"", ""query_year"": ""115"", ""raw_desc_html"": ""變異點編號：H0911503076<br/>權責單位：桃園市<br/>查證結果：違規<br/>變異類型：整地""}",chg_red.png,1355c28f0b0b424bcd8dcfa5b504f7adcd7e4deac08e1a302eec0c695bd97e2e
115,桃園市,H1011501008,桃園市,非違規,整地,121.227327784436000,24.904440450953300,false,https://landchg.nlma.gov.tw/Module/RWD/Web/pub_exhibit.aspx,2026-05-12T08:47:08+08:00,"{""fields"": {""查證結果"": ""非違規"", ""權責單位"": ""桃園市"", ""變異類型"": ""整地"", ""變異點編號"": ""H1011501008""}, ""latitude"": ""24.904440450953300"", ""longitude"": ""121.227327784436000"", ""marker_icon"": ""chg.png"", ""query_city"": ""桃園市"", ""query_year"": ""115"", ""raw_desc_html"": ""變異點編號：H1011501008<br/>權責單位：桃園市<br/>查證結果：非違規<br/>變異類型：整地""}",chg.png,28c5b99c1ea548201c1fcccc6926eb0a4204edfcc311a523a21b9716d26fe497
115,桃園市,H0911504138,桃園市,違規,新增建物,121.227441282539000,24.833706645319500,true,https://landchg.nlma.gov.tw/Module/RWD/Web/pub_exhibit.aspx,2026-05-12T08:47:08+08:00,"{""fields"": {""查證結果"": ""違規"", ""權責單位"": ""桃園市"", ""變異類型"": ""新增建物"", ""變異點編號"": ""H0911504138""}, ""latitude"": ""24.833706645319500"", ""longitude"": ""121.227441282539000"", ""marker_icon"": ""chg_red.png"", ""query_city"": ""桃園市"", ""query_year"": ""115"", ""raw_desc_html"": ""變異點編號：H0911504138<br/>權責單位：桃園市<br/>查證結果：違規<br/>變異類型：新增建物""}",chg_red.png,e9da8b7a97965f15fbe22475a466ac2269f15d1d5be38149ef155f1af1a12341
115,桃園市,H1011503067,桃園市,非違規,整地,121.229245996003000,24.906017169508100,false,https://landchg.nlma.gov.tw/Module/RWD/Web/pub_exhibit.aspx,2026-05-12T08:47:08+08:00,"{""fields"": {""查證結果"": ""非違規"", ""權責單位"": ""桃園市"", ""變異類型"": ""整地"", ""變異點編號"": ""H1011503067""}, ""latitude"": ""24.906017169508100"", ""longitude"": ""121.229245996003000"", ""marker_icon"": ""chg.png"", ""query_city"": ""桃園市"", ""query_year"": ""115"", ""raw_desc_html"": ""變異點編號：H1011503067<br/>權責單位：桃園市<br/>查證結果：非違規<br/>變異類型：整地""}",chg.png,a0c0639388d3e0302cdbff6b53f638e3460613287141446ff1733592e348f58e
115,桃園市,H0611503013,桃園市,非違規,作物變化,121.230015575304000,25.106503474073400,false,https://landchg.nlma.gov.tw/Module/RWD/Web/pub_exhibit.aspx,2026-05-12T08:47:08+08:00,"{""fields"": {""查證結果"": ""非違規"", ""權責單位"": ""桃園市"", ""變異類型"": ""作物變化"", ""變異點編號"": ""H0611503013""}, ""latitude"": ""25.106503474073400"", ""longitude"": ""121.230015575304000"", ""marker_icon"": ""chg.png"", ""query_city"": ""桃園市"", ""query_year"": ""115"", ""raw_desc_html"": ""變異點編號：H0611503013<br/>權責單位：桃園市<br/>查證結果：非違規<br/>變異類型：作物變化""}",chg.png,32503351e1c85803e32ae2d4d18d1016cc3b84318394a3767af999f6e77f8a9e
115,桃園市,H1011501066,桃園市,違規,整地,121.231247445696000,24.902013927046500,true,https://landchg.nlma.gov.tw/Module/RWD/Web/pub_exhibit.aspx,2026-05-12T08:47:08+08:00,"{""fields"": {""查證結果"": ""違規"", ""權責單位"": ""桃園市"", ""變異類型"": ""整地"", ""變異點編號"": ""H1011501066""}, ""latitude"": ""24.902013927046500"", ""longitude"": ""121.231247445696000"", ""marker_icon"": ""chg_red.png"", ""query_city"": ""桃園市"", ""query_year"": ""115"", ""raw_desc_html"": ""變異點編號：H1011501066<br/>權責單位：桃園市<br/>查證結果：違規<br/>變異類型：整地""}",chg_red.png,084fc64bc1c087bbf13e65c4810ea47110f1d9eeac467172878a2cb8ec65e4ea
115,桃園市,H0911503080,桃園市,違規,整地,121.231996251000000,24.862710825464800,true,https://landchg.nlma.gov.tw/Module/RWD/Web/pub_exhibit.aspx,2026-05-12T08:47:08+08:00,"{""fields"": {""查證結果"": ""違規"", ""權責單位"": ""桃園市"", ""變異類型"": ""整地"", ""變異點編號"": ""H0911503080""}, ""latitude"": ""24.862710825464800"", ""longitude"": ""121.231996251000000"", ""marker_icon"": ""chg_red.png"", ""query_city"": ""桃園市"", ""query_year"": ""115"", ""raw_desc_html"": ""變異點編號：H0911503080<br/>權責單位：桃園市<br/>查證結果：違規<br/>變異類型：整地""}",chg_red.png,370ffa4a98bf099d773234de1067f2da8b45678ae3208fbab85432e052661d9f
115,桃園市,H0911501015,桃園市,違規,新增建物,121.232097398725000,24.862447354780500,true,https://landchg.nlma.gov.tw/Module/RWD/Web/pub_exhibit.aspx,2026-05-12T08:47:08+08:00,"{""fields"": {""查證結果"": ""違規"", ""權責單位"": ""桃園市"", ""變異類型"": ""新增建物"", ""變異點編號"": ""H0911501015""}, ""latitude"": ""24.862447354780500"", ""longitude"": ""121.232097398725000"", ""marker_icon"": ""chg_red.png"", ""query_city"": ""桃園市"", ""query_year"": ""115"", ""raw_desc_html"": ""變異點編號：H0911501015<br/>權責單位：桃園市<br/>查證結果：違規<br/>變異類型：新增建物""}",chg_red.png,a00c7983dfed427720a6bbab1a22ab3beabe5fc1aa796ece46313a48327fcaa3
115,桃園市,H0611503018,桃園市,非違規,整地,121.233165583090000,25.108722853525500,false,https://landchg.nlma.gov.tw/Module/RWD/Web/pub_exhibit.aspx,2026-05-12T08:47:08+08:00,"{""fields"": {""查證結果"": ""非違規"", ""權責單位"": ""桃園市"", ""變異類型"": ""整地"", ""變異點編號"": ""H0611503018""}, ""latitude"": ""25.108722853525500"", ""longitude"": ""121.233165583090000"", ""marker_icon"": ""chg.png"", ""query_city"": ""桃園市"", ""query_year"": ""115"", ""raw_desc_html"": ""變異點編號：H0611503018<br/>權責單位：桃園市<br/>查證結果：非違規<br/>變異類型：整地""}",chg.png,277a67df9d99d834d4d5b1f5c23ad637b8e5c0e4c98383b3222eed33f0aec668
115,桃園市,H0911504135,桃園市,非違規,其他,121.234937940614000,24.881530366475200,false,https://landchg.nlma.gov.tw/Module/RWD/Web/pub_exhibit.aspx,2026-05-12T08:47:08+08:00,"{""fields"": {""查證結果"": ""非違規"", ""權責單位"": ""桃園市"", ""變異類型"": ""其他"", ""變異點編號"": ""H0911504135""}, ""latitude"": ""24.881530366475200"", ""longitude"": ""121.234937940614000"", ""marker_icon"": ""chg.png"", ""query_city"": ""桃園市"", ""query_year"": ""115"", ""raw_desc_html"": ""變異點編號：H0911504135<br/>權責單位：桃園市<br/>查證結果：非違規<br/>變異類型：其他""}",chg.png,b895e4905594f1dde471884a78543d2effba68e5f985d83825804307266cce40
115,桃園市,AH0911503072,桃園市,非違規,一般農業使用(含農地水土保持、農業設施、民眾闢設道路等開發案件),121.235080594032000,24.829112660577000,false,https://landchg.nlma.gov.tw/Module/RWD/Web/pub_exhibit.aspx,2026-05-12T08:47:08+08:00,"{""fields"": {""查證結果"": ""非違規"", ""權責單位"": ""桃園市"", ""變異類型"": ""一般農業使用(含農地水土保持、農業設施、民眾闢設道路等開發案件)"", ""變異點編號"": ""AH0911503072""}, ""latitude"": ""24.829112660577000"", ""longitude"": ""121.235080594032000"", ""marker_icon"": ""chg.png"", ""query_city"": ""桃園市"", ""query_year"": ""115"", ""raw_desc_html"": ""變異點編號：AH0911503072<br/>權責單位：桃園市<br/>查證結果：非違規<br/>變異類型：一般農業使用(含農地水土保持、農業設施、民眾闢設道路等開發案件)""}",chg.png,e96a07f684beab99a6aaa3fcf56df75f449b8499ec150bdb120d0a2b1cd70b99
115,桃園市,H1011503069,桃園市,違規,整地,121.235226915041000,24.916536872397800,true,https://landchg.nlma.gov.tw/Module/RWD/Web/pub_exhibit.aspx,2026-05-12T08:47:08+08:00,"{""fields"": {""查證結果"": ""違規"", ""權責單位"": ""桃園市"", ""變異類型"": ""整地"", ""變異點編號"": ""H1011503069""}, ""latitude"": ""24.916536872397800"", ""longitude"": ""121.235226915041000"", ""marker_icon"": ""chg_red.png"", ""query_city"": ""桃園市"", ""query_year"": ""115"", ""raw_desc_html"": ""變異點編號：H1011503069<br/>權責單位：桃園市<br/>查證結果：違規<br/>變異類型：整地""}",chg_red.png,15390e7c948544179594817ba8428e213cd92cfcddad3795fbffa9201481083f
115,桃園市,H0611503016,桃園市,非違規,整地,121.236125873082000,25.110369866516200,false,https://landchg.nlma.gov.tw/Module/RWD/Web/pub_exhibit.aspx,2026-05-12T08:47:08+08:00,"{""fields"": {""查證結果"": ""非違規"", ""權責單位"": ""桃園市"", ""變異類型"": ""整地"", ""變異點編號"": ""H0611503016""}, ""latitude"": ""25.110369866516200"", ""longitude"": ""121.236125873082000"", ""marker_icon"": ""chg.png"", ""query_city"": ""桃園市"", ""query_year"": ""115"", ""raw_desc_html"": ""變異點編號：H0611503016<br/>權責單位：桃園市<br/>查證結果：非違規<br/>變異類型：整地""}",chg.png,fbb1ab7322b95957a1652ceb10325eed8144559c328cab91a73c8dd8dd859894
115,桃園市,H0311501064,桃園市,違規,其他,121.236297416912000,24.940292360091400,true,https://landchg.nlma.gov.tw/Module/RWD/Web/pub_exhibit.aspx,2026-05-12T08:47:08+08:00,"{""fields"": {""查證結果"": ""違規"", ""權責單位"": ""桃園市"", ""變異類型"": ""其他"", ""變異點編號"": ""H0311501064""}, ""latitude"": ""24.940292360091400"", ""longitude"": ""121.236297416912000"", ""marker_icon"": ""chg_red.png"", ""query_city"": ""桃園市"", ""query_year"": ""115"", ""raw_desc_html"": ""變異點編號：H0311501064<br/>權責單位：桃園市<br/>查證結果：違規<br/>變異類型：其他""}",chg_red.png,1bc5c3791ba96587fc85b0f2bfdd43d8116b08f9ff3bc721161bc42ca587eb4d
115,桃園市,H0611503017,桃園市,違規,新增建物,121.236481252462000,25.111250092062700,true,https://landchg.nlma.gov.tw/Module/RWD/Web/pub_exhibit.aspx,2026-05-12T08:47:08+08:00,"{""fields"": {""查證結果"": ""違規"", ""權責單位"": ""桃園市"", ""變異類型"": ""新增建物"", ""變異點編號"": ""H0611503017""}, ""latitude"": ""25.111250092062700"", ""longitude"": ""121.236481252462000"", ""marker_icon"": ""chg_red.png"", ""query_city"": ""桃園市"", ""query_year"": ""115"", ""raw_desc_html"": ""變異點編號：H0611503017<br/>權責單位：桃園市<br/>查證結果：違規<br/>變異類型：新增建物""}",chg_red.png,1592ed19a1c6d399bb6e701786ab142149520d98b1a0d0e5f0836e0664d5ba39
115,桃園市,H1011501009,桃園市,違規,新增建物,121.236705715230000,24.912814221319800,true,https://landchg.nlma.gov.tw/Module/RWD/Web/pub_exhibit.aspx,2026-05-12T08:47:08+08:00,"{""fields"": {""查證結果"": ""違規"", ""權責單位"": ""桃園市"", ""變異類型"": ""新增建物"", ""變異點編號"": ""H1011501009""}, ""latitude"": ""24.912814221319800"", ""longitude"": ""121.236705715230000"", ""marker_icon"": ""chg_red.png"", ""query_city"": ""桃園市"", ""query_year"": ""115"", ""raw_desc_html"": ""變異點編號：H1011501009<br/>權責單位：桃園市<br/>查證結果：違規<br/>變異類型：新增建物""}",chg_red.png,8ada7ec8788635676124bc1204199a7bb6679150f799fd283110b008c7f5fa35
115,桃園市,AH0911501032,桃園市,非違規,非農業核准開發案件,121.237118021324000,24.822063793562500,false,https://landchg.nlma.gov.tw/Module/RWD/Web/pub_exhibit.aspx,2026-05-12T08:47:08+08:00,"{""fields"": {""查證結果"": ""非違規"", ""權責單位"": ""桃園市"", ""變異類型"": ""非農業核准開發案件"", ""變異點編號"": ""AH0911501032""}, ""latitude"": ""24.822063793562500"", ""longitude"": ""121.237118021324000"", ""marker_icon"": ""chg.png"", ""query_city"": ""桃園市"", ""query_year"": ""115"", ""raw_desc_html"": ""變異點編號：AH0911501032<br/>權責單位：桃園市<br/>查證結果：非違規<br/>變異類型：非農業核准開發案件""}",chg.png,5bcf4192eccb44bf4e6113348d62f977a78b6d2496fc8a7bbaeee2cabbb7841a
115,桃園市,AH0911502028,桃園市,違規,開發建築用地,121.237119198543000,24.828229500931900,true,https://landchg.nlma.gov.tw/Module/RWD/Web/pub_exhibit.aspx,2026-05-12T08:47:08+08:00,"{""fields"": {""查證結果"": ""違規"", ""權責單位"": ""桃園市"", ""變異類型"": ""開發建築用地"", ""變異點編號"": ""AH0911502028""}, ""latitude"": ""24.828229500931900"", ""longitude"": ""121.237119198543000"", ""marker_icon"": ""chg_red.png"", ""query_city"": ""桃園市"", ""query_year"": ""115"", ""raw_desc_html"": ""變異點編號：AH0911502028<br/>權責單位：桃園市<br/>查證結果：違規<br/>變異類型：開發建築用地""}",chg_red.png,293b8cd7ee1aa9639d6a39d8ecbc1978a28c57e22937b9a3b0767af7b73a983f
115,桃園市,H1011504130,桃園市,違規,整地,121.237146125791000,24.913005822169600,true,https://landchg.nlma.gov.tw/Module/RWD/Web/pub_exhibit.aspx,2026-05-12T08:47:08+08:00,"{""fields"": {""查證結果"": ""違規"", ""權責單位"": ""桃園市"", ""變異類型"": ""整地"", ""變異點編號"": ""H1011504130""}, ""latitude"": ""24.913005822169600"", ""longitude"": ""121.237146125791000"", ""marker_icon"": ""chg_red.png"", ""query_city"": ""桃園市"", ""query_year"": ""115"", ""raw_desc_html"": ""變異點編號：H1011504130<br/>權責單位：桃園市<br/>查證結果：違規<br/>變異類型：整地""}",chg_red.png,32820d390eda2bbe6cd19835b9145f79083e935e2626c254c6c67cb0236f5fb6
115,桃園市,H1011501014,桃園市,違規,整地,121.237447195388000,24.890493830024000,true,https://landchg.nlma.gov.tw/Module/RWD/Web/pub_exhibit.aspx,2026-05-12T08:47:08+08:00,"{""fields"": {""查證結果"": ""違規"", ""權責單位"": ""桃園市"", ""變異類型"": ""整地"", ""變異點編號"": ""H1011501014""}, ""latitude"": ""24.890493830024000"", ""longitude"": ""121.237447195388000"", ""marker_icon"": ""chg_red.png"", ""query_city"": ""桃園市"", ""query_year"": ""115"", ""raw_desc_html"": ""變異點編號：H1011501014<br/>權責單位：桃園市<br/>查證結果：違規<br/>變異類型：整地""}",chg_red.png,d78ee3a78529339c78f76104607722947dd9dd9bd8e4439296aa9399ba6e60a1
115,桃園市,H0911502001,桃園市,違規,新增建物,121.237454358878000,24.839574966113900,true,https://landchg.nlma.gov.tw/Module/RWD/Web/pub_exhibit.aspx,2026-05-12T08:47:08+08:00,"{""fields"": {""查證結果"": ""違規"", ""權責單位"": ""桃園市"", ""變異類型"": ""新增建物"", ""變異點編號"": ""H0911502001""}, ""latitude"": ""24.839574966113900"", ""longitude"": ""121.237454358878000"", ""marker_icon"": ""chg_red.png"", ""query_city"": ""桃園市"", ""query_year"": ""115"", ""raw_desc_html"": ""變異點編號：H0911502001<br/>權責單位：桃園市<br/>查證結果：違規<br/>變異類型：新增建物""}",chg_red.png,d17a9cb5faad34d1f42f306401a020754207f568ee8678737a94a42a3a376e33
115,桃園市,H0511501092,桃園市,非違規,作物變化,121.237623075306000,25.041373396783300,false,https://landchg.nlma.gov.tw/Module/RWD/Web/pub_exhibit.aspx,2026-05-12T08:47:08+08:00,"{""fields"": {""查證結果"": ""非違規"", ""權責單位"": ""桃園市"", ""變異類型"": ""作物變化"", ""變異點編號"": ""H0511501092""}, ""latitude"": ""25.041373396783300"", ""longitude"": ""121.237623075306000"", ""marker_icon"": ""chg.png"", ""query_city"": ""桃園市"", ""query_year"": ""115"", ""raw_desc_html"": ""變異點編號：H0511501092<br/>權責單位：桃園市<br/>查證結果：非違規<br/>變異類型：作物變化""}",chg.png,03a449429cf5e9a4c6f6139c8b9d4f54ea86d6f596b4cb6fcd7530945fe03ce4
115,桃園市,H0611505043,桃園市,非違規,整地,121.237967637001000,25.014978215884300,false,https://landchg.nlma.gov.tw/Module/RWD/Web/pub_exhibit.aspx,2026-05-12T08:47:08+08:00,"{""fields"": {""查證結果"": ""非違規"", ""權責單位"": ""桃園市"", ""變異類型"": ""整地"", ""變異點編號"": ""H0611505043""}, ""latitude"": ""25.014978215884300"", ""longitude"": ""121.237967637001000"", ""marker_icon"": ""chg.png"", ""query_city"": ""桃園市"", ""query_year"": ""115"", ""raw_desc_html"": ""變異點編號：H0611505043<br/>權責單位：桃園市<br/>查證結果：非違規<br/>變異類型：整地""}",chg.png,99929a21d89c0dcc0ba302eee469a5b4bbbca9ae97f40279642933b99297680e
115,桃園市,H1011501012,桃園市,非違規,新增建物,121.238042942165000,24.893157702495600,false,https://landchg.nlma.gov.tw/Module/RWD/Web/pub_exhibit.aspx,2026-05-12T08:47:08+08:00,"{""fields"": {""查證結果"": ""非違規"", ""權責單位"": ""桃園市"", ""變異類型"": ""新增建物"", ""變異點編號"": ""H1011501012""}, ""latitude"": ""24.893157702495600"", ""longitude"": ""121.238042942165000"", ""marker_icon"": ""chg.png"", ""query_city"": ""桃園市"", ""query_year"": ""115"", ""raw_desc_html"": ""變異點編號：H1011501012<br/>權責單位：桃園市<br/>查證結果：非違規<br/>變異類型：新增建物""}",chg.png,8a3b9f15f0107543a974283f1e74cb6d39a5e887a6bc0bdb6bab563e177cc03b
115,桃園市,H0611504046,桃園市,非違規,作物變化,121.238107075785000,25.110938590758500,false,https://landchg.nlma.gov.tw/Module/RWD/Web/pub_exhibit.aspx,2026-05-12T08:47:08+08:00,"{""fields"": {""查證結果"": ""非違規"", ""權責單位"": ""桃園市"", ""變異類型"": ""作物變化"", ""變異點編號"": ""H0611504046""}, ""latitude"": ""25.110938590758500"", ""longitude"": ""121.238107075785000"", ""marker_icon"": ""chg.png"", ""query_city"": ""桃園市"", ""query_year"": ""115"", ""raw_desc_html"": ""變異點編號：H0611504046<br/>權責單位：桃園市<br/>查證結果：非違規<br/>變異類型：作物變化""}",chg.png,f91e2fd84ccbece7667c977a3bf95e2c3612ae2f32e13f5c4429de789fedb418
115,桃園市,H0611504063,桃園市,非違規,作物變化,121.238384378409000,25.066289587891100,false,https://landchg.nlma.gov.tw/Module/RWD/Web/pub_exhibit.aspx,2026-05-12T08:47:08+08:00,"{""fields"": {""查證結果"": ""非違規"", ""權責單位"": ""桃園市"", ""變異類型"": ""作物變化"", ""變異點編號"": ""H0611504063""}, ""latitude"": ""25.066289587891100"", ""longitude"": ""121.238384378409000"", ""marker_icon"": ""chg.png"", ""query_city"": ""桃園市"", ""query_year"": ""115"", ""raw_desc_html"": ""變異點編號：H0611504063<br/>權責單位：桃園市<br/>查證結果：非違規<br/>變異類型：作物變化""}",chg.png,32ce2ef315c1e8ac36648293b4a769a7243c59f1a82093df7ed0d6ebe646557e
115,桃園市,H1011501010,桃園市,違規,整地,121.239018677108000,24.901922812929000,true,https://landchg.nlma.gov.tw/Module/RWD/Web/pub_exhibit.aspx,2026-05-12T08:47:08+08:00,"{""fields"": {""查證結果"": ""違規"", ""權責單位"": ""桃園市"", ""變異類型"": ""整地"", ""變異點編號"": ""H1011501010""}, ""latitude"": ""24.901922812929000"", ""longitude"": ""121.239018677108000"", ""marker_icon"": ""chg_red.png"", ""query_city"": ""桃園市"", ""query_year"": ""115"", ""raw_desc_html"": ""變異點編號：H1011501010<br/>權責單位：桃園市<br/>查證結果：違規<br/>變異類型：整地""}",chg_red.png,59fac025c2daa975c234a419513b66239868dd8abe0601687ca13c631533d7e2
115,桃園市,AH0911502029,桃園市,違規,堆積土石,121.239138417693000,24.830483395863100,true,https://landchg.nlma.gov.tw/Module/RWD/Web/pub_exhibit.aspx,2026-05-12T08:47:08+08:00,"{""fields"": {""查證結果"": ""違規"", ""權責單位"": ""桃園市"", ""變異類型"": ""堆積土石"", ""變異點編號"": ""AH0911502029""}, ""latitude"": ""24.830483395863100"", ""longitude"": ""121.239138417693000"", ""marker_icon"": ""chg_red.png"", ""query_city"": ""桃園市"", ""query_year"": ""115"", ""raw_desc_html"": ""變異點編號：AH0911502029<br/>權責單位：桃園市<br/>查證結果：違規<br/>變異類型：堆積土石""}",chg_red.png,4ff1fb6efb66a46d702499ac7e67ea7486d603439ebe156126e05bc929203962
115,桃園市,H0311501107,桃園市,違規,其他,121.239349596953000,25.006390374971100,true,https://landchg.nlma.gov.tw/Module/RWD/Web/pub_exhibit.aspx,2026-05-12T08:47:08+08:00,"{""fields"": {""查證結果"": ""違規"", ""權責單位"": ""桃園市"", ""變異類型"": ""其他"", ""變異點編號"": ""H0311501107""}, ""latitude"": ""25.006390374971100"", ""longitude"": ""121.239349596953000"", ""marker_icon"": ""chg_red.png"", ""query_city"": ""桃園市"", ""query_year"": ""115"", ""raw_desc_html"": ""變異點編號：H0311501107<br/>權責單位：桃園市<br/>查證結果：違規<br/>變異類型：其他""}",chg_red.png,dfd741352fcbc2881b8f1423ff0530c120e44d127bbc6e893313618a40960420
115,桃園市,H0511501096,桃園市,違規,其他,121.240009764186000,25.036012131411900,true,https://landchg.nlma.gov.tw/Module/RWD/Web/pub_exhibit.aspx,2026-05-12T08:47:08+08:00,"{""fields"": {""查證結果"": ""違規"", ""權責單位"": ""桃園市"", ""變異類型"": ""其他"", ""變異點編號"": ""H0511501096""}, ""latitude"": ""25.036012131411900"", ""longitude"": ""121.240009764186000"", ""marker_icon"": ""chg_red.png"", ""query_city"": ""桃園市"", ""query_year"": ""115"", ""raw_desc_html"": ""變異點編號：H0511501096<br/>權責單位：桃園市<br/>查證結果：違規<br/>變異類型：其他""}",chg_red.png,64285e992475d24db3fceb705f90360f4f341c7137463ce0031cd711dc92354e
115,桃園市,H1011503068,桃園市,非違規,作物變化,121.240092699141000,24.921248197373600,false,https://landchg.nlma.gov.tw/Module/RWD/Web/pub_exhibit.aspx,2026-05-12T08:47:08+08:00,"{""fields"": {""查證結果"": ""非違規"", ""權責單位"": ""桃園市"", ""變異類型"": ""作物變化"", ""變異點編號"": ""H1011503068""}, ""latitude"": ""24.921248197373600"", ""longitude"": ""121.240092699141000"", ""marker_icon"": ""chg.png"", ""query_city"": ""桃園市"", ""query_year"": ""115"", ""raw_desc_html"": ""變異點編號：H1011503068<br/>權責單位：桃園市<br/>查證結果：非違規<br/>變異類型：作物變化""}",chg.png,b636e1da0755da322a9fa0fd06c2a33b13b7c5fb51bea2a1abbcd89c8cd9b1d0
115,桃園市,80111501013,桃園市,違規,堆置土石方,121.240400709611000,24.853161947265400,true,https://landchg.nlma.gov.tw/Module/RWD/Web/pub_exhibit.aspx,2026-05-12T08:47:08+08:00,"{""fields"": {""查證結果"": ""違規"", ""權責單位"": ""桃園市"", ""變異類型"": ""堆置土石方"", ""變異點編號"": ""80111501013""}, ""latitude"": ""24.853161947265400"", ""longitude"": ""121.240400709611000"", ""marker_icon"": ""chg_red.png"", ""query_city"": ""桃園市"", ""query_year"": ""115"", ""raw_desc_html"": ""變異點編號：80111501013<br/>權責單位：桃園市<br/>查證結果：違規<br/>變異類型：堆置土石方""}",chg_red.png,a9f8695d9e91aa221fcb8e648c819da0b7a9875bfb4be811834e2788145258fb
115,桃園市,AH0911503070,桃園市,非違規,其他,121.241378657686000,24.829498318118300,false,https://landchg.nlma.gov.tw/Module/RWD/Web/pub_exhibit.aspx,2026-05-12T08:47:08+08:00,"{""fields"": {""查證結果"": ""非違規"", ""權責單位"": ""桃園市"", ""變異類型"": ""其他"", ""變異點編號"": ""AH0911503070""}, ""latitude"": ""24.829498318118300"", ""longitude"": ""121.241378657686000"", ""marker_icon"": ""chg.png"", ""query_city"": ""桃園市"", ""query_year"": ""115"", ""raw_desc_html"": ""變異點編號：AH0911503070<br/>權責單位：桃園市<br/>查證結果：非違規<br/>變異類型：其他""}",chg.png,3c0a669c413396f133d64e304bb1be517f961ccf2fccb05b97a47a97b8839d56
115,桃園市,H0311501065,桃園市,違規,其他,121.241547394378000,24.938133383558100,true,https://landchg.nlma.gov.tw/Module/RWD/Web/pub_exhibit.aspx,2026-05-12T08:47:08+08:00,"{""fields"": {""查證結果"": ""違規"", ""權責單位"": ""桃園市"", ""變異類型"": ""其他"", ""變異點編號"": ""H0311501065""}, ""latitude"": ""24.938133383558100"", ""longitude"": ""121.241547394378000"", ""marker_icon"": ""chg_red.png"", ""query_city"": ""桃園市"", ""query_year"": ""115"", ""raw_desc_html"": ""變異點編號：H0311501065<br/>權責單位：桃園市<br/>查證結果：違規<br/>變異類型：其他""}",chg_red.png,ff60114277a7b731c955697711ccf37db4951cf4adc6167d3edb6731205f347c
115,桃園市,H0511505037,桃園市,違規,其他,121.242093491083000,25.042236113782400,true,https://landchg.nlma.gov.tw/Module/RWD/Web/pub_exhibit.aspx,2026-05-12T08:47:08+08:00,"{""fields"": {""查證結果"": ""違規"", ""權責單位"": ""桃園市"", ""變異類型"": ""其他"", ""變異點編號"": ""H0511505037""}, ""latitude"": ""25.042236113782400"", ""longitude"": ""121.242093491083000"", ""marker_icon"": ""chg_red.png"", ""query_city"": ""桃園市"", ""query_year"": ""115"", ""raw_desc_html"": ""變異點編號：H0511505037<br/>權責單位：桃園市<br/>查證結果：違規<br/>變異類型：其他""}",chg_red.png,8ed0fdd0eb6b29cd3fbd5e71db2485af9fbad4eee6d959144289ad0d6c863f0d
115,桃園市,H0511501093,桃園市,違規,其他,121.242124640620000,25.041955831668600,true,https://landchg.nlma.gov.tw/Module/RWD/Web/pub_exhibit.aspx,2026-05-12T08:47:08+08:00,"{""fields"": {""查證結果"": ""違規"", ""權責單位"": ""桃園市"", ""變異類型"": ""其他"", ""變異點編號"": ""H0511501093""}, ""latitude"": ""25.041955831668600"", ""longitude"": ""121.242124640620000"", ""marker_icon"": ""chg_red.png"", ""query_city"": ""桃園市"", ""query_year"": ""115"", ""raw_desc_html"": ""變異點編號：H0511501093<br/>權責單位：桃園市<br/>查證結果：違規<br/>變異類型：其他""}",chg_red.png,663a953e933d6dc4881c759bedb856c9679a17445468bf0c91413778a8ad79d6
115,桃園市,AH0911501030,桃園市,非違規,一般農業使用(含農地水土保持、農業設施、民眾闢設道路等開發案件),121.242617633575000,24.825778118447400,false,https://landchg.nlma.gov.tw/Module/RWD/Web/pub_exhibit.aspx,2026-05-12T08:47:08+08:00,"{""fields"": {""查證結果"": ""非違規"", ""權責單位"": ""桃園市"", ""變異類型"": ""一般農業使用(含農地水土保持、農業設施、民眾闢設道路等開發案件)"", ""變異點編號"": ""AH0911501030""}, ""latitude"": ""24.825778118447400"", ""longitude"": ""121.242617633575000"", ""marker_icon"": ""chg.png"", ""query_city"": ""桃園市"", ""query_year"": ""115"", ""raw_desc_html"": ""變異點編號：AH0911501030<br/>權責單位：桃園市<br/>查證結果：非違規<br/>變異類型：一般農業使用(含農地水土保持、農業設施、民眾闢設道路等開發案件)""}",chg.png,b164f0f746424df23c20e04c78a73273c63ac043de02d566db7e44f26705bbd4
115,桃園市,H0611504045,桃園市,非違規,新增建物,121.242814745258000,25.115297216402900,false,https://landchg.nlma.gov.tw/Module/RWD/Web/pub_exhibit.aspx,2026-05-12T08:47:08+08:00,"{""fields"": {""查證結果"": ""非違規"", ""權責單位"": ""桃園市"", ""變異類型"": ""新增建物"", ""變異點編號"": ""H0611504045""}, ""latitude"": ""25.115297216402900"", ""longitude"": ""121.242814745258000"", ""marker_icon"": ""chg.png"", ""query_city"": ""桃園市"", ""query_year"": ""115"", ""raw_desc_html"": ""變異點編號：H0611504045<br/>權責單位：桃園市<br/>查證結果：非違規<br/>變異類型：新增建物""}",chg.png,db2ca45be414358d0a02a7c8510c02ef1e0b5e14e87a697c3a32c8568d444fb8
115,桃園市,H1011503077,桃園市,違規,堆置土石方,121.243388496486000,24.898277712759500,true,https://landchg.nlma.gov.tw/Module/RWD/Web/pub_exhibit.aspx,2026-05-12T08:47:08+08:00,"{""fields"": {""查證結果"": ""違規"", ""權責單位"": ""桃園市"", ""變異類型"": ""堆置土石方"", ""變異點編號"": ""H1011503077""}, ""latitude"": ""24.898277712759500"", ""longitude"": ""121.243388496486000"", ""marker_icon"": ""chg_red.png"", ""query_city"": ""桃園市"", ""query_year"": ""115"", ""raw_desc_html"": ""變異點編號：H1011503077<br/>權責單位：桃園市<br/>查證結果：違規<br/>變異類型：堆置土石方""}",chg_red.png,1beda2dfbd60eebd72b4605a44b3d9a6119d0af60ba00bdda770b5250fb8d3d2
115,桃園市,H1011503070,桃園市,違規,堆置土石方,121.243410159354000,24.898386606307500,true,https://landchg.nlma.gov.tw/Module/RWD/Web/pub_exhibit.aspx,2026-05-12T08:47:08+08:00,"{""fields"": {""查證結果"": ""違規"", ""權責單位"": ""桃園市"", ""變異類型"": ""堆置土石方"", ""變異點編號"": ""H1011503070""}, ""latitude"": ""24.898386606307500"", ""longitude"": ""121.243410159354000"", ""marker_icon"": ""chg_red.png"", ""query_city"": ""桃園市"", ""query_year"": ""115"", ""raw_desc_html"": ""變異點編號：H1011503070<br/>權責單位：桃園市<br/>查證結果：違規<br/>變異類型：堆置土石方""}",chg_red.png,54a41919b33ed9756e3ab764a88f041c50bb6b41c8b067508056b6adf77edf69
115,桃園市,H0511505036,桃園市,非違規,新增建物,121.243760297665000,25.044164306476200,false,https://landchg.nlma.gov.tw/Module/RWD/Web/pub_exhibit.aspx,2026-05-12T08:47:08+08:00,"{""fields"": {""查證結果"": ""非違規"", ""權責單位"": ""桃園市"", ""變異類型"": ""新增建物"", ""變異點編號"": ""H0511505036""}, ""latitude"": ""25.044164306476200"", ""longitude"": ""121.243760297665000"", ""marker_icon"": ""chg.png"", ""query_city"": ""桃園市"", ""query_year"": ""115"", ""raw_desc_html"": ""變異點編號：H0511505036<br/>權責單位：桃園市<br/>查證結果：非違規<br/>變異類型：新增建物""}",chg.png,a2d9dce28287cb1e5ebbca97da98d7c251d1613cd9d23361d98adc4cf530bffe
115,桃園市,H0511503033,桃園市,非違規,新增建物,121.244492725324000,25.044352506551500,false,https://landchg.nlma.gov.tw/Module/RWD/Web/pub_exhibit.aspx,2026-05-12T08:47:08+08:00,"{""fields"": {""查證結果"": ""非違規"", ""權責單位"": ""桃園市"", ""變異類型"": ""新增建物"", ""變異點編號"": ""H0511503033""}, ""latitude"": ""25.044352506551500"", ""longitude"": ""121.244492725324000"", ""marker_icon"": ""chg.png"", ""query_city"": ""桃園市"", ""query_year"": ""115"", ""raw_desc_html"": ""變異點編號：H0511503033<br/>權責單位：桃園市<br/>查證結果：非違規<br/>變異類型：新增建物""}",chg.png,916bd526171059a29b93ae20276075cd5ee498e2ecc2bfc27085384025474d92
115,桃園市,H0611503015,桃園市,違規,堆置土石方,121.245619260048000,25.112493052050800,true,https://landchg.nlma.gov.tw/Module/RWD/Web/pub_exhibit.aspx,2026-05-12T08:47:08+08:00,"{""fields"": {""查證結果"": ""違規"", ""權責單位"": ""桃園市"", ""變異類型"": ""堆置土石方"", ""變異點編號"": ""H0611503015""}, ""latitude"": ""25.112493052050800"", ""longitude"": ""121.245619260048000"", ""marker_icon"": ""chg_red.png"", ""query_city"": ""桃園市"", ""query_year"": ""115"", ""raw_desc_html"": ""變異點編號：H0611503015<br/>權責單位：桃園市<br/>查證結果：違規<br/>變異類型：堆置土石方""}",chg_red.png,1a4d4c5f99656a0e5136fa58f4465885814c68fda94eec7ed337e0335231f779
115,桃園市,H1011501013,桃園市,非違規,新增建物,121.246118224852000,24.896172656669200,false,https://landchg.nlma.gov.tw/Module/RWD/Web/pub_exhibit.aspx,2026-05-12T08:47:08+08:00,"{""fields"": {""查證結果"": ""非違規"", ""權責單位"": ""桃園市"", ""變異類型"": ""新增建物"", ""變異點編號"": ""H1011501013""}, ""latitude"": ""24.896172656669200"", ""longitude"": ""121.246118224852000"", ""marker_icon"": ""chg.png"", ""query_city"": ""桃園市"", ""query_year"": ""115"", ""raw_desc_html"": ""變異點編號：H1011501013<br/>權責單位：桃園市<br/>查證結果：非違規<br/>變異類型：新增建物""}",chg.png,c75e3098f3a3a0bd59d8566e45436d350c38ebb7f09a67c0f3180ae37b5b01c2
115,桃園市,H0511504084,桃園市,違規,其他,121.246302528951000,25.017054352987600,true,https://landchg.nlma.gov.tw/Module/RWD/Web/pub_exhibit.aspx,2026-05-12T08:47:08+08:00,"{""fields"": {""查證結果"": ""違規"", ""權責單位"": ""桃園市"", ""變異類型"": ""其他"", ""變異點編號"": ""H0511504084""}, ""latitude"": ""25.017054352987600"", ""longitude"": ""121.246302528951000"", ""marker_icon"": ""chg_red.png"", ""query_city"": ""桃園市"", ""query_year"": ""115"", ""raw_desc_html"": ""變異點編號：H0511504084<br/>權責單位：桃園市<br/>查證結果：違規<br/>變異類型：其他""}",chg_red.png,6c0cb4bbaf2851300e6ab7f9730333c500afc0d1df3a87b851da9d28be269e11
115,桃園市,H1011503079,桃園市,非違規,整地,121.246455665225000,24.892087429304900,false,https://landchg.nlma.gov.tw/Module/RWD/Web/pub_exhibit.aspx,2026-05-12T08:47:08+08:00,"{""fields"": {""查證結果"": ""非違規"", ""權責單位"": ""桃園市"", ""變異類型"": ""整地"", ""變異點編號"": ""H1011503079""}, ""latitude"": ""24.892087429304900"", ""longitude"": ""121.246455665225000"", ""marker_icon"": ""chg.png"", ""query_city"": ""桃園市"", ""query_year"": ""115"", ""raw_desc_html"": ""變異點編號：H1011503079<br/>權責單位：桃園市<br/>查證結果：非違規<br/>變異類型：整地""}",chg.png,1e6a3d6d272a79cfa94d3e1fb4613293702466eaf6bb402b4805a416e62760a8
115,桃園市,H0911503082,桃園市,違規,其他,121.247636690022000,24.872730548219700,true,https://landchg.nlma.gov.tw/Module/RWD/Web/pub_exhibit.aspx,2026-05-12T08:47:08+08:00,"{""fields"": {""查證結果"": ""違規"", ""權責單位"": ""桃園市"", ""變異類型"": ""其他"", ""變異點編號"": ""H0911503082""}, ""latitude"": ""24.872730548219700"", ""longitude"": ""121.247636690022000"", ""marker_icon"": ""chg_red.png"", ""query_city"": ""桃園市"", ""query_year"": ""115"", ""raw_desc_html"": ""變異點編號：H0911503082<br/>權責單位：桃園市<br/>查證結果：違規<br/>變異類型：其他""}",chg_red.png,ee9534b4729c1761d421f9ddeeb2b0760c6b316f2cb77974908c1c624cd2cb50
115,桃園市,AH0911501031,桃園市,非違規,非農業核准開發案件,121.247741859690000,24.833886539636600,false,https://landchg.nlma.gov.tw/Module/RWD/Web/pub_exhibit.aspx,2026-05-12T08:47:08+08:00,"{""fields"": {""查證結果"": ""非違規"", ""權責單位"": ""桃園市"", ""變異類型"": ""非農業核准開發案件"", ""變異點編號"": ""AH0911501031""}, ""latitude"": ""24.833886539636600"", ""longitude"": ""121.247741859690000"", ""marker_icon"": ""chg.png"", ""query_city"": ""桃園市"", ""query_year"": ""115"", ""raw_desc_html"": ""變異點編號：AH0911501031<br/>權責單位：桃園市<br/>查證結果：非違規<br/>變異類型：非農業核准開發案件""}",chg.png,87830b4dc013ac23057b21948efad45cbc264bb8e173dcd26c99ce21e9ec60ad
115,桃園市,AH0911503071,桃園市,非違規,其他,121.248560707378000,24.828911660759300,false,https://landchg.nlma.gov.tw/Module/RWD/Web/pub_exhibit.aspx,2026-05-12T08:47:08+08:00,"{""fields"": {""查證結果"": ""非違規"", ""權責單位"": ""桃園市"", ""變異類型"": ""其他"", ""變異點編號"": ""AH0911503071""}, ""latitude"": ""24.828911660759300"", ""longitude"": ""121.248560707378000"", ""marker_icon"": ""chg.png"", ""query_city"": ""桃園市"", ""query_year"": ""115"", ""raw_desc_html"": ""變異點編號：AH0911503071<br/>權責單位：桃園市<br/>查證結果：非違規<br/>變異類型：其他""}",chg.png,843d46c3945389cd7612a20fea1929ed26ad385c86475a14ec9470d57d92ea45
115,桃園市,H0511504075,桃園市,非違規,新增建物,121.248780126011000,25.031116500429400,false,https://landchg.nlma.gov.tw/Module/RWD/Web/pub_exhibit.aspx,2026-05-12T08:47:08+08:00,"{""fields"": {""查證結果"": ""非違規"", ""權責單位"": ""桃園市"", ""變異類型"": ""新增建物"", ""變異點編號"": ""H0511504075""}, ""latitude"": ""25.031116500429400"", ""longitude"": ""121.248780126011000"", ""marker_icon"": ""chg.png"", ""query_city"": ""桃園市"", ""query_year"": ""115"", ""raw_desc_html"": ""變異點編號：H0511504075<br/>權責單位：桃園市<br/>查證結果：非違規<br/>變異類型：新增建物""}",chg.png,09a8e7902505d5c7d20d6cbee884171656f9953804b78534fed16ae198aa4d00
115,桃園市,AH0911501029,桃園市,違規,其他開挖整地,121.249263681205000,24.829680255669100,true,https://landchg.nlma.gov.tw/Module/RWD/Web/pub_exhibit.aspx,2026-05-12T08:47:08+08:00,"{""fields"": {""查證結果"": ""違規"", ""權責單位"": ""桃園市"", ""變異類型"": ""其他開挖整地"", ""變異點編號"": ""AH0911501029""}, ""latitude"": ""24.829680255669100"", ""longitude"": ""121.249263681205000"", ""marker_icon"": ""chg_red.png"", ""query_city"": ""桃園市"", ""query_year"": ""115"", ""raw_desc_html"": ""變異點編號：AH0911501029<br/>權責單位：桃園市<br/>查證結果：違規<br/>變異類型：其他開挖整地""}",chg_red.png,2c537e75541432e7c3ea3af2c65fa59cbf4158a2b929a19361ee08f8cb02bdf9
115,桃園市,H0611504057,桃園市,非違規,堆置土石方,121.249577660141000,25.073633127929100,false,https://landchg.nlma.gov.tw/Module/RWD/Web/pub_exhibit.aspx,2026-05-12T08:47:08+08:00,"{""fields"": {""查證結果"": ""非違規"", ""權責單位"": ""桃園市"", ""變異類型"": ""堆置土石方"", ""變異點編號"": ""H0611504057""}, ""latitude"": ""25.073633127929100"", ""longitude"": ""121.249577660141000"", ""marker_icon"": ""chg.png"", ""query_city"": ""桃園市"", ""query_year"": ""115"", ""raw_desc_html"": ""變異點編號：H0611504057<br/>權責單位：桃園市<br/>查證結果：非違規<br/>變異類型：堆置土石方""}",chg.png,6e587389655a4d368f9d1d90abf6d5ab87354b6a526bb4d8392bc1ab3b42db04
115,桃園市,H0511501097,桃園市,違規,移除建物,121.249951611101000,25.026143598296400,true,https://landchg.nlma.gov.tw/Module/RWD/Web/pub_exhibit.aspx,2026-05-12T08:47:08+08:00,"{""fields"": {""查證結果"": ""違規"", ""權責單位"": ""桃園市"", ""變異類型"": ""移除建物"", ""變異點編號"": ""H0511501097""}, ""latitude"": ""25.026143598296400"", ""longitude"": ""121.249951611101000"", ""marker_icon"": ""chg_red.png"", ""query_city"": ""桃園市"", ""query_year"": ""115"", ""raw_desc_html"": ""變異點編號：H0511501097<br/>權責單位：桃園市<br/>查證結果：違規<br/>變異類型：移除建物""}",chg_red.png,a146b8b887fe408da5a34cdfea77744386e60dcc4389cfc5d039c1b47d4f8f10
115,桃園市,H0611503021,桃園市,非違規,作物變化,121.250397127338000,25.074853504053900,false,https://landchg.nlma.gov.tw/Module/RWD/Web/pub_exhibit.aspx,2026-05-12T08:47:08+08:00,"{""fields"": {""查證結果"": ""非違規"", ""權責單位"": ""桃園市"", ""變異類型"": ""作物變化"", ""變異點編號"": ""H0611503021""}, ""latitude"": ""25.074853504053900"", ""longitude"": ""121.250397127338000"", ""marker_icon"": ""chg.png"", ""query_city"": ""桃園市"", ""query_year"": ""115"", ""raw_desc_html"": ""變異點編號：H0611503021<br/>權責單位：桃園市<br/>查證結果：非違規<br/>變異類型：作物變化""}",chg.png,3d5c31dabd2e9700902cd83fe15aef90c3bc3ae78e9cfab3aa999fb787cdcbaa
115,桃園市,H0511501094,桃園市,違規,其他,121.251204695574000,25.043674894314900,true,https://landchg.nlma.gov.tw/Module/RWD/Web/pub_exhibit.aspx,2026-05-12T08:47:08+08:00,"{""fields"": {""查證結果"": ""違規"", ""權責單位"": ""桃園市"", ""變異類型"": ""其他"", ""變異點編號"": ""H0511501094""}, ""latitude"": ""25.043674894314900"", ""longitude"": ""121.251204695574000"", ""marker_icon"": ""chg_red.png"", ""query_city"": ""桃園市"", ""query_year"": ""115"", ""raw_desc_html"": ""變異點編號：H0511501094<br/>權責單位：桃園市<br/>查證結果：違規<br/>變異類型：其他""}",chg_red.png,e0e6479afbd752cc24e5de728a3521b2053e32e748855b37e425f7028ae45926
115,桃園市,H0211503078,桃園市,違規,其他,121.251817135781000,24.893440240205300,true,https://landchg.nlma.gov.tw/Module/RWD/Web/pub_exhibit.aspx,2026-05-12T08:47:08+08:00,"{""fields"": {""查證結果"": ""違規"", ""權責單位"": ""桃園市"", ""變異類型"": ""其他"", ""變異點編號"": ""H0211503078""}, ""latitude"": ""24.893440240205300"", ""longitude"": ""121.251817135781000"", ""marker_icon"": ""chg_red.png"", ""query_city"": ""桃園市"", ""query_year"": ""115"", ""raw_desc_html"": ""變異點編號：H0211503078<br/>權責單位：桃園市<br/>查證結果：違規<br/>變異類型：其他""}",chg_red.png,87d740056ecacea187ffbec785a4d7bed391816d8b79ac28c3ca2a2a8b74d051
115,桃園市,H0311504085,桃園市,非違規,新增建物,121.251922468367000,24.999621368631100,false,https://landchg.nlma.gov.tw/Module/RWD/Web/pub_exhibit.aspx,2026-05-12T08:47:08+08:00,"{""fields"": {""查證結果"": ""非違規"", ""權責單位"": ""桃園市"", ""變異類型"": ""新增建物"", ""變異點編號"": ""H0311504085""}, ""latitude"": ""24.999621368631100"", ""longitude"": ""121.251922468367000"", ""marker_icon"": ""chg.png"", ""query_city"": ""桃園市"", ""query_year"": ""115"", ""raw_desc_html"": ""變異點編號：H0311504085<br/>權責單位：桃園市<br/>查證結果：非違規<br/>變異類型：新增建物""}",chg.png,2d6eb5e1be369ece18ebce9509de2d5b5f46b444751b7622249fefca99daa3ea
115,桃園市,H0611504064,桃園市,非違規,整地,121.253571853554000,25.073069613605400,false,https://landchg.nlma.gov.tw/Module/RWD/Web/pub_exhibit.aspx,2026-05-12T08:47:08+08:00,"{""fields"": {""查證結果"": ""非違規"", ""權責單位"": ""桃園市"", ""變異類型"": ""整地"", ""變異點編號"": ""H0611504064""}, ""latitude"": ""25.073069613605400"", ""longitude"": ""121.253571853554000"", ""marker_icon"": ""chg.png"", ""query_city"": ""桃園市"", ""query_year"": ""115"", ""raw_desc_html"": ""變異點編號：H0611504064<br/>權責單位：桃園市<br/>查證結果：非違規<br/>變異類型：整地""}",chg.png,d059fdec6a38195b26fc149482da7ad1acc9d0482e8a2fb053dc058ea9f4f2e9
115,桃園市,H0511501106,桃園市,非違規,整地,121.253898273209000,25.020728200959100,false,https://landchg.nlma.gov.tw/Module/RWD/Web/pub_exhibit.aspx,2026-05-12T08:47:08+08:00,"{""fields"": {""查證結果"": ""非違規"", ""權責單位"": ""桃園市"", ""變異類型"": ""整地"", ""變異點編號"": ""H0511501106""}, ""latitude"": ""25.020728200959100"", ""longitude"": ""121.253898273209000"", ""marker_icon"": ""chg.png"", ""query_city"": ""桃園市"", ""query_year"": ""115"", ""raw_desc_html"": ""變異點編號：H0511501106<br/>權責單位：桃園市<br/>查證結果：非違規<br/>變異類型：整地""}",chg.png,46fbffc2f2654069860481a2a5d26db05b3fa9e54dc3ddd27bff80f7360da2e4
115,桃園市,H0511504065,桃園市,非違規,新增建物,121.253937350271000,25.049554407964900,false,https://landchg.nlma.gov.tw/Module/RWD/Web/pub_exhibit.aspx,2026-05-12T08:47:08+08:00,"{""fields"": {""查證結果"": ""非違規"", ""權責單位"": ""桃園市"", ""變異類型"": ""新增建物"", ""變異點編號"": ""H0511504065""}, ""latitude"": ""25.049554407964900"", ""longitude"": ""121.253937350271000"", ""marker_icon"": ""chg.png"", ""query_city"": ""桃園市"", ""query_year"": ""115"", ""raw_desc_html"": ""變異點編號：H0511504065<br/>權責單位：桃園市<br/>查證結果：非違規<br/>變異類型：新增建物""}",chg.png,2d265c61ce0b6a43a9ca9c5732929c19cad88a4ba93a821a1aec0e6717bb0d29
115,桃園市,H0311501053,桃園市,違規,堆置土石方,121.254066774279000,24.957231919066200,true,https://landchg.nlma.gov.tw/Module/RWD/Web/pub_exhibit.aspx,2026-05-12T08:47:08+08:00,"{""fields"": {""查證結果"": ""違規"", ""權責單位"": ""桃園市"", ""變異類型"": ""堆置土石方"", ""變異點編號"": ""H0311501053""}, ""latitude"": ""24.957231919066200"", ""longitude"": ""121.254066774279000"", ""marker_icon"": ""chg_red.png"", ""query_city"": ""桃園市"", ""query_year"": ""115"", ""raw_desc_html"": ""變異點編號：H0311501053<br/>權責單位：桃園市<br/>查證結果：違規<br/>變異類型：堆置土石方""}",chg_red.png,02772afac732b704d68519d423f18e3e285375430764c3ccf228211785d22d91
115,桃園市,H0511502011,桃園市,非違規,整地,121.254338818585000,25.025669540778600,false,https://landchg.nlma.gov.tw/Module/RWD/Web/pub_exhibit.aspx,2026-05-12T08:47:08+08:00,"{""fields"": {""查證結果"": ""非違規"", ""權責單位"": ""桃園市"", ""變異類型"": ""整地"", ""變異點編號"": ""H0511502011""}, ""latitude"": ""25.025669540778600"", ""longitude"": ""121.254338818585000"", ""marker_icon"": ""chg.png"", ""query_city"": ""桃園市"", ""query_year"": ""115"", ""raw_desc_html"": ""變異點編號：H0511502011<br/>權責單位：桃園市<br/>查證結果：非違規<br/>變異類型：整地""}",chg.png,934e6fe73a8b88ab147bf8733951c1e0ffd86590188f764aaa12c5cdbe07a522
115,桃園市,AH0911501028,桃園市,違規,其他開挖整地,121.254397325324000,24.841093513773900,true,https://landchg.nlma.gov.tw/Module/RWD/Web/pub_exhibit.aspx,2026-05-12T08:47:08+08:00,"{""fields"": {""查證結果"": ""違規"", ""權責單位"": ""桃園市"", ""變異類型"": ""其他開挖整地"", ""變異點編號"": ""AH0911501028""}, ""latitude"": ""24.841093513773900"", ""longitude"": ""121.254397325324000"", ""marker_icon"": ""chg_red.png"", ""query_city"": ""桃園市"", ""query_year"": ""115"", ""raw_desc_html"": ""變異點編號：AH0911501028<br/>權責單位：桃園市<br/>查證結果：違規<br/>變異類型：其他開挖整地""}",chg_red.png,ad93a429f39a7ee37949b208812585a89e1758041d48c2c55a34065b401abfe9
115,桃園市,H0611504056,桃園市,非違規,整地,121.254429836409000,25.075853703147500,false,https://landchg.nlma.gov.tw/Module/RWD/Web/pub_exhibit.aspx,2026-05-12T08:47:08+08:00,"{""fields"": {""查證結果"": ""非違規"", ""權責單位"": ""桃園市"", ""變異類型"": ""整地"", ""變異點編號"": ""H0611504056""}, ""latitude"": ""25.075853703147500"", ""longitude"": ""121.254429836409000"", ""marker_icon"": ""chg.png"", ""query_city"": ""桃園市"", ""query_year"": ""115"", ""raw_desc_html"": ""變異點編號：H0611504056<br/>權責單位：桃園市<br/>查證結果：非違規<br/>變異類型：整地""}",chg.png,24652320683115064266716bffe5a4857be4c6c4fd96630f478849689e0866ba
115,桃園市,H0511503014,桃園市,違規,其他,121.254717584519000,25.113640433659800,true,https://landchg.nlma.gov.tw/Module/RWD/Web/pub_exhibit.aspx,2026-05-12T08:47:08+08:00,"{""fields"": {""查證結果"": ""違規"", ""權責單位"": ""桃園市"", ""變異類型"": ""其他"", ""變異點編號"": ""H0511503014""}, ""latitude"": ""25.113640433659800"", ""longitude"": ""121.254717584519000"", ""marker_icon"": ""chg_red.png"", ""query_city"": ""桃園市"", ""query_year"": ""115"", ""raw_desc_html"": ""變異點編號：H0511503014<br/>權責單位：桃園市<br/>查證結果：違規<br/>變異類型：其他""}",chg_red.png,e961d724c566dcdb0bf59cfbb2db4f83b7039b2e15bbcef10530fe53f24f8910
115,桃園市,H0611503020,桃園市,非違規,整地,121.254745116492000,25.078054884258600,false,https://landchg.nlma.gov.tw/Module/RWD/Web/pub_exhibit.aspx,2026-05-12T08:47:08+08:00,"{""fields"": {""查證結果"": ""非違規"", ""權責單位"": ""桃園市"", ""變異類型"": ""整地"", ""變異點編號"": ""H0611503020""}, ""latitude"": ""25.078054884258600"", ""longitude"": ""121.254745116492000"", ""marker_icon"": ""chg.png"", ""query_city"": ""桃園市"", ""query_year"": ""115"", ""raw_desc_html"": ""變異點編號：H0611503020<br/>權責單位：桃園市<br/>查證結果：非違規<br/>變異類型：整地""}",chg.png,52c0860bc62b96a65e0208fd9479c7ba82ad292cf23ecb6269c369ed9ef06d25
115,桃園市,H0511501068,桃園市,違規,整地,121.255178235822000,25.113674662865200,true,https://landchg.nlma.gov.tw/Module/RWD/Web/pub_exhibit.aspx,2026-05-12T08:47:08+08:00,"{""fields"": {""查證結果"": ""違規"", ""權責單位"": ""桃園市"", ""變異類型"": ""整地"", ""變異點編號"": ""H0511501068""}, ""latitude"": ""25.113674662865200"", ""longitude"": ""121.255178235822000"", ""marker_icon"": ""chg_red.png"", ""query_city"": ""桃園市"", ""query_year"": ""115"", ""raw_desc_html"": ""變異點編號：H0511501068<br/>權責單位：桃園市<br/>查證結果：違規<br/>變異類型：整地""}",chg_red.png,b1036a00eac4d4e212e715b70de41a26dea9409e55611bd755723a1fd7cc4e0c
115,桃園市,H0511501095,桃園市,違規,其他,121.255226618580000,25.042430277048900,true,https://landchg.nlma.gov.tw/Module/RWD/Web/pub_exhibit.aspx,2026-05-12T08:47:08+08:00,"{""fields"": {""查證結果"": ""違規"", ""權責單位"": ""桃園市"", ""變異類型"": ""其他"", ""變異點編號"": ""H0511501095""}, ""latitude"": ""25.042430277048900"", ""longitude"": ""121.255226618580000"", ""marker_icon"": ""chg_red.png"", ""query_city"": ""桃園市"", ""query_year"": ""115"", ""raw_desc_html"": ""變異點編號：H0511501095<br/>權責單位：桃園市<br/>查證結果：違規<br/>變異類型：其他""}",chg_red.png,ca01b46e3d3a1236492909ccee23eb4b88469384a234cba3e7aa939ad72e0fdc
115,桃園市,AH0911503066,桃園市,非違規,一般農業使用(含農地水土保持、農業設施、民眾闢設道路等開發案件),121.256461123046000,24.851684329346300,false,https://landchg.nlma.gov.tw/Module/RWD/Web/pub_exhibit.aspx,2026-05-12T08:47:08+08:00,"{""fields"": {""查證結果"": ""非違規"", ""權責單位"": ""桃園市"", ""變異類型"": ""一般農業使用(含農地水土保持、農業設施、民眾闢設道路等開發案件)"", ""變異點編號"": ""AH0911503066""}, ""latitude"": ""24.851684329346300"", ""longitude"": ""121.256461123046000"", ""marker_icon"": ""chg.png"", ""query_city"": ""桃園市"", ""query_year"": ""115"", ""raw_desc_html"": ""變異點編號：AH0911503066<br/>權責單位：桃園市<br/>查證結果：非違規<br/>變異類型：一般農業使用(含農地水土保持、農業設施、民眾闢設道路等開發案件)""}",chg.png,53c2ccfede5a188d7f58eac705796ed9ebce7cc8ef1851939eba258547e56b2e
115,桃園市,H0511501108,桃園市,違規,新增建物,121.257187848095000,25.006919419588300,true,https://landchg.nlma.gov.tw/Module/RWD/Web/pub_exhibit.aspx,2026-05-12T08:47:08+08:00,"{""fields"": {""查證結果"": ""違規"", ""權責單位"": ""桃園市"", ""變異類型"": ""新增建物"", ""變異點編號"": ""H0511501108""}, ""latitude"": ""25.006919419588300"", ""longitude"": ""121.257187848095000"", ""marker_icon"": ""chg_red.png"", ""query_city"": ""桃園市"", ""query_year"": ""115"", ""raw_desc_html"": ""變異點編號：H0511501108<br/>權責單位：桃園市<br/>查證結果：違規<br/>變異類型：新增建物""}",chg_red.png,1bc303f375a0b5f065159af6e332addebac6563c51e6f937f9f7fce2971e2bdd
115,桃園市,H0511504047,桃園市,非違規,新增建物,121.257487042250000,25.106971725607600,false,https://landchg.nlma.gov.tw/Module/RWD/Web/pub_exhibit.aspx,2026-05-12T08:47:08+08:00,"{""fields"": {""查證結果"": ""非違規"", ""權責單位"": ""桃園市"", ""變異類型"": ""新增建物"", ""變異點編號"": ""H0511504047""}, ""latitude"": ""25.106971725607600"", ""longitude"": ""121.257487042250000"", ""marker_icon"": ""chg.png"", ""query_city"": ""桃園市"", ""query_year"": ""115"", ""raw_desc_html"": ""變異點編號：H0511504047<br/>權責單位：桃園市<br/>查證結果：非違規<br/>變異類型：新增建物""}",chg.png,f9bca599d917ecc19746028fa75dc796d68ba44b7f13965defbbaf4be98112aa
115,桃園市,H0211504134,桃園市,違規,其他,121.257510896083000,24.888849944498500,true,https://landchg.nlma.gov.tw/Module/RWD/Web/pub_exhibit.aspx,2026-05-12T08:47:08+08:00,"{""fields"": {""查證結果"": ""違規"", ""權責單位"": ""桃園市"", ""變異類型"": ""其他"", ""變異點編號"": ""H0211504134""}, ""latitude"": ""24.888849944498500"", ""longitude"": ""121.257510896083000"", ""marker_icon"": ""chg_red.png"", ""query_city"": ""桃園市"", ""query_year"": ""115"", ""raw_desc_html"": ""變異點編號：H0211504134<br/>權責單位：桃園市<br/>查證結果：違規<br/>變異類型：其他""}",chg_red.png,671d6879d56e1fa14e6e3fa3c622a8816764038ebfaea0dd55f3610a9c8b4fd9
115,桃園市,H0211504041,桃園市,非違規,其他,121.258127597672000,24.830302340122700,false,https://landchg.nlma.gov.tw/Module/RWD/Web/pub_exhibit.aspx,2026-05-12T08:47:08+08:00,"{""fields"": {""查證結果"": ""非違規"", ""權責單位"": ""桃園市"", ""變異類型"": ""其他"", ""變異點編號"": ""H0211504041""}, ""latitude"": ""24.830302340122700"", ""longitude"": ""121.258127597672000"", ""marker_icon"": ""chg.png"", ""query_city"": ""桃園市"", ""query_year"": ""115"", ""raw_desc_html"": ""變異點編號：H0211504041<br/>權責單位：桃園市<br/>查證結果：非違規<br/>變異類型：其他""}",chg.png,750a557628bbbca52596117f42f1b1f1f07d434d3131ea83d955d6fc77afe617
115,桃園市,H0211504094,桃園市,非違規,移除建物,121.258791451286000,24.907304924033100,false,https://landchg.nlma.gov.tw/Module/RWD/Web/pub_exhibit.aspx,2026-05-12T08:47:08+08:00,"{""fields"": {""查證結果"": ""非違規"", ""權責單位"": ""桃園市"", ""變異類型"": ""移除建物"", ""變異點編號"": ""H0211504094""}, ""latitude"": ""24.907304924033100"", ""longitude"": ""121.258791451286000"", ""marker_icon"": ""chg.png"", ""query_city"": ""桃園市"", ""query_year"": ""115"", ""raw_desc_html"": ""變異點編號：H0211504094<br/>權責單位：桃園市<br/>查證結果：非違規<br/>變異類型：移除建物""}",chg.png,8329bcf43536ae08a2dce4aaf41c64b3f7bb4e91c3e62a89780f640b1561a348
115,桃園市,H0911503102,桃園市,非違規,自然植被改變,121.258900321977000,24.852061951289400,false,https://landchg.nlma.gov.tw/Module/RWD/Web/pub_exhibit.aspx,2026-05-12T08:47:08+08:00,"{""fields"": {""查證結果"": ""非違規"", ""權責單位"": ""桃園市"", ""變異類型"": ""自然植被改變"", ""變異點編號"": ""H0911503102""}, ""latitude"": ""24.852061951289400"", ""longitude"": ""121.258900321977000"", ""marker_icon"": ""chg.png"", ""query_city"": ""桃園市"", ""query_year"": ""115"", ""raw_desc_html"": ""變異點編號：H0911503102<br/>權責單位：桃園市<br/>查證結果：非違規<br/>變異類型：自然植被改變""}",chg.png,01ebb6b38c459c97316bd11c80d12f4e4d31b8209c727e7113d2bbc7d8f7dba5
115,桃園市,210115013006,第十河川分署,非違規,種植,121.259079895129000,24.841367365522600,false,https://landchg.nlma.gov.tw/Module/RWD/Web/pub_exhibit.aspx,2026-05-12T08:47:08+08:00,"{""fields"": {""查證結果"": ""非違規"", ""權責單位"": ""第十河川分署"", ""變異類型"": ""種植"", ""變異點編號"": ""210115013006""}, ""latitude"": ""24.841367365522600"", ""longitude"": ""121.259079895129000"", ""marker_icon"": ""chg.png"", ""query_city"": ""桃園市"", ""query_year"": ""115"", ""raw_desc_html"": ""變異點編號：210115013006<br/>權責單位：第十河川分署<br/>查證結果：非違規<br/>變異類型：種植""}",chg.png,5f7439dc2408c5fc18321cac627d12a1e048e26da5645547e06ec536f454aa20
115,桃園市,21011501005,第十河川分署,非違規,其他,121.259331282042000,24.844917480437400,false,https://landchg.nlma.gov.tw/Module/RWD/Web/pub_exhibit.aspx,2026-05-12T08:47:08+08:00,"{""fields"": {""查證結果"": ""非違規"", ""權責單位"": ""第十河川分署"", ""變異類型"": ""其他"", ""變異點編號"": ""21011501005""}, ""latitude"": ""24.844917480437400"", ""longitude"": ""121.259331282042000"", ""marker_icon"": ""chg.png"", ""query_city"": ""桃園市"", ""query_year"": ""115"", ""raw_desc_html"": ""變異點編號：21011501005<br/>權責單位：第十河川分署<br/>查證結果：非違規<br/>變異類型：其他""}",chg.png,a43b7b4b2bfd51c34df904df2d360812a84c237c675c9a7332e24789fe224b3c
115,桃園市,H0211501018,桃園市,違規,其他,121.259334851362000,24.884769119803500,true,https://landchg.nlma.gov.tw/Module/RWD/Web/pub_exhibit.aspx,2026-05-12T08:47:08+08:00,"{""fields"": {""查證結果"": ""違規"", ""權責單位"": ""桃園市"", ""變異類型"": ""其他"", ""變異點編號"": ""H0211501018""}, ""latitude"": ""24.884769119803500"", ""longitude"": ""121.259334851362000"", ""marker_icon"": ""chg_red.png"", ""query_city"": ""桃園市"", ""query_year"": ""115"", ""raw_desc_html"": ""變異點編號：H0211501018<br/>權責單位：桃園市<br/>查證結果：違規<br/>變異類型：其他""}",chg_red.png,ac2d1949db2305512b1541397cd601fa796bde60e5f112f9568c288a9a69b02b
115,桃園市,210115013008,第十河川分署,已知工程,工程施作,121.259381164013000,24.843654701143500,false,https://landchg.nlma.gov.tw/Module/RWD/Web/pub_exhibit.aspx,2026-05-12T08:47:08+08:00,"{""fields"": {""查證結果"": ""已知工程"", ""權責單位"": ""第十河川分署"", ""變異類型"": ""工程施作"", ""變異點編號"": ""210115013008""}, ""latitude"": ""24.843654701143500"", ""longitude"": ""121.259381164013000"", ""marker_icon"": ""chg.png"", ""query_city"": ""桃園市"", ""query_year"": ""115"", ""raw_desc_html"": ""變異點編號：210115013008<br/>權責單位：第十河川分署<br/>查證結果：已知工程<br/>變異類型：工程施作""}",chg.png,4b8680d9f11a6ca34f24c828715431c52d19bec3a65e275250d7c0eb142ae453
115,桃園市,H0211504098,桃園市,違規,其他,121.261324411357000,24.866691631537900,true,https://landchg.nlma.gov.tw/Module/RWD/Web/pub_exhibit.aspx,2026-05-12T08:47:08+08:00,"{""fields"": {""查證結果"": ""違規"", ""權責單位"": ""桃園市"", ""變異類型"": ""其他"", ""變異點編號"": ""H0211504098""}, ""latitude"": ""24.866691631537900"", ""longitude"": ""121.261324411357000"", ""marker_icon"": ""chg_red.png"", ""query_city"": ""桃園市"", ""query_year"": ""115"", ""raw_desc_html"": ""變異點編號：H0211504098<br/>權責單位：桃園市<br/>查證結果：違規<br/>變異類型：其他""}",chg_red.png,294cd7458f00c06f4249751fa7b342360581000278532b1bd1c72351b5597790
115,桃園市,H0511504104,桃園市,違規,其他,121.261486229042000,25.035257877183300,true,https://landchg.nlma.gov.tw/Module/RWD/Web/pub_exhibit.aspx,2026-05-12T08:47:08+08:00,"{""fields"": {""查證結果"": ""違規"", ""權責單位"": ""桃園市"", ""變異類型"": ""其他"", ""變異點編號"": ""H0511504104""}, ""latitude"": ""25.035257877183300"", ""longitude"": ""121.261486229042000"", ""marker_icon"": ""chg_red.png"", ""query_city"": ""桃園市"", ""query_year"": ""115"", ""raw_desc_html"": ""變異點編號：H0511504104<br/>權責單位：桃園市<br/>查證結果：違規<br/>變異類型：其他""}",chg_red.png,801be1fe9981cf99824acee066ebd620e66a2b9fe955696ad5e4f3eac5f02a9d
115,桃園市,80111503007,桃園市,非違規,整地,121.261510624908000,25.070761554132500,false,https://landchg.nlma.gov.tw/Module/RWD/Web/pub_exhibit.aspx,2026-05-12T08:47:08+08:00,"{""fields"": {""查證結果"": ""非違規"", ""權責單位"": ""桃園市"", ""變異類型"": ""整地"", ""變異點編號"": ""80111503007""}, ""latitude"": ""25.070761554132500"", ""longitude"": ""121.261510624908000"", ""marker_icon"": ""chg.png"", ""query_city"": ""桃園市"", ""query_year"": ""115"", ""raw_desc_html"": ""變異點編號：80111503007<br/>權責單位：桃園市<br/>查證結果：非違規<br/>變異類型：整地""}",chg.png,5ad09bcaa050a6f65b08f56515febb85b8b8fb784796d3af572abd67fa3cf42b
115,桃園市,H0911504100,桃園市,違規,其他,121.263195317388000,24.847916696572300,true,https://landchg.nlma.gov.tw/Module/RWD/Web/pub_exhibit.aspx,2026-05-12T08:47:08+08:00,"{""fields"": {""查證結果"": ""違規"", ""權責單位"": ""桃園市"", ""變異類型"": ""其他"", ""變異點編號"": ""H0911504100""}, ""latitude"": ""24.847916696572300"", ""longitude"": ""121.263195317388000"", ""marker_icon"": ""chg_red.png"", ""query_city"": ""桃園市"", ""query_year"": ""115"", ""raw_desc_html"": ""變異點編號：H0911504100<br/>權責單位：桃園市<br/>查證結果：違規<br/>變異類型：其他""}",chg_red.png,b6da2deb4298c9f8ab73d4f2bd81db08f2fdcc3019474340ef86e3f96463ce01
115,桃園市,210115013005,第十河川分署,不屬於其管轄範圍,其他,121.263396887047000,24.845152280187100,false,https://landchg.nlma.gov.tw/Module/RWD/Web/pub_exhibit.aspx,2026-05-12T08:47:08+08:00,"{""fields"": {""查證結果"": ""不屬於其管轄範圍"", ""權責單位"": ""第十河川分署"", ""變異類型"": ""其他"", ""變異點編號"": ""210115013005""}, ""latitude"": ""24.845152280187100"", ""longitude"": ""121.263396887047000"", ""marker_icon"": ""chg.png"", ""query_city"": ""桃園市"", ""query_year"": ""115"", ""raw_desc_html"": ""變異點編號：210115013005<br/>權責單位：第十河川分署<br/>查證結果：不屬於其管轄範圍<br/>變異類型：其他""}",chg.png,1b2aa3bdee3a9ad0abc2fb5be4cee4bc071aae48a6b5fd9e48ad172e4b943403
115,桃園市,H0511503037,桃園市,違規,其他,121.263432804248000,25.099028683125400,true,https://landchg.nlma.gov.tw/Module/RWD/Web/pub_exhibit.aspx,2026-05-12T08:47:08+08:00,"{""fields"": {""查證結果"": ""違規"", ""權責單位"": ""桃園市"", ""變異類型"": ""其他"", ""變異點編號"": ""H0511503037""}, ""latitude"": ""25.099028683125400"", ""longitude"": ""121.263432804248000"", ""marker_icon"": ""chg_red.png"", ""query_city"": ""桃園市"", ""query_year"": ""115"", ""raw_desc_html"": ""變異點編號：H0511503037<br/>權責單位：桃園市<br/>查證結果：違規<br/>變異類型：其他""}",chg_red.png,e383e1807d708d5c77f6f880312bf7dbc7140c76b0722b90d3f8a2903fe7496b
115,桃園市,H0511502013,桃園市,非違規,自然植被改變,121.263524868223000,25.030319752256900,false,https://landchg.nlma.gov.tw/Module/RWD/Web/pub_exhibit.aspx,2026-05-12T08:47:08+08:00,"{""fields"": {""查證結果"": ""非違規"", ""權責單位"": ""桃園市"", ""變異類型"": ""自然植被改變"", ""變異點編號"": ""H0511502013""}, ""latitude"": ""25.030319752256900"", ""longitude"": ""121.263524868223000"", ""marker_icon"": ""chg.png"", ""query_city"": ""桃園市"", ""query_year"": ""115"", ""raw_desc_html"": ""變異點編號：H0511502013<br/>權責單位：桃園市<br/>查證結果：非違規<br/>變異類型：自然植被改變""}",chg.png,26d14c6342f2df178c09de5408b62e39724bbaaae685fba3010166cefcc3a197
115,桃園市,H0211504101,桃園市,非違規,其他,121.263529542672000,24.829373877989100,false,https://landchg.nlma.gov.tw/Module/RWD/Web/pub_exhibit.aspx,2026-05-12T08:47:08+08:00,"{""fields"": {""查證結果"": ""非違規"", ""權責單位"": ""桃園市"", ""變異類型"": ""其他"", ""變異點編號"": ""H0211504101""}, ""latitude"": ""24.829373877989100"", ""longitude"": ""121.263529542672000"", ""marker_icon"": ""chg.png"", ""query_city"": ""桃園市"", ""query_year"": ""115"", ""raw_desc_html"": ""變異點編號：H0211504101<br/>權責單位：桃園市<br/>查證結果：非違規<br/>變異類型：其他""}",chg.png,8f1ac7a3736985b5167b0418d2d67507655edfeca201c8810aab042476290e53
115,桃園市,210115013014,第十河川分署,不屬於其管轄範圍,其他,121.263702630585000,24.857602482062700,false,https://landchg.nlma.gov.tw/Module/RWD/Web/pub_exhibit.aspx,2026-05-12T08:47:08+08:00,"{""fields"": {""查證結果"": ""不屬於其管轄範圍"", ""權責單位"": ""第十河川分署"", ""變異類型"": ""其他"", ""變異點編號"": ""210115013014""}, ""latitude"": ""24.857602482062700"", ""longitude"": ""121.263702630585000"", ""marker_icon"": ""chg.png"", ""query_city"": ""桃園市"", ""query_year"": ""115"", ""raw_desc_html"": ""變異點編號：210115013014<br/>權責單位：第十河川分署<br/>查證結果：不屬於其管轄範圍<br/>變異類型：其他""}",chg.png,07b16318f0c2381c2eafa61d4c9f265fb7053ac3ef42f1b3c8f2ef67ecd5a86f
115,桃園市,H0211504096,桃園市,非違規,其他,121.264523588771000,24.895973889675000,false,https://landchg.nlma.gov.tw/Module/RWD/Web/pub_exhibit.aspx,2026-05-12T08:47:08+08:00,"{""fields"": {""查證結果"": ""非違規"", ""權責單位"": ""桃園市"", ""變異類型"": ""其他"", ""變異點編號"": ""H0211504096""}, ""latitude"": ""24.895973889675000"", ""longitude"": ""121.264523588771000"", ""marker_icon"": ""chg.png"", ""query_city"": ""桃園市"", ""query_year"": ""115"", ""raw_desc_html"": ""變異點編號：H0211504096<br/>權責單位：桃園市<br/>查證結果：非違規<br/>變異類型：其他""}",chg.png,952f2aa1c12f6a7897a5a6a5a69a35700e1cfe39c622d107ab892abe1203fb04
115,桃園市,H0811503036,桃園市,違規,整地,121.264643252199000,24.931877376212000,true,https://landchg.nlma.gov.tw/Module/RWD/Web/pub_exhibit.aspx,2026-05-12T08:47:08+08:00,"{""fields"": {""查證結果"": ""違規"", ""權責單位"": ""桃園市"", ""變異類型"": ""整地"", ""變異點編號"": ""H0811503036""}, ""latitude"": ""24.931877376212000"", ""longitude"": ""121.264643252199000"", ""marker_icon"": ""chg_red.png"", ""query_city"": ""桃園市"", ""query_year"": ""115"", ""raw_desc_html"": ""變異點編號：H0811503036<br/>權責單位：桃園市<br/>查證結果：違規<br/>變異類型：整地""}",chg_red.png,d8ace486458f0d4b8868c54b008079df0eee8d4d217fee8b6f1d8724819fa76c
115,桃園市,H0811501110,桃園市,違規,新增建物,121.265138771760000,24.934895337522300,true,https://landchg.nlma.gov.tw/Module/RWD/Web/pub_exhibit.aspx,2026-05-12T08:47:08+08:00,"{""fields"": {""查證結果"": ""違規"", ""權責單位"": ""桃園市"", ""變異類型"": ""新增建物"", ""變異點編號"": ""H0811501110""}, ""latitude"": ""24.934895337522300"", ""longitude"": ""121.265138771760000"", ""marker_icon"": ""chg_red.png"", ""query_city"": ""桃園市"", ""query_year"": ""115"", ""raw_desc_html"": ""變異點編號：H0811501110<br/>權責單位：桃園市<br/>查證結果：違規<br/>變異類型：新增建物""}",chg_red.png,1845f8646d3bb89557440ae625e8ac2cbfb37397ff88b866bd4a4ed5e090fd0b
115,桃園市,H0911504099,桃園市,非違規,作物變化,121.265158087651000,24.856191257697500,false,https://landchg.nlma.gov.tw/Module/RWD/Web/pub_exhibit.aspx,2026-05-12T08:47:08+08:00,"{""fields"": {""查證結果"": ""非違規"", ""權責單位"": ""桃園市"", ""變異類型"": ""作物變化"", ""變異點編號"": ""H0911504099""}, ""latitude"": ""24.856191257697500"", ""longitude"": ""121.265158087651000"", ""marker_icon"": ""chg.png"", ""query_city"": ""桃園市"", ""query_year"": ""115"", ""raw_desc_html"": ""變異點編號：H0911504099<br/>權責單位：桃園市<br/>查證結果：非違規<br/>變異類型：作物變化""}",chg.png,9035023b5c3b94293bb5f03343c31baaf5e9d826bca447edd698cfda3ae6da6b
115,桃園市,H0511503041,桃園市,違規,整地,121.265394227810000,25.049572639775000,true,https://landchg.nlma.gov.tw/Module/RWD/Web/pub_exhibit.aspx,2026-05-12T08:47:08+08:00,"{""fields"": {""查證結果"": ""違規"", ""權責單位"": ""桃園市"", ""變異類型"": ""整地"", ""變異點編號"": ""H0511503041""}, ""latitude"": ""25.049572639775000"", ""longitude"": ""121.265394227810000"", ""marker_icon"": ""chg_red.png"", ""query_city"": ""桃園市"", ""query_year"": ""115"", ""raw_desc_html"": ""變異點編號：H0511503041<br/>權責單位：桃園市<br/>查證結果：違規<br/>變異類型：整地""}",chg_red.png,4cc1e61515deeb359732c64587be16db62a6b42e693d14e3d0b9dc9cec9d6ad3
115,桃園市,H0811501109,桃園市,非違規,其他,121.266097096908000,24.957796935260600,false,https://landchg.nlma.gov.tw/Module/RWD/Web/pub_exhibit.aspx,2026-05-12T08:47:08+08:00,"{""fields"": {""查證結果"": ""非違規"", ""權責單位"": ""桃園市"", ""變異類型"": ""其他"", ""變異點編號"": ""H0811501109""}, ""latitude"": ""24.957796935260600"", ""longitude"": ""121.266097096908000"", ""marker_icon"": ""chg.png"", ""query_city"": ""桃園市"", ""query_year"": ""115"", ""raw_desc_html"": ""變異點編號：H0811501109<br/>權責單位：桃園市<br/>查證結果：非違規<br/>變異類型：其他""}",chg.png,ae919f2c1ee8ef5d74c6abad41f501e9328008655349e03946004e4a39fc2b1e
115,桃園市,H0211503099,桃園市,違規,其他,121.266260742954000,24.889813966920900,true,https://landchg.nlma.gov.tw/Module/RWD/Web/pub_exhibit.aspx,2026-05-12T08:47:08+08:00,"{""fields"": {""查證結果"": ""違規"", ""權責單位"": ""桃園市"", ""變異類型"": ""其他"", ""變異點編號"": ""H0211503099""}, ""latitude"": ""24.889813966920900"", ""longitude"": ""121.266260742954000"", ""marker_icon"": ""chg_red.png"", ""query_city"": ""桃園市"", ""query_year"": ""115"", ""raw_desc_html"": ""變異點編號：H0211503099<br/>權責單位：桃園市<br/>查證結果：違規<br/>變異類型：其他""}",chg_red.png,2f4f11074788f9874b588ff9ce275fa78805df163a4051a5fad336905a171159
115,桃園市,H0511502014,桃園市,違規,新增建物,121.266728904529000,25.028477145459000,true,https://landchg.nlma.gov.tw/Module/RWD/Web/pub_exhibit.aspx,2026-05-12T08:47:08+08:00,"{""fields"": {""查證結果"": ""違規"", ""權責單位"": ""桃園市"", ""變異類型"": ""新增建物"", ""變異點編號"": ""H0511502014""}, ""latitude"": ""25.028477145459000"", ""longitude"": ""121.266728904529000"", ""marker_icon"": ""chg_red.png"", ""query_city"": ""桃園市"", ""query_year"": ""115"", ""raw_desc_html"": ""變異點編號：H0511502014<br/>權責單位：桃園市<br/>查證結果：違規<br/>變異類型：新增建物""}",chg_red.png,426390fdaed21e32b4dcbb9aaa8e9d22d14057f58683dbab017a511b8a1a1d59
115,桃園市,H0511503015,桃園市,違規,其他,121.267364770941000,25.093193318675100,true,https://landchg.nlma.gov.tw/Module/RWD/Web/pub_exhibit.aspx,2026-05-12T08:47:08+08:00,"{""fields"": {""查證結果"": ""違規"", ""權責單位"": ""桃園市"", ""變異類型"": ""其他"", ""變異點編號"": ""H0511503015""}, ""latitude"": ""25.093193318675100"", ""longitude"": ""121.267364770941000"", ""marker_icon"": ""chg_red.png"", ""query_city"": ""桃園市"", ""query_year"": ""115"", ""raw_desc_html"": ""變異點編號：H0511503015<br/>權責單位：桃園市<br/>查證結果：違規<br/>變異類型：其他""}",chg_red.png,553cda3aec7aa3b6d7f490f9164589212c8c3e16bfbd80861b8409c01eadc5eb
115,桃園市,H0511503016,桃園市,違規,其他,121.267539595951000,25.092299006412100,true,https://landchg.nlma.gov.tw/Module/RWD/Web/pub_exhibit.aspx,2026-05-12T08:47:08+08:00,"{""fields"": {""查證結果"": ""違規"", ""權責單位"": ""桃園市"", ""變異類型"": ""其他"", ""變異點編號"": ""H0511503016""}, ""latitude"": ""25.092299006412100"", ""longitude"": ""121.267539595951000"", ""marker_icon"": ""chg_red.png"", ""query_city"": ""桃園市"", ""query_year"": ""115"", ""raw_desc_html"": ""變異點編號：H0511503016<br/>權責單位：桃園市<br/>查證結果：違規<br/>變異類型：其他""}",chg_red.png,892eaa291bd244dc1ec6300ce5db9aae0e85df11b39508709fc855ddc340e71e
115,桃園市,21011503004,第十河川分署,非違規,其他,121.268217059706000,24.852961071510500,false,https://landchg.nlma.gov.tw/Module/RWD/Web/pub_exhibit.aspx,2026-05-12T08:47:08+08:00,"{""fields"": {""查證結果"": ""非違規"", ""權責單位"": ""第十河川分署"", ""變異類型"": ""其他"", ""變異點編號"": ""21011503004""}, ""latitude"": ""24.852961071510500"", ""longitude"": ""121.268217059706000"", ""marker_icon"": ""chg.png"", ""query_city"": ""桃園市"", ""query_year"": ""115"", ""raw_desc_html"": ""變異點編號：21011503004<br/>權責單位：第十河川分署<br/>查證結果：非違規<br/>變異類型：其他""}",chg.png,a8628b3ac2bc4f573c5b1fc5dcc775605f1fbd2ae9cc07c4bdce291fd35f0195
115,桃園市,H0511501115,桃園市,違規,新增建物,121.268591154434000,25.035304074674800,true,https://landchg.nlma.gov.tw/Module/RWD/Web/pub_exhibit.aspx,2026-05-12T08:47:08+08:00,"{""fields"": {""查證結果"": ""違規"", ""權責單位"": ""桃園市"", ""變異類型"": ""新增建物"", ""變異點編號"": ""H0511501115""}, ""latitude"": ""25.035304074674800"", ""longitude"": ""121.268591154434000"", ""marker_icon"": ""chg_red.png"", ""query_city"": ""桃園市"", ""query_year"": ""115"", ""raw_desc_html"": ""變異點編號：H0511501115<br/>權責單位：桃園市<br/>查證結果：違規<br/>變異類型：新增建物""}",chg_red.png,e9fdc9b2f54d0e26ba423e13cfd4926561629fa314100373a55a727968509417
115,桃園市,210115013007,第十河川分署,非違規,整地,121.268783942120000,24.845115116269700,false,https://landchg.nlma.gov.tw/Module/RWD/Web/pub_exhibit.aspx,2026-05-12T08:47:08+08:00,"{""fields"": {""查證結果"": ""非違規"", ""權責單位"": ""第十河川分署"", ""變異類型"": ""整地"", ""變異點編號"": ""210115013007""}, ""latitude"": ""24.845115116269700"", ""longitude"": ""121.268783942120000"", ""marker_icon"": ""chg.png"", ""query_city"": ""桃園市"", ""query_year"": ""115"", ""raw_desc_html"": ""變異點編號：210115013007<br/>權責單位：第十河川分署<br/>查證結果：非違規<br/>變異類型：整地""}",chg.png,0f187a1862acf7a635a6870e1234a42e66f6a52e99cea2a792157d329a664ab1
115,桃園市,H0511501114,桃園市,違規,整地,121.268841153905000,25.034779390547500,true,https://landchg.nlma.gov.tw/Module/RWD/Web/pub_exhibit.aspx,2026-05-12T08:47:08+08:00,"{""fields"": {""查證結果"": ""違規"", ""權責單位"": ""桃園市"", ""變異類型"": ""整地"", ""變異點編號"": ""H0511501114""}, ""latitude"": ""25.034779390547500"", ""longitude"": ""121.268841153905000"", ""marker_icon"": ""chg_red.png"", ""query_city"": ""桃園市"", ""query_year"": ""115"", ""raw_desc_html"": ""變異點編號：H0511501114<br/>權責單位：桃園市<br/>查證結果：違規<br/>變異類型：整地""}",chg_red.png,e9d5a9ae538f347b793f791ea0d0dbaa85210b61d6b750edd641a57f58c40906
115,桃園市,H0511502006,桃園市,非違規,整地,121.269028487263000,25.086904214280400,false,https://landchg.nlma.gov.tw/Module/RWD/Web/pub_exhibit.aspx,2026-05-12T08:47:08+08:00,"{""fields"": {""查證結果"": ""非違規"", ""權責單位"": ""桃園市"", ""變異類型"": ""整地"", ""變異點編號"": ""H0511502006""}, ""latitude"": ""25.086904214280400"", ""longitude"": ""121.269028487263000"", ""marker_icon"": ""chg.png"", ""query_city"": ""桃園市"", ""query_year"": ""115"", ""raw_desc_html"": ""變異點編號：H0511502006<br/>權責單位：桃園市<br/>查證結果：非違規<br/>變異類型：整地""}",chg.png,7b5436da73ce287e97576396d3a645169b3088f25531ba9d83397bcc5828fc2b
115,桃園市,H0611505050,桃園市,非違規,作物變化,121.271307302663000,25.078144355770800,false,https://landchg.nlma.gov.tw/Module/RWD/Web/pub_exhibit.aspx,2026-05-12T08:47:08+08:00,"{""fields"": {""查證結果"": ""非違規"", ""權責單位"": ""桃園市"", ""變異類型"": ""作物變化"", ""變異點編號"": ""H0611505050""}, ""latitude"": ""25.078144355770800"", ""longitude"": ""121.271307302663000"", ""marker_icon"": ""chg.png"", ""query_city"": ""桃園市"", ""query_year"": ""115"", ""raw_desc_html"": ""變異點編號：H0611505050<br/>權責單位：桃園市<br/>查證結果：非違規<br/>變異類型：作物變化""}",chg.png,c0ebe745199b140f988e129758173484ac0976eead1ab0dcc43365b501953087
115,桃園市,H0511501117,桃園市,違規,移除建物,121.272035251399000,25.024929967118800,true,https://landchg.nlma.gov.tw/Module/RWD/Web/pub_exhibit.aspx,2026-05-12T08:47:08+08:00,"{""fields"": {""查證結果"": ""違規"", ""權責單位"": ""桃園市"", ""變異類型"": ""移除建物"", ""變異點編號"": ""H0511501117""}, ""latitude"": ""25.024929967118800"", ""longitude"": ""121.272035251399000"", ""marker_icon"": ""chg_red.png"", ""query_city"": ""桃園市"", ""query_year"": ""115"", ""raw_desc_html"": ""變異點編號：H0511501117<br/>權責單位：桃園市<br/>查證結果：違規<br/>變異類型：移除建物""}",chg_red.png,d6748bca4fdc11f6a56a2addf21327aa5459433c7bf8e04d08e93a926b37edec
115,桃園市,H0511504105,桃園市,違規,新增建物,121.272648109920000,25.008506031389700,true,https://landchg.nlma.gov.tw/Module/RWD/Web/pub_exhibit.aspx,2026-05-12T08:47:08+08:00,"{""fields"": {""查證結果"": ""違規"", ""權責單位"": ""桃園市"", ""變異類型"": ""新增建物"", ""變異點編號"": ""H0511504105""}, ""latitude"": ""25.008506031389700"", ""longitude"": ""121.272648109920000"", ""marker_icon"": ""chg_red.png"", ""query_city"": ""桃園市"", ""query_year"": ""115"", ""raw_desc_html"": ""變異點編號：H0511504105<br/>權責單位：桃園市<br/>查證結果：違規<br/>變異類型：新增建物""}",chg_red.png,37e7b58e01d89117ab66ebf5fbafc4fe370573665095039634864c6b4f8a85bc
115,桃園市,H0511503043,桃園市,違規,堆置土石方,121.272712979016000,25.045271832588400,true,https://landchg.nlma.gov.tw/Module/RWD/Web/pub_exhibit.aspx,2026-05-12T08:47:08+08:00,"{""fields"": {""查證結果"": ""違規"", ""權責單位"": ""桃園市"", ""變異類型"": ""堆置土石方"", ""變異點編號"": ""H0511503043""}, ""latitude"": ""25.045271832588400"", ""longitude"": ""121.272712979016000"", ""marker_icon"": ""chg_red.png"", ""query_city"": ""桃園市"", ""query_year"": ""115"", ""raw_desc_html"": ""變異點編號：H0511503043<br/>權責單位：桃園市<br/>查證結果：違規<br/>變異類型：堆置土石方""}",chg_red.png,465ee049cc23aff53be4a3a6ef85f40f9850dac4d6737ed2d719493fd5cfec1c
115,桃園市,H0511502015,桃園市,違規,其他,121.272958813995000,25.009189786764500,true,https://landchg.nlma.gov.tw/Module/RWD/Web/pub_exhibit.aspx,2026-05-12T08:47:08+08:00,"{""fields"": {""查證結果"": ""違規"", ""權責單位"": ""桃園市"", ""變異類型"": ""其他"", ""變異點編號"": ""H0511502015""}, ""latitude"": ""25.009189786764500"", ""longitude"": ""121.272958813995000"", ""marker_icon"": ""chg_red.png"", ""query_city"": ""桃園市"", ""query_year"": ""115"", ""raw_desc_html"": ""變異點編號：H0511502015<br/>權責單位：桃園市<br/>查證結果：違規<br/>變異類型：其他""}",chg_red.png,0fcae6271fcda0df737417ef397fbd1c26189333707e996f749f2de7fcac7a4e
115,桃園市,H0811504088,桃園市,違規,新增水域(漁塭或水塘),121.272990913419000,24.949923619775200,true,https://landchg.nlma.gov.tw/Module/RWD/Web/pub_exhibit.aspx,2026-05-12T08:47:08+08:00,"{""fields"": {""查證結果"": ""違規"", ""權責單位"": ""桃園市"", ""變異類型"": ""新增水域(漁塭或水塘)"", ""變異點編號"": ""H0811504088""}, ""latitude"": ""24.949923619775200"", ""longitude"": ""121.272990913419000"", ""marker_icon"": ""chg_red.png"", ""query_city"": ""桃園市"", ""query_year"": ""115"", ""raw_desc_html"": ""變異點編號：H0811504088<br/>權責單位：桃園市<br/>查證結果：違規<br/>變異類型：新增水域(漁塭或水塘)""}",chg_red.png,7dbdbe42d89241c4a3a94b949c909fc0922c0648f0f4fb269a9c508ab7edb220
115,桃園市,H0511501111,桃園市,違規,堆置土石方,121.273346401911000,25.045719488298600,true,https://landchg.nlma.gov.tw/Module/RWD/Web/pub_exhibit.aspx,2026-05-12T08:47:08+08:00,"{""fields"": {""查證結果"": ""違規"", ""權責單位"": ""桃園市"", ""變異類型"": ""堆置土石方"", ""變異點編號"": ""H0511501111""}, ""latitude"": ""25.045719488298600"", ""longitude"": ""121.273346401911000"", ""marker_icon"": ""chg_red.png"", ""query_city"": ""桃園市"", ""query_year"": ""115"", ""raw_desc_html"": ""變異點編號：H0511501111<br/>權責單位：桃園市<br/>查證結果：違規<br/>變異類型：堆置土石方""}",chg_red.png,f442a2682cf0533ca9369a4120e45347c01376d7fddc446a8a5d6798684aa49e
115,桃園市,H0511504106,桃園市,非違規,作物變化,121.273427196719000,25.008300641126200,false,https://landchg.nlma.gov.tw/Module/RWD/Web/pub_exhibit.aspx,2026-05-12T08:47:08+08:00,"{""fields"": {""查證結果"": ""非違規"", ""權責單位"": ""桃園市"", ""變異類型"": ""作物變化"", ""變異點編號"": ""H0511504106""}, ""latitude"": ""25.008300641126200"", ""longitude"": ""121.273427196719000"", ""marker_icon"": ""chg.png"", ""query_city"": ""桃園市"", ""query_year"": ""115"", ""raw_desc_html"": ""變異點編號：H0511504106<br/>權責單位：桃園市<br/>查證結果：非違規<br/>變異類型：作物變化""}",chg.png,9db71059662eb235cc7dbed53d382d221ed115c37c57bb9c2c5f7c65b89ddc47
115,桃園市,H0211502003,桃園市,非違規,其他,121.273541174631000,24.846097849338400,false,https://landchg.nlma.gov.tw/Module/RWD/Web/pub_exhibit.aspx,2026-05-12T08:47:08+08:00,"{""fields"": {""查證結果"": ""非違規"", ""權責單位"": ""桃園市"", ""變異類型"": ""其他"", ""變異點編號"": ""H0211502003""}, ""latitude"": ""24.846097849338400"", ""longitude"": ""121.273541174631000"", ""marker_icon"": ""chg.png"", ""query_city"": ""桃園市"", ""query_year"": ""115"", ""raw_desc_html"": ""變異點編號：H0211502003<br/>權責單位：桃園市<br/>查證結果：非違規<br/>變異類型：其他""}",chg.png,dc94180f90018878194e9bbd7ff363fe70a930f3f4b557f7a48f368395216392
115,桃園市,H0511501112,桃園市,違規,其他,121.274061809415000,25.034652957468700,true,https://landchg.nlma.gov.tw/Module/RWD/Web/pub_exhibit.aspx,2026-05-12T08:47:08+08:00,"{""fields"": {""查證結果"": ""違規"", ""權責單位"": ""桃園市"", ""變異類型"": ""其他"", ""變異點編號"": ""H0511501112""}, ""latitude"": ""25.034652957468700"", ""longitude"": ""121.274061809415000"", ""marker_icon"": ""chg_red.png"", ""query_city"": ""桃園市"", ""query_year"": ""115"", ""raw_desc_html"": ""變異點編號：H0511501112<br/>權責單位：桃園市<br/>查證結果：違規<br/>變異類型：其他""}",chg_red.png,6d626ce73e27c1885fe148638e29aab8e3c94f678686c9a23c3e7cf4d58563b0
115,桃園市,H0511503042,桃園市,違規,道路變化,121.274119758857000,25.049882314462200,true,https://landchg.nlma.gov.tw/Module/RWD/Web/pub_exhibit.aspx,2026-05-12T08:47:08+08:00,"{""fields"": {""查證結果"": ""違規"", ""權責單位"": ""桃園市"", ""變異類型"": ""道路變化"", ""變異點編號"": ""H0511503042""}, ""latitude"": ""25.049882314462200"", ""longitude"": ""121.274119758857000"", ""marker_icon"": ""chg_red.png"", ""query_city"": ""桃園市"", ""query_year"": ""115"", ""raw_desc_html"": ""變異點編號：H0511503042<br/>權責單位：桃園市<br/>查證結果：違規<br/>變異類型：道路變化""}",chg_red.png,b4584378e024e79085e758d281045ae69713f5e26252740ae95fa5c4dddf2685
115,桃園市,H0811504086,桃園市,非違規,其他,121.274264537861000,24.970674427475600,false,https://landchg.nlma.gov.tw/Module/RWD/Web/pub_exhibit.aspx,2026-05-12T08:47:08+08:00,"{""fields"": {""查證結果"": ""非違規"", ""權責單位"": ""桃園市"", ""變異類型"": ""其他"", ""變異點編號"": ""H0811504086""}, ""latitude"": ""24.970674427475600"", ""longitude"": ""121.274264537861000"", ""marker_icon"": ""chg.png"", ""query_city"": ""桃園市"", ""query_year"": ""115"", ""raw_desc_html"": ""變異點編號：H0811504086<br/>權責單位：桃園市<br/>查證結果：非違規<br/>變異類型：其他""}",chg.png,b6e38f87019bb375a575e2cf7e54b18299f2f20a10b1354830c476e7183e7471
115,桃園市,H0511503045,桃園市,違規,其他,121.274551249201000,25.034464698919900,true,https://landchg.nlma.gov.tw/Module/RWD/Web/pub_exhibit.aspx,2026-05-12T08:47:08+08:00,"{""fields"": {""查證結果"": ""違規"", ""權責單位"": ""桃園市"", ""變異類型"": ""其他"", ""變異點編號"": ""H0511503045""}, ""latitude"": ""25.034464698919900"", ""longitude"": ""121.274551249201000"", ""marker_icon"": ""chg_red.png"", ""query_city"": ""桃園市"", ""query_year"": ""115"", ""raw_desc_html"": ""變異點編號：H0511503045<br/>權責單位：桃園市<br/>查證結果：違規<br/>變異類型：其他""}",chg_red.png,48a539fd39c5ac58d5319a93a898aa0b9b53ac5bf1219da60781f672d8c600c2
115,桃園市,H0511501113,桃園市,違規,其他,121.275002674597000,25.036765195228000,true,https://landchg.nlma.gov.tw/Module/RWD/Web/pub_exhibit.aspx,2026-05-12T08:47:08+08:00,"{""fields"": {""查證結果"": ""違規"", ""權責單位"": ""桃園市"", ""變異類型"": ""其他"", ""變異點編號"": ""H0511501113""}, ""latitude"": ""25.036765195228000"", ""longitude"": ""121.275002674597000"", ""marker_icon"": ""chg_red.png"", ""query_city"": ""桃園市"", ""query_year"": ""115"", ""raw_desc_html"": ""變異點編號：H0511501113<br/>權責單位：桃園市<br/>查證結果：違規<br/>變異類型：其他""}",chg_red.png,7cef54b1c95a11a9d76dc60f10d0851fa3f07dcafc8dfc3f560266054f5441d0
115,桃園市,H0211503096,桃園市,違規,其他,121.275071795913000,24.920682114912700,true,https://landchg.nlma.gov.tw/Module/RWD/Web/pub_exhibit.aspx,2026-05-12T08:47:08+08:00,"{""fields"": {""查證結果"": ""違規"", ""權責單位"": ""桃園市"", ""變異類型"": ""其他"", ""變異點編號"": ""H0211503096""}, ""latitude"": ""24.920682114912700"", ""longitude"": ""121.275071795913000"", ""marker_icon"": ""chg_red.png"", ""query_city"": ""桃園市"", ""query_year"": ""115"", ""raw_desc_html"": ""變異點編號：H0211503096<br/>權責單位：桃園市<br/>查證結果：違規<br/>變異類型：其他""}",chg_red.png,fd03873c2788bdc853c72c7e7e24d97d31071d9f7eff49ec55f3334dcd71fe0e
115,桃園市,H0511504001,桃園市,非違規,整地,121.275194777177000,25.114383656291100,false,https://landchg.nlma.gov.tw/Module/RWD/Web/pub_exhibit.aspx,2026-05-12T08:47:08+08:00,"{""fields"": {""查證結果"": ""非違規"", ""權責單位"": ""桃園市"", ""變異類型"": ""整地"", ""變異點編號"": ""H0511504001""}, ""latitude"": ""25.114383656291100"", ""longitude"": ""121.275194777177000"", ""marker_icon"": ""chg.png"", ""query_city"": ""桃園市"", ""query_year"": ""115"", ""raw_desc_html"": ""變異點編號：H0511504001<br/>權責單位：桃園市<br/>查證結果：非違規<br/>變異類型：整地""}",chg.png,56faeef17823e96dbb20af04216b9a7d3d75f0e9c02392a4c06a64894d6d8191
115,桃園市,H0511501021,桃園市,違規,整地,121.275559448960000,25.096211309295700,true,https://landchg.nlma.gov.tw/Module/RWD/Web/pub_exhibit.aspx,2026-05-12T08:47:08+08:00,"{""fields"": {""查證結果"": ""違規"", ""權責單位"": ""桃園市"", ""變異類型"": ""整地"", ""變異點編號"": ""H0511501021""}, ""latitude"": ""25.096211309295700"", ""longitude"": ""121.275559448960000"", ""marker_icon"": ""chg_red.png"", ""query_city"": ""桃園市"", ""query_year"": ""115"", ""raw_desc_html"": ""變異點編號：H0511501021<br/>權責單位：桃園市<br/>查證結果：違規<br/>變異類型：整地""}",chg_red.png,784e84b6500224cff2ecdc5cda21bf564afe810754b2f934a69494de5169df16
115,桃園市,H0511503044,桃園市,非違規,整地,121.275636362464000,25.042691073023300,false,https://landchg.nlma.gov.tw/Module/RWD/Web/pub_exhibit.aspx,2026-05-12T08:47:08+08:00,"{""fields"": {""查證結果"": ""非違規"", ""權責單位"": ""桃園市"", ""變異類型"": ""整地"", ""變異點編號"": ""H0511503044""}, ""latitude"": ""25.042691073023300"", ""longitude"": ""121.275636362464000"", ""marker_icon"": ""chg.png"", ""query_city"": ""桃園市"", ""query_year"": ""115"", ""raw_desc_html"": ""變異點編號：H0511503044<br/>權責單位：桃園市<br/>查證結果：非違規<br/>變異類型：整地""}",chg.png,bc4ea7bb1ef8851ed86f389efcf25199030d1bb954741d18fec3db6f22b8fc6d
115,桃園市,H0211503101,桃園市,違規,其他,121.277135646198000,24.850519168504000,true,https://landchg.nlma.gov.tw/Module/RWD/Web/pub_exhibit.aspx,2026-05-12T08:47:08+08:00,"{""fields"": {""查證結果"": ""違規"", ""權責單位"": ""桃園市"", ""變異類型"": ""其他"", ""變異點編號"": ""H0211503101""}, ""latitude"": ""24.850519168504000"", ""longitude"": ""121.277135646198000"", ""marker_icon"": ""chg_red.png"", ""query_city"": ""桃園市"", ""query_year"": ""115"", ""raw_desc_html"": ""變異點編號：H0211503101<br/>權責單位：桃園市<br/>查證結果：違規<br/>變異類型：其他""}",chg_red.png,9245ab379a885e4edd4c0b8524138fdd4b168e09a0c291f6d3a6467928497584
115,桃園市,H0511501020,桃園市,非違規,整地,121.277296043084000,25.075996381697400,false,https://landchg.nlma.gov.tw/Module/RWD/Web/pub_exhibit.aspx,2026-05-12T08:47:08+08:00,"{""fields"": {""查證結果"": ""非違規"", ""權責單位"": ""桃園市"", ""變異類型"": ""整地"", ""變異點編號"": ""H0511501020""}, ""latitude"": ""25.075996381697400"", ""longitude"": ""121.277296043084000"", ""marker_icon"": ""chg.png"", ""query_city"": ""桃園市"", ""query_year"": ""115"", ""raw_desc_html"": ""變異點編號：H0511501020<br/>權責單位：桃園市<br/>查證結果：非違規<br/>變異類型：整地""}",chg.png,93cd09e3776e5b2e638c06497d14c22ae436b11d1022588ac214a96b9cf96a32
115,桃園市,H0511503040,桃園市,非違規,整地,121.277640072047000,25.049850233731500,false,https://landchg.nlma.gov.tw/Module/RWD/Web/pub_exhibit.aspx,2026-05-12T08:47:08+08:00,"{""fields"": {""查證結果"": ""非違規"", ""權責單位"": ""桃園市"", ""變異類型"": ""整地"", ""變異點編號"": ""H0511503040""}, ""latitude"": ""25.049850233731500"", ""longitude"": ""121.277640072047000"", ""marker_icon"": ""chg.png"", ""query_city"": ""桃園市"", ""query_year"": ""115"", ""raw_desc_html"": ""變異點編號：H0511503040<br/>權責單位：桃園市<br/>查證結果：非違規<br/>變異類型：整地""}",chg.png,2355d32994aa9d11db957e31f7e3b464304605edbb963d336cebe5f3e80d28f2
115,桃園市,H0211503097,桃園市,非違規,作物變化,121.277750907494000,24.914457204112800,false,https://landchg.nlma.gov.tw/Module/RWD/Web/pub_exhibit.aspx,2026-05-12T08:47:08+08:00,"{""fields"": {""查證結果"": ""非違規"", ""權責單位"": ""桃園市"", ""變異類型"": ""作物變化"", ""變異點編號"": ""H0211503097""}, ""latitude"": ""24.914457204112800"", ""longitude"": ""121.277750907494000"", ""marker_icon"": ""chg.png"", ""query_city"": ""桃園市"", ""query_year"": ""115"", ""raw_desc_html"": ""變異點編號：H0211503097<br/>權責單位：桃園市<br/>查證結果：非違規<br/>變異類型：作物變化""}",chg.png,a788c0f6c72f40b8c20a2296317aadf9eb1bdc8348038fd20fd3c7d33be9bc7e
115,桃園市,H02115013003,桃園市,違規,其他,121.277760321873000,24.858651148966700,true,https://landchg.nlma.gov.tw/Module/RWD/Web/pub_exhibit.aspx,2026-05-12T08:47:08+08:00,"{""fields"": {""查證結果"": ""違規"", ""權責單位"": ""桃園市"", ""變異類型"": ""其他"", ""變異點編號"": ""H02115013003""}, ""latitude"": ""24.858651148966700"", ""longitude"": ""121.277760321873000"", ""marker_icon"": ""chg_red.png"", ""query_city"": ""桃園市"", ""query_year"": ""115"", ""raw_desc_html"": ""變異點編號：H02115013003<br/>權責單位：桃園市<br/>查證結果：違規<br/>變異類型：其他""}",chg_red.png,6cb3352f390e4735537a77392d4da96f9611d9f315bf035d5816f43153a6cc0b
115,桃園市,AH1311504035,桃園市,違規,其他開挖整地,121.277819881473000,24.789835812645400,true,https://landchg.nlma.gov.tw/Module/RWD/Web/pub_exhibit.aspx,2026-05-12T08:47:08+08:00,"{""fields"": {""查證結果"": ""違規"", ""權責單位"": ""桃園市"", ""變異類型"": ""其他開挖整地"", ""變異點編號"": ""AH1311504035""}, ""latitude"": ""24.789835812645400"", ""longitude"": ""121.277819881473000"", ""marker_icon"": ""chg_red.png"", ""query_city"": ""桃園市"", ""query_year"": ""115"", ""raw_desc_html"": ""變異點編號：AH1311504035<br/>權責單位：桃園市<br/>查證結果：違規<br/>變異類型：其他開挖整地""}",chg_red.png,6413699b7604ebbb8fa8ac85a803506f96475657f5f54fb76509fa281a54521d
115,桃園市,AH0511501004,桃園市,違規,其他開挖整地,121.278349843841000,25.099723924733400,true,https://landchg.nlma.gov.tw/Module/RWD/Web/pub_exhibit.aspx,2026-05-12T08:47:08+08:00,"{""fields"": {""查證結果"": ""違規"", ""權責單位"": ""桃園市"", ""變異類型"": ""其他開挖整地"", ""變異點編號"": ""AH0511501004""}, ""latitude"": ""25.099723924733400"", ""longitude"": ""121.278349843841000"", ""marker_icon"": ""chg_red.png"", ""query_city"": ""桃園市"", ""query_year"": ""115"", ""raw_desc_html"": ""變異點編號：AH0511501004<br/>權責單位：桃園市<br/>查證結果：違規<br/>變異類型：其他開挖整地""}",chg_red.png,121db8c7f71cccbf9606afa3ab17c30dae2b0331942afe578a06072505270a3b
115,桃園市,H0511501019,桃園市,非違規,其他,121.278408363257000,25.091445806555200,false,https://landchg.nlma.gov.tw/Module/RWD/Web/pub_exhibit.aspx,2026-05-12T08:47:08+08:00,"{""fields"": {""查證結果"": ""非違規"", ""權責單位"": ""桃園市"", ""變異類型"": ""其他"", ""變異點編號"": ""H0511501019""}, ""latitude"": ""25.091445806555200"", ""longitude"": ""121.278408363257000"", ""marker_icon"": ""chg.png"", ""query_city"": ""桃園市"", ""query_year"": ""115"", ""raw_desc_html"": ""變異點編號：H0511501019<br/>權責單位：桃園市<br/>查證結果：非違規<br/>變異類型：其他""}",chg.png,cb16ed2f44a8823288b60e110543d3821eb5ec9e5f5844b0c7f7e9673639d27e
115,桃園市,H0511505049,桃園市,非違規,作物變化,121.278741632425000,25.085262687782400,false,https://landchg.nlma.gov.tw/Module/RWD/Web/pub_exhibit.aspx,2026-05-12T08:47:08+08:00,"{""fields"": {""查證結果"": ""非違規"", ""權責單位"": ""桃園市"", ""變異類型"": ""作物變化"", ""變異點編號"": ""H0511505049""}, ""latitude"": ""25.085262687782400"", ""longitude"": ""121.278741632425000"", ""marker_icon"": ""chg.png"", ""query_city"": ""桃園市"", ""query_year"": ""115"", ""raw_desc_html"": ""變異點編號：H0511505049<br/>權責單位：桃園市<br/>查證結果：非違規<br/>變異類型：作物變化""}",chg.png,0e86790d8e2db07a89787aeb8baf67590c34b8d4ffa11b256fb80b987e9eb2c7
115,桃園市,H0211503100,桃園市,非違規,新增建物,121.278945501188000,24.882981980451500,false,https://landchg.nlma.gov.tw/Module/RWD/Web/pub_exhibit.aspx,2026-05-12T08:47:08+08:00,"{""fields"": {""查證結果"": ""非違規"", ""權責單位"": ""桃園市"", ""變異類型"": ""新增建物"", ""變異點編號"": ""H0211503100""}, ""latitude"": ""24.882981980451500"", ""longitude"": ""121.278945501188000"", ""marker_icon"": ""chg.png"", ""query_city"": ""桃園市"", ""query_year"": ""115"", ""raw_desc_html"": ""變異點編號：H0211503100<br/>權責單位：桃園市<br/>查證結果：非違規<br/>變異類型：新增建物""}",chg.png,e2899d78ec9ca90ab74ff15405f287c39162e6fd056aa973e99845432c338098
115,桃園市,21011503003,第十河川分署,非違規,其他,121.278981712046000,24.870424807385600,false,https://landchg.nlma.gov.tw/Module/RWD/Web/pub_exhibit.aspx,2026-05-12T08:47:08+08:00,"{""fields"": {""查證結果"": ""非違規"", ""權責單位"": ""第十河川分署"", ""變異類型"": ""其他"", ""變異點編號"": ""21011503003""}, ""latitude"": ""24.870424807385600"", ""longitude"": ""121.278981712046000"", ""marker_icon"": ""chg.png"", ""query_city"": ""桃園市"", ""query_year"": ""115"", ""raw_desc_html"": ""變異點編號：21011503003<br/>權責單位：第十河川分署<br/>查證結果：非違規<br/>變異類型：其他""}",chg.png,5104f04b6516abd81de96b6df88a112a7a96731de0a5e91338cc4bf672402f54
115,桃園市,AH0511503001,桃園市,非違規,非農業核准開發案件,121.279325245291000,25.116059134360400,false,https://landchg.nlma.gov.tw/Module/RWD/Web/pub_exhibit.aspx,2026-05-12T08:47:08+08:00,"{""fields"": {""查證結果"": ""非違規"", ""權責單位"": ""桃園市"", ""變異類型"": ""非農業核准開發案件"", ""變異點編號"": ""AH0511503001""}, ""latitude"": ""25.116059134360400"", ""longitude"": ""121.279325245291000"", ""marker_icon"": ""chg.png"", ""query_city"": ""桃園市"", ""query_year"": ""115"", ""raw_desc_html"": ""變異點編號：AH0511503001<br/>權責單位：桃園市<br/>查證結果：非違規<br/>變異類型：非農業核准開發案件""}",chg.png,28d4caaa53f9a88859e78ee8a006685b97f1bba0ad76ed04d773126c4a535ec6
115,桃園市,H02115013002,桃園市,違規,其他,121.279375186198000,24.861426604706800,true,https://landchg.nlma.gov.tw/Module/RWD/Web/pub_exhibit.aspx,2026-05-12T08:47:08+08:00,"{""fields"": {""查證結果"": ""違規"", ""權責單位"": ""桃園市"", ""變異類型"": ""其他"", ""變異點編號"": ""H02115013002""}, ""latitude"": ""24.861426604706800"", ""longitude"": ""121.279375186198000"", ""marker_icon"": ""chg_red.png"", ""query_city"": ""桃園市"", ""query_year"": ""115"", ""raw_desc_html"": ""變異點編號：H02115013002<br/>權責單位：桃園市<br/>查證結果：違規<br/>變異類型：其他""}",chg_red.png,e60da751b2cab2fc0d48c2041784aa9f6aaa6dee26639d51b9f1ee96fe9d69f4
115,桃園市,AH0511501001,桃園市,違規,其他開挖整地,121.279831248035000,25.099000724209700,true,https://landchg.nlma.gov.tw/Module/RWD/Web/pub_exhibit.aspx,2026-05-12T08:47:08+08:00,"{""fields"": {""查證結果"": ""違規"", ""權責單位"": ""桃園市"", ""變異類型"": ""其他開挖整地"", ""變異點編號"": ""AH0511501001""}, ""latitude"": ""25.099000724209700"", ""longitude"": ""121.279831248035000"", ""marker_icon"": ""chg_red.png"", ""query_city"": ""桃園市"", ""query_year"": ""115"", ""raw_desc_html"": ""變異點編號：AH0511501001<br/>權責單位：桃園市<br/>查證結果：違規<br/>變異類型：其他開挖整地""}",chg_red.png,017524c204e98b3f7f2c2a6428e84474344ae40ffd877fbae66192096793bbc4
115,桃園市,AH0511501002,桃園市,非違規,其他,121.280800047441000,25.112522872083500,false,https://landchg.nlma.gov.tw/Module/RWD/Web/pub_exhibit.aspx,2026-05-12T08:47:08+08:00,"{""fields"": {""查證結果"": ""非違規"", ""權責單位"": ""桃園市"", ""變異類型"": ""其他"", ""變異點編號"": ""AH0511501002""}, ""latitude"": ""25.112522872083500"", ""longitude"": ""121.280800047441000"", ""marker_icon"": ""chg.png"", ""query_city"": ""桃園市"", ""query_year"": ""115"", ""raw_desc_html"": ""變異點編號：AH0511501002<br/>權責單位：桃園市<br/>查證結果：非違規<br/>變異類型：其他""}",chg.png,de070101dcf84febde878219d0fa9f26ee36a9929355a585b6aa5670876891dd
115,桃園市,21011503002,第十河川分署,非違規,其他,121.281173320087000,24.888814193675500,false,https://landchg.nlma.gov.tw/Module/RWD/Web/pub_exhibit.aspx,2026-05-12T08:47:08+08:00,"{""fields"": {""查證結果"": ""非違規"", ""權責單位"": ""第十河川分署"", ""變異類型"": ""其他"", ""變異點編號"": ""21011503002""}, ""latitude"": ""24.888814193675500"", ""longitude"": ""121.281173320087000"", ""marker_icon"": ""chg.png"", ""query_city"": ""桃園市"", ""query_year"": ""115"", ""raw_desc_html"": ""變異點編號：21011503002<br/>權責單位：第十河川分署<br/>查證結果：非違規<br/>變異類型：其他""}",chg.png,b1c60d3d42ab6de569236444ed65288583388bb3e01e1336f8cba54af2c33981
115,桃園市,AH0511504001,桃園市,非違規,非農業核准開發案件,121.281222957784000,25.116100733735600,false,https://landchg.nlma.gov.tw/Module/RWD/Web/pub_exhibit.aspx,2026-05-12T08:47:08+08:00,"{""fields"": {""查證結果"": ""非違規"", ""權責單位"": ""桃園市"", ""變異類型"": ""非農業核准開發案件"", ""變異點編號"": ""AH0511504001""}, ""latitude"": ""25.116100733735600"", ""longitude"": ""121.281222957784000"", ""marker_icon"": ""chg.png"", ""query_city"": ""桃園市"", ""query_year"": ""115"", ""raw_desc_html"": ""變異點編號：AH0511504001<br/>權責單位：桃園市<br/>查證結果：非違規<br/>變異類型：非農業核准開發案件""}",chg.png,c4fd7a18325bb85da104ae930537145f001a21589ca436d4d0593f69234df793
115,桃園市,H02115013004,桃園市,違規,其他,121.281373869280000,24.867058793623700,true,https://landchg.nlma.gov.tw/Module/RWD/Web/pub_exhibit.aspx,2026-05-12T08:47:08+08:00,"{""fields"": {""查證結果"": ""違規"", ""權責單位"": ""桃園市"", ""變異類型"": ""其他"", ""變異點編號"": ""H02115013004""}, ""latitude"": ""24.867058793623700"", ""longitude"": ""121.281373869280000"", ""marker_icon"": ""chg_red.png"", ""query_city"": ""桃園市"", ""query_year"": ""115"", ""raw_desc_html"": ""變異點編號：H02115013004<br/>權責單位：桃園市<br/>查證結果：違規<br/>變異類型：其他""}",chg_red.png,74ce6386f4b7b018c918163199da7a151d6aa93eff0035c7b44de7d4fbdc69c5
115,桃園市,H0211503098,桃園市,非違規,道路變化,121.281452694758000,24.891225535381300,false,https://landchg.nlma.gov.tw/Module/RWD/Web/pub_exhibit.aspx,2026-05-12T08:47:08+08:00,"{""fields"": {""查證結果"": ""非違規"", ""權責單位"": ""桃園市"", ""變異類型"": ""道路變化"", ""變異點編號"": ""H0211503098""}, ""latitude"": ""24.891225535381300"", ""longitude"": ""121.281452694758000"", ""marker_icon"": ""chg.png"", ""query_city"": ""桃園市"", ""query_year"": ""115"", ""raw_desc_html"": ""變異點編號：H0211503098<br/>權責單位：桃園市<br/>查證結果：非違規<br/>變異類型：道路變化""}",chg.png,132301c5bc3520020a3a0983f021943ff0dcda862a1ecda17d948a79b6f3d086
115,桃園市,H0111501116,桃園市,非違規,其他,121.281738815256000,25.030227937365300,false,https://landchg.nlma.gov.tw/Module/RWD/Web/pub_exhibit.aspx,2026-05-12T08:47:08+08:00,"{""fields"": {""查證結果"": ""非違規"", ""權責單位"": ""桃園市"", ""變異類型"": ""其他"", ""變異點編號"": ""H0111501116""}, ""latitude"": ""25.030227937365300"", ""longitude"": ""121.281738815256000"", ""marker_icon"": ""chg.png"", ""query_city"": ""桃園市"", ""query_year"": ""115"", ""raw_desc_html"": ""變異點編號：H0111501116<br/>權責單位：桃園市<br/>查證結果：非違規<br/>變異類型：其他""}",chg.png,1f79022bd029a8b0e433f5b1e664e9396717b282a6b7212e11abc5e8b35e84bb
115,桃園市,AH0211503044,桃園市,非違規,一般農業使用(含農地水土保持、農業設施、民眾闢設道路等開發案件),121.281894810775000,24.840296564807100,false,https://landchg.nlma.gov.tw/Module/RWD/Web/pub_exhibit.aspx,2026-05-12T08:47:08+08:00,"{""fields"": {""查證結果"": ""非違規"", ""權責單位"": ""桃園市"", ""變異類型"": ""一般農業使用(含農地水土保持、農業設施、民眾闢設道路等開發案件)"", ""變異點編號"": ""AH0211503044""}, ""latitude"": ""24.840296564807100"", ""longitude"": ""121.281894810775000"", ""marker_icon"": ""chg.png"", ""query_city"": ""桃園市"", ""query_year"": ""115"", ""raw_desc_html"": ""變異點編號：AH0211503044<br/>權責單位：桃園市<br/>查證結果：非違規<br/>變異類型：一般農業使用(含農地水土保持、農業設施、民眾闢設道路等開發案件)""}",chg.png,f401c37f75e0737244d74934cc48dbd4d3fc849c6cadf20cdbeb9073fb60d416
115,桃園市,H0511501022,桃園市,違規,其他,121.281977279509000,25.084003972614000,true,https://landchg.nlma.gov.tw/Module/RWD/Web/pub_exhibit.aspx,2026-05-12T08:47:08+08:00,"{""fields"": {""查證結果"": ""違規"", ""權責單位"": ""桃園市"", ""變異類型"": ""其他"", ""變異點編號"": ""H0511501022""}, ""latitude"": ""25.084003972614000"", ""longitude"": ""121.281977279509000"", ""marker_icon"": ""chg_red.png"", ""query_city"": ""桃園市"", ""query_year"": ""115"", ""raw_desc_html"": ""變異點編號：H0511501022<br/>權責單位：桃園市<br/>查證結果：違規<br/>變異類型：其他""}",chg_red.png,178efb76941cf87435aa99e22d86a80859a818a9df07e8c3012b2a9c2b0b31bc
115,桃園市,AH0511501003,桃園市,非違規,一般農業使用(含農地水土保持、農業設施、民眾闢設道路等開發案件),121.282444523684000,25.110532385117400,false,https://landchg.nlma.gov.tw/Module/RWD/Web/pub_exhibit.aspx,2026-05-12T08:47:08+08:00,"{""fields"": {""查證結果"": ""非違規"", ""權責單位"": ""桃園市"", ""變異類型"": ""一般農業使用(含農地水土保持、農業設施、民眾闢設道路等開發案件)"", ""變異點編號"": ""AH0511501003""}, ""latitude"": ""25.110532385117400"", ""longitude"": ""121.282444523684000"", ""marker_icon"": ""chg.png"", ""query_city"": ""桃園市"", ""query_year"": ""115"", ""raw_desc_html"": ""變異點編號：AH0511501003<br/>權責單位：桃園市<br/>查證結果：非違規<br/>變異類型：一般農業使用(含農地水土保持、農業設施、民眾闢設道路等開發案件)""}",chg.png,949bc95a6e317ce2dc2cb861128d564d97f136bbcfbb96da9f597859e8509f99
115,桃園市,H02115013001,桃園市,非違規,其他,121.282467014396000,24.862447645331000,false,https://landchg.nlma.gov.tw/Module/RWD/Web/pub_exhibit.aspx,2026-05-12T08:47:08+08:00,"{""fields"": {""查證結果"": ""非違規"", ""權責單位"": ""桃園市"", ""變異類型"": ""其他"", ""變異點編號"": ""H02115013001""}, ""latitude"": ""24.862447645331000"", ""longitude"": ""121.282467014396000"", ""marker_icon"": ""chg.png"", ""query_city"": ""桃園市"", ""query_year"": ""115"", ""raw_desc_html"": ""變異點編號：H02115013001<br/>權責單位：桃園市<br/>查證結果：非違規<br/>變異類型：其他""}",chg.png,beb19abae7a986b8f0d52e3aaff632563b52c57fd24a303e457b64e3ec19942b
115,桃園市,H0511501023,桃園市,違規,其他,121.283842037156000,25.083541749049000,true,https://landchg.nlma.gov.tw/Module/RWD/Web/pub_exhibit.aspx,2026-05-12T08:47:08+08:00,"{""fields"": {""查證結果"": ""違規"", ""權責單位"": ""桃園市"", ""變異類型"": ""其他"", ""變異點編號"": ""H0511501023""}, ""latitude"": ""25.083541749049000"", ""longitude"": ""121.283842037156000"", ""marker_icon"": ""chg_red.png"", ""query_city"": ""桃園市"", ""query_year"": ""115"", ""raw_desc_html"": ""變異點編號：H0511501023<br/>權責單位：桃園市<br/>查證結果：違規<br/>變異類型：其他""}",chg_red.png,08d5ff33a88912266c2b91fc7f2a6e07948f1432d4c611828261e274daa86c72
115,桃園市,H0111501027,桃園市,非違規,其他,121.286859585865000,25.024273279565300,false,https://landchg.nlma.gov.tw/Module/RWD/Web/pub_exhibit.aspx,2026-05-12T08:47:08+08:00,"{""fields"": {""查證結果"": ""非違規"", ""權責單位"": ""桃園市"", ""變異類型"": ""其他"", ""變異點編號"": ""H0111501027""}, ""latitude"": ""25.024273279565300"", ""longitude"": ""121.286859585865000"", ""marker_icon"": ""chg.png"", ""query_city"": ""桃園市"", ""query_year"": ""115"", ""raw_desc_html"": ""變異點編號：H0111501027<br/>權責單位：桃園市<br/>查證結果：非違規<br/>變異類型：其他""}",chg.png,04835d03f80926b10ab6e157edc8907c7c655cd251747b1b9f60b0ee3b041c8e
115,桃園市,H0111501028,桃園市,非違規,其他,121.287276656251000,25.024579328130900,false,https://landchg.nlma.gov.tw/Module/RWD/Web/pub_exhibit.aspx,2026-05-12T08:47:08+08:00,"{""fields"": {""查證結果"": ""非違規"", ""權責單位"": ""桃園市"", ""變異類型"": ""其他"", ""變異點編號"": ""H0111501028""}, ""latitude"": ""25.024579328130900"", ""longitude"": ""121.287276656251000"", ""marker_icon"": ""chg.png"", ""query_city"": ""桃園市"", ""query_year"": ""115"", ""raw_desc_html"": ""變異點編號：H0111501028<br/>權責單位：桃園市<br/>查證結果：非違規<br/>變異類型：其他""}",chg.png,956d3258de27a156a9d3c240e342431a6aca60164c066bd40aab59e90cf65151
115,桃園市,AH0211502014,桃園市,非違規,一般農業使用(含農地水土保持、農業設施、民眾闢設道路等開發案件),121.287626991211000,24.856976292957600,false,https://landchg.nlma.gov.tw/Module/RWD/Web/pub_exhibit.aspx,2026-05-12T08:47:08+08:00,"{""fields"": {""查證結果"": ""非違規"", ""權責單位"": ""桃園市"", ""變異類型"": ""一般農業使用(含農地水土保持、農業設施、民眾闢設道路等開發案件)"", ""變異點編號"": ""AH0211502014""}, ""latitude"": ""24.856976292957600"", ""longitude"": ""121.287626991211000"", ""marker_icon"": ""chg.png"", ""query_city"": ""桃園市"", ""query_year"": ""115"", ""raw_desc_html"": ""變異點編號：AH0211502014<br/>權責單位：桃園市<br/>查證結果：非違規<br/>變異類型：一般農業使用(含農地水土保持、農業設施、民眾闢設道路等開發案件)""}",chg.png,78703d297dc4f08864319ff11a7b2a151f573bd43b36b003c85bb059d3dc4f2a
115,桃園市,AH0211504015,桃園市,非違規,一般農業使用(含農地水土保持、農業設施、民眾闢設道路等開發案件),121.288020035163000,24.848127324576700,false,https://landchg.nlma.gov.tw/Module/RWD/Web/pub_exhibit.aspx,2026-05-12T08:47:08+08:00,"{""fields"": {""查證結果"": ""非違規"", ""權責單位"": ""桃園市"", ""變異類型"": ""一般農業使用(含農地水土保持、農業設施、民眾闢設道路等開發案件)"", ""變異點編號"": ""AH0211504015""}, ""latitude"": ""24.848127324576700"", ""longitude"": ""121.288020035163000"", ""marker_icon"": ""chg.png"", ""query_city"": ""桃園市"", ""query_year"": ""115"", ""raw_desc_html"": ""變異點編號：AH0211504015<br/>權責單位：桃園市<br/>查證結果：非違規<br/>變異類型：一般農業使用(含農地水土保持、農業設施、民眾闢設道路等開發案件)""}",chg.png,8476f9b90d9ab5f9b932985f97bb72eacbbf6d135801acc0c0de3113f844f0b5
